CREATE DATABASE  IF NOT EXISTS `NLCN` /*!40100 DEFAULT CHARACTER SET utf8mb4 COLLATE utf8mb4_0900_ai_ci */ /*!80016 DEFAULT ENCRYPTION='N' */;
USE `NLCN`;
-- MySQL dump 10.13  Distrib 8.0.38, for Win64 (x86_64)
--
-- Host: 127.0.0.1    Database: NLCN
-- ------------------------------------------------------
-- Server version	9.0.1

/*!40101 SET @OLD_CHARACTER_SET_CLIENT=@@CHARACTER_SET_CLIENT */;
/*!40101 SET @OLD_CHARACTER_SET_RESULTS=@@CHARACTER_SET_RESULTS */;
/*!40101 SET @OLD_COLLATION_CONNECTION=@@COLLATION_CONNECTION */;
/*!50503 SET NAMES utf8 */;
/*!40103 SET @OLD_TIME_ZONE=@@TIME_ZONE */;
/*!40103 SET TIME_ZONE='+00:00' */;
/*!40014 SET @OLD_UNIQUE_CHECKS=@@UNIQUE_CHECKS, UNIQUE_CHECKS=0 */;
/*!40014 SET @OLD_FOREIGN_KEY_CHECKS=@@FOREIGN_KEY_CHECKS, FOREIGN_KEY_CHECKS=0 */;
/*!40101 SET @OLD_SQL_MODE=@@SQL_MODE, SQL_MODE='NO_AUTO_VALUE_ON_ZERO' */;
/*!40111 SET @OLD_SQL_NOTES=@@SQL_NOTES, SQL_NOTES=0 */;

--
-- Table structure for table `addresses`
--

DROP TABLE IF EXISTS `addresses`;
/*!40101 SET @saved_cs_client     = @@character_set_client */;
/*!50503 SET character_set_client = utf8mb4 */;
CREATE TABLE `addresses` (
  `id` int NOT NULL AUTO_INCREMENT,
  `user_id` int NOT NULL,
  `address_line1` varchar(255) NOT NULL,
  `address_line2` varchar(255) DEFAULT NULL,
  `city` varchar(100) NOT NULL,
  `state` varchar(100) DEFAULT NULL,
  `postal_code` varchar(20) NOT NULL,
  `country` varchar(100) NOT NULL,
  `is_default` tinyint(1) DEFAULT '0',
  `recipient_name` varchar(100) DEFAULT NULL,
  `recipient_phone` varchar(15) DEFAULT NULL,
  PRIMARY KEY (`id`),
  KEY `user_id` (`user_id`),
  CONSTRAINT `addresses_ibfk_1` FOREIGN KEY (`user_id`) REFERENCES `users` (`id`)
) ENGINE=InnoDB AUTO_INCREMENT=30 DEFAULT CHARSET=utf8mb4 COLLATE=utf8mb4_0900_ai_ci;
/*!40101 SET character_set_client = @saved_cs_client */;

--
-- Dumping data for table `addresses`
--

LOCK TABLES `addresses` WRITE;
/*!40000 ALTER TABLE `addresses` DISABLE KEYS */;
INSERT INTO `addresses` VALUES (3,30,'123 Nguyễn Văn A','Phường 1','Hồ Chí Minh','Quận 1','700000','Việt Nam',0,NULL,NULL),(4,30,'456 Lê Lợi','Phường 2','Hồ Chí Minh','Quận 5','700000','Việt Nam',0,NULL,NULL),(9,30,'Can Tho, VN','95 Mậu thân','Xã Cô Ba, Huyện Bảo Lạc, Tỉnh Cao Bằng',NULL,'900000','Việt Nam',0,NULL,NULL),(12,28,'AHABA','A','Tỉnh Cao Bằng','Huyện Bảo Lâm','A','VN',1,'Nguyễn Văn Thuần','0904521297'),(13,32,'Không có','95','Tỉnh Hà Giang','Huyện Đồng Văn','96000','VN',0,'Nguyễn Văn Thuần','0904521292'),(14,28,'as','s','Tỉnh Cao Bằng','Huyện Trùng Khánh','a','VN',0,'a','0904521297'),(15,33,'Mậu Thân Xuân Khánh','Ninh Kiều','Thành phố Cần Thơ','Quận Ninh Kiều','02923','VN',1,'Nguyễn Văn Thuần','0706871283'),(16,31,'Huyện Mỹ Tú','fr','Tỉnh Quảng Ninh','Thị xã Quảng Yên','0','VN',1,'Nguyễn Văn Thuần','0706871283'),(17,27,'95/29','K CO','92','916','900000','Vietnam',0,'Nguyễn Văn Thuânf','0706871281'),(19,27,'95/29 Mậu Thân, 8857, 246, 26','k có','26','246','000000','Vietnam',0,'Lê Phạm Vân Aanh','0706871281'),(21,30,'Can Tho, VN, 4543, 132, 15','95 Mậu thân','15','132','000000','Vietnam',0,'Nguyễn Văn Thuần','0706871283'),(22,27,'95/29 Mậu Thân, 7180, 206, 22','K CO','22','206','000000','Vietnam',1,'Sai dep ziu','0706871281'),(24,34,'12, Xã Vạn Linh, Huyện Chi Lăng, Tỉnh Lạng Sơn','22','Tỉnh Lạng Sơn','Huyện Chi Lăng','000000','Vietnam',0,'Nguyễn Văn C','0904521297'),(25,35,'Âps PH1, Xã Hưng Phú, Huyện Mỹ Tú, Tỉnh Sóc Trăng','K CÓ','Tỉnh Sóc Trăng','Huyện Mỹ Tú','000000','Vietnam',0,'Nguyễn Chí Tường','0904521297'),(26,30,'Can Tho, VN, Xã Vĩnh Quang, Thành phố Cao Bằng, Tỉnh Cao Bằng','95 Mậu thân','Tỉnh Cao Bằng','Thành phố Cao Bằng','000000','Vietnam',1,'Dung','0706871283'),(27,33,'Mậu Thân Xuân Khánh, Xã Sín Thầu, Huyện Mường Nhé, Tỉnh Điện Biên','Ninh Kiều','Tỉnh Điện Biên','Huyện Mường Nhé','000000','Vietnam',0,'Nguyễn Văn Thuần B','0706871283'),(28,59,'â, Phường Nguyễn Thị Minh Khai, Thành Phố Bắc Kạn, Tỉnh Bắc Kạn','s','Tỉnh Bắc Kạn','Thành Phố Bắc Kạn','000000','Vietnam',0,'Nguyễn Văn Học Bổng','0706871283'),(29,60,'Can Tho, VN, Thị trấn Cô Tô, Huyện Cô Tô, Tỉnh Quảng Ninh','Q3','Tỉnh Quảng Ninh','Huyện Cô Tô','000000','Vietnam',0,'Nguyễn Văn Thuần','0706871283');
/*!40000 ALTER TABLE `addresses` ENABLE KEYS */;
UNLOCK TABLES;

--
-- Table structure for table `brands`
--

DROP TABLE IF EXISTS `brands`;
/*!40101 SET @saved_cs_client     = @@character_set_client */;
/*!50503 SET character_set_client = utf8mb4 */;
CREATE TABLE `brands` (
  `id` int NOT NULL AUTO_INCREMENT,
  `name` varchar(100) NOT NULL,
  `description` text,
  `logo_url` varchar(255) DEFAULT NULL,
  `created_at` timestamp NULL DEFAULT CURRENT_TIMESTAMP,
  `updated_at` timestamp NULL DEFAULT CURRENT_TIMESTAMP ON UPDATE CURRENT_TIMESTAMP,
  PRIMARY KEY (`id`),
  UNIQUE KEY `name` (`name`),
  UNIQUE KEY `unique_brand_name` (`name`)
) ENGINE=InnoDB AUTO_INCREMENT=285 DEFAULT CHARSET=utf8mb4 COLLATE=utf8mb4_0900_ai_ci;
/*!40101 SET character_set_client = @saved_cs_client */;

--
-- Dumping data for table `brands`
--

LOCK TABLES `brands` WRITE;
/*!40000 ALTER TABLE `brands` DISABLE KEYS */;
INSERT INTO `brands` VALUES (211,'Apple','Công ty công nghệ đa quốc gia của Mỹ chuyên sản xuất điện thoại iPhone, máy tính Mac và các thiết bị điện tử cao cấp',NULL,'2024-11-19 17:08:53','2024-11-19 17:08:53'),(212,'Samsung','Tập đoàn điện tử đa quốc gia của Hàn Quốc, dẫn đầu trong lĩnh vực smartphone và thiết bị điện tử',NULL,'2024-11-19 17:08:53','2024-11-19 17:08:53'),(213,'Xiaomi','Công ty công nghệ Trung Quốc nổi tiếng với các sản phẩm chất lượng giá tốt',NULL,'2024-11-19 17:08:53','2024-11-19 17:08:53'),(214,'OPPO','Thương hiệu smartphone Trung Quốc với thế mạnh về camera và thiết kế',NULL,'2024-11-19 17:08:53','2024-11-19 17:08:53'),(215,'Vivo','Nhà sản xuất điện thoại thông minh Trung Quốc với công nghệ camera tiên tiến',NULL,'2024-11-19 17:08:53','2024-11-19 17:08:53'),(216,'Realme','Thương hiệu con của OPPO, tập trung vào phân khúc giá rẻ và tầm trung',NULL,'2024-11-19 17:08:53','2024-11-19 17:08:53'),(217,'Dell','Tập đoàn công nghệ Mỹ chuyên sản xuất máy tính và laptop',NULL,'2024-11-19 17:08:53','2024-11-19 17:08:53'),(218,'HP','Hewlett-Packard, nhà sản xuất máy tính và thiết bị văn phòng hàng đầu thế giới',NULL,'2024-11-19 17:08:53','2024-11-19 17:08:53'),(219,'Lenovo','Công ty công nghệ đa quốc gia của Trung Quốc, nổi tiếng với dòng laptop ThinkPad',NULL,'2024-11-19 17:08:53','2024-11-19 17:08:53'),(220,'Asus','Công ty công nghệ Đài Loan chuyên sản xuất laptop gaming và linh kiện máy tính',NULL,'2024-11-19 17:08:53','2024-11-19 17:08:53'),(221,'Acer','Nhà sản xuất máy tính Đài Loan với đa dạng sản phẩm từ phổ thông đến cao cấp',NULL,'2024-11-19 17:08:53','2024-11-19 17:08:53'),(222,'MSI','Thương hiệu Đài Loan chuyên về gaming và workstation',NULL,'2024-11-19 17:08:53','2024-11-19 17:08:53'),(223,'Sony','Tập đoàn công nghệ Nhật Bản, nổi tiếng với các sản phẩm âm thanh và giải trí',NULL,'2024-11-19 17:08:53','2024-11-19 17:08:53'),(224,'JBL','Thương hiệu âm thanh Mỹ chuyên sản xuất loa và tai nghe chất lượng cao',NULL,'2024-11-19 17:08:53','2024-11-19 17:08:53'),(225,'Bose','Công ty âm thanh cao cấp của Mỹ với công nghệ khử ồn hàng đầu',NULL,'2024-11-19 17:08:53','2024-11-19 17:08:53'),(226,'Canon','Tập đoàn Nhật Bản chuyên về máy ảnh và thiết bị quang học',NULL,'2024-11-19 17:08:53','2024-11-19 17:08:53'),(227,'Nikon','Công ty Nhật Bản nổi tiếng với máy ảnh chuyên nghiệp',NULL,'2024-11-19 17:08:53','2024-11-19 17:08:53'),(228,'LG','Tập đoàn điện tử Hàn Quốc với đa dạng sản phẩm công nghệ',NULL,'2024-11-19 17:08:53','2024-11-19 17:08:53'),(229,'Huawei','Tập đoàn công nghệ Trung Quốc chuyên về thiết bị mạng và điện thoại',NULL,'2024-11-19 17:08:53','2024-11-19 17:08:53'),(230,'Microsoft','Công ty công nghệ Mỹ nổi tiếng với Windows và Xbox',NULL,'2024-11-19 17:08:53','2024-11-19 17:08:53'),(251,'OnePlus','Công ty công nghệ Trung Quốc chuyên sản xuất smartphone cao cấp',NULL,'2024-11-26 16:40:01','2024-11-26 16:40:01'),(252,'Motorola','Công ty công nghệ Mỹ tiên phong trong lĩnh vực điện thoại di động',NULL,'2024-11-26 16:40:01','2024-11-26 16:40:01'),(253,'TCL','Tập đoàn điện tử Trung Quốc chuyên về TV và thiết bị điện tử',NULL,'2024-11-26 16:40:01','2024-11-26 16:40:01'),(254,'Philips','Tập đoàn công nghệ Hà Lan với các sản phẩm điện tử và chăm sóc sức khỏe',NULL,'2024-11-26 16:40:01','2024-11-26 16:40:01'),(255,'Sharp','Tập đoàn điện tử Nhật Bản chuyên về thiết bị gia dụng và điện tử',NULL,'2024-11-26 16:40:01','2024-11-26 16:40:01'),(256,'Toshiba','Tập đoàn công nghệ Nhật Bản sản xuất các thiết bị điện tử và máy tính',NULL,'2024-11-26 16:40:01','2024-11-26 16:40:01'),(257,'HTC','Công ty công nghệ Đài Loan chuyên sản xuất thiết bị di động',NULL,'2024-11-26 16:40:01','2024-11-26 16:40:01'),(258,'BlackBerry','Công ty công nghệ Canada từng nổi tiếng với điện thoại bảo mật',NULL,'2024-11-26 16:40:01','2024-11-26 16:40:01'),(259,'Nokia','Công ty công nghệ Phần Lan với lịch sử lâu đời trong ngành viễn thông',NULL,'2024-11-26 16:40:01','2024-11-26 16:40:01'),(260,'Panasonic','Tập đoàn điện tử Nhật Bản với đa dạng sản phẩm công nghệ',NULL,'2024-11-26 16:40:01','2024-11-26 16:40:01'),(261,'ViewSonic','Công ty công nghệ Mỹ chuyên về màn hình và thiết bị hiển thị',NULL,'2024-11-26 16:40:01','2024-11-26 16:40:01'),(262,'BenQ','Công ty công nghệ Đài Loan chuyên về màn hình và thiết bị điện tử',NULL,'2024-11-26 16:40:01','2024-11-26 16:40:01'),(263,'Corsair','Công ty Mỹ chuyên sản xuất thiết bị gaming và phụ kiện máy tính',NULL,'2024-11-26 16:40:01','2024-11-26 16:40:01'),(264,'Razer','Công ty công nghệ Singapore chuyên về gaming gear cao cấp',NULL,'2024-11-26 16:40:01','2024-11-26 16:40:01'),(265,'Logitech','Công ty công nghệ Thụy Sĩ sản xuất phụ kiện máy tính và gaming',NULL,'2024-11-26 16:40:01','2024-11-26 16:40:01'),(266,'Kingston','Công ty công nghệ Mỹ chuyên về thiết bị lưu trữ và bộ nhớ',NULL,'2024-11-26 16:40:01','2024-11-26 16:40:01'),(267,'Western Digital','Công ty công nghệ Mỹ hàng đầu về ổ cứng và lưu trữ dữ liệu',NULL,'2024-11-26 16:40:01','2024-11-26 16:40:01'),(268,'Seagate','Công ty công nghệ Mỹ chuyên về giải pháp lưu trữ dữ liệu',NULL,'2024-11-26 16:40:01','2024-11-26 16:40:01'),(269,'Intel','Tập đoàn công nghệ Mỹ hàng đầu thế giới về sản xuất chip vi xử lý',NULL,'2024-11-26 16:40:01','2024-11-26 16:40:01'),(270,'Cisco','Tập đoàn công nghệ Mỹ hàng đầu thế giới về thiết bị mạng và bảo mật doanh nghiệp',NULL,'2024-11-26 16:59:10','2024-11-26 16:59:10'),(271,'TP-Link','Công ty Trung Quốc chuyên sản xuất thiết bị mạng giá rẻ cho người dùng và doanh nghiệp',NULL,'2024-11-26 16:59:10','2024-11-26 16:59:10'),(272,'NETGEAR','Công ty Mỹ chuyên về thiết bị mạng không dây và giải pháp mạng thông minh',NULL,'2024-11-26 16:59:10','2024-11-26 16:59:10'),(273,'D-Link','Tập đoàn Đài Loan cung cấp giải pháp mạng toàn diện cho gia đình và doanh nghiệp',NULL,'2024-11-26 16:59:10','2024-11-26 16:59:10'),(274,'Ubiquiti','Công ty Mỹ nổi tiếng với thiết bị mạng chuyên nghiệp và giải pháp UniFi',NULL,'2024-11-26 16:59:10','2024-11-26 16:59:10'),(275,'MikroTik','Công ty Latvia chuyên sản xuất thiết bị mạng chuyên nghiệp với giá thành hợp lý',NULL,'2024-11-26 16:59:10','2024-11-26 16:59:10'),(276,'ASUS Networking','Bộ phận thiết bị mạng của ASUS, nổi tiếng với router gaming và mesh wifi',NULL,'2024-11-26 16:59:10','2024-11-26 16:59:10'),(277,'Aruba Networks','Công ty con của HP Enterprise, chuyên về giải pháp mạng doanh nghiệp',NULL,'2024-11-26 16:59:10','2024-11-26 16:59:10'),(278,'Juniper Networks','Tập đoàn Mỹ chuyên cung cấp thiết bị mạng cao cấp và bảo mật',NULL,'2024-11-26 16:59:10','2024-11-26 16:59:10'),(279,'Fortinet','Công ty Mỹ chuyên về bảo mật mạng và thiết bị tường lửa (firewall)',NULL,'2024-11-26 16:59:10','2024-11-26 16:59:10'),(280,'PLANET Technology','Công ty Đài Loan chuyên sản xuất switch công nghiệp và thiết bị mạng',NULL,'2024-11-26 16:59:10','2024-11-26 16:59:10'),(281,'EnGenius','Thương hiệu Đài Loan chuyên về giải pháp wifi outdoor và trong nhà',NULL,'2024-11-26 16:59:10','2024-11-26 16:59:10'),(282,'Grandstream','Công ty Mỹ chuyên về thiết bị VoIP và giải pháp truyền thông doanh nghiệp',NULL,'2024-11-26 16:59:10','2024-11-26 16:59:10'),(283,'Cambium Networks','Công ty Mỹ chuyên về giải pháp mạng không dây cho doanh nghiệp',NULL,'2024-11-26 16:59:10','2024-11-26 16:59:10'),(284,'Ruckus Networks','Thương hiệu của CommScope, chuyên về giải pháp wifi doanh nghiệp cao cấp',NULL,'2024-11-26 16:59:10','2024-11-26 16:59:10');
/*!40000 ALTER TABLE `brands` ENABLE KEYS */;
UNLOCK TABLES;

--
-- Table structure for table `cartitems`
--

DROP TABLE IF EXISTS `cartitems`;
/*!40101 SET @saved_cs_client     = @@character_set_client */;
/*!50503 SET character_set_client = utf8mb4 */;
CREATE TABLE `cartitems` (
  `id` int NOT NULL AUTO_INCREMENT,
  `cart_id` int DEFAULT NULL,
  `product_id` int unsigned DEFAULT NULL,
  `variant_id` int DEFAULT NULL,
  `quantity` int NOT NULL,
  `created_at` timestamp NULL DEFAULT CURRENT_TIMESTAMP,
  PRIMARY KEY (`id`),
  KEY `cart_id` (`cart_id`),
  KEY `product_id` (`product_id`),
  KEY `variant_id` (`variant_id`),
  CONSTRAINT `cartitems_ibfk_1` FOREIGN KEY (`cart_id`) REFERENCES `carts` (`id`),
  CONSTRAINT `cartitems_ibfk_2` FOREIGN KEY (`product_id`) REFERENCES `products` (`id`),
  CONSTRAINT `cartitems_ibfk_3` FOREIGN KEY (`variant_id`) REFERENCES `productvariants` (`id`)
) ENGINE=InnoDB AUTO_INCREMENT=258 DEFAULT CHARSET=utf8mb4 COLLATE=utf8mb4_0900_ai_ci;
/*!40101 SET character_set_client = @saved_cs_client */;

--
-- Dumping data for table `cartitems`
--

LOCK TABLES `cartitems` WRITE;
/*!40000 ALTER TABLE `cartitems` DISABLE KEYS */;
INSERT INTO `cartitems` VALUES (166,13,72,121,1,'2024-11-27 09:17:48'),(185,15,45,80,1,'2024-11-27 10:35:13'),(190,16,86,137,2,'2024-11-27 11:12:05'),(194,16,82,131,2,'2024-11-27 11:37:20'),(206,18,50,86,3,'2024-11-27 23:41:51'),(207,18,8,20,3,'2024-11-27 23:41:51'),(208,18,80,129,2,'2024-11-27 23:41:51'),(209,18,17,37,3,'2024-11-27 23:41:51'),(210,19,39,74,1,'2024-11-27 23:41:51'),(211,19,14,31,3,'2024-11-27 23:41:51'),(212,20,37,71,3,'2024-11-27 23:41:51'),(213,20,21,43,2,'2024-11-27 23:41:51'),(214,21,54,95,3,'2024-11-27 23:41:51'),(215,22,33,66,3,'2024-11-27 23:41:51'),(217,23,27,54,3,'2024-11-27 23:41:51'),(218,23,71,120,3,'2024-11-27 23:41:51'),(219,24,30,59,2,'2024-11-27 23:41:51'),(220,24,15,34,1,'2024-11-27 23:41:51'),(222,25,66,112,2,'2024-11-27 23:41:51'),(223,26,20,42,3,'2024-11-27 23:41:51'),(224,27,30,60,3,'2024-11-27 23:41:51'),(225,27,5,13,1,'2024-11-27 23:41:51'),(231,28,54,94,1,'2024-11-28 08:26:15'),(233,29,54,94,1,'2024-11-28 12:35:14'),(250,10,77,126,1,'2024-11-30 07:06:35'),(257,10,23,47,1,'2025-01-06 01:45:11');
/*!40000 ALTER TABLE `cartitems` ENABLE KEYS */;
UNLOCK TABLES;

--
-- Table structure for table `carts`
--

DROP TABLE IF EXISTS `carts`;
/*!40101 SET @saved_cs_client     = @@character_set_client */;
/*!50503 SET character_set_client = utf8mb4 */;
CREATE TABLE `carts` (
  `id` int NOT NULL AUTO_INCREMENT,
  `user_id` int DEFAULT NULL,
  `created_at` timestamp NULL DEFAULT CURRENT_TIMESTAMP,
  `updated_at` timestamp NULL DEFAULT CURRENT_TIMESTAMP ON UPDATE CURRENT_TIMESTAMP,
  PRIMARY KEY (`id`),
  KEY `user_id` (`user_id`),
  CONSTRAINT `carts_ibfk_1` FOREIGN KEY (`user_id`) REFERENCES `users` (`id`)
) ENGINE=InnoDB AUTO_INCREMENT=32 DEFAULT CHARSET=utf8mb4 COLLATE=utf8mb4_0900_ai_ci;
/*!40101 SET character_set_client = @saved_cs_client */;

--
-- Dumping data for table `carts`
--

LOCK TABLES `carts` WRITE;
/*!40000 ALTER TABLE `carts` DISABLE KEYS */;
INSERT INTO `carts` VALUES (10,30,'2024-11-26 11:19:07','2024-11-26 11:19:07'),(11,33,'2024-11-26 17:15:10','2024-11-26 17:15:10'),(12,31,'2024-11-27 06:40:38','2024-11-27 06:40:38'),(13,27,'2024-11-27 08:42:23','2024-11-27 08:42:23'),(14,34,'2024-11-27 09:40:58','2024-11-27 09:40:58'),(15,35,'2024-11-27 10:27:58','2024-11-27 10:27:58'),(16,36,'2024-11-27 11:12:02','2024-11-27 11:12:02'),(17,30,'2024-11-27 23:41:51','2024-11-27 23:41:51'),(18,31,'2024-11-27 23:41:51','2024-11-27 23:41:51'),(19,32,'2024-11-27 23:41:51','2024-11-27 23:41:51'),(20,36,'2024-11-27 23:41:51','2024-11-27 23:41:51'),(21,37,'2024-11-27 23:41:51','2024-11-27 23:41:51'),(22,39,'2024-11-27 23:41:51','2024-11-27 23:41:51'),(23,47,'2024-11-27 23:41:51','2024-11-27 23:41:51'),(24,48,'2024-11-27 23:41:51','2024-11-27 23:41:51'),(25,51,'2024-11-27 23:41:51','2024-11-27 23:41:51'),(26,52,'2024-11-27 23:41:51','2024-11-27 23:41:51'),(27,53,'2024-11-27 23:41:51','2024-11-27 23:41:51'),(28,57,'2024-11-28 08:26:15','2024-11-28 08:26:15'),(29,58,'2024-11-28 12:35:14','2024-11-28 12:35:14'),(30,59,'2024-11-29 23:10:42','2024-11-29 23:10:42'),(31,60,'2024-11-30 07:09:59','2024-11-30 07:09:59');
/*!40000 ALTER TABLE `carts` ENABLE KEYS */;
UNLOCK TABLES;

--
-- Table structure for table `categories`
--

DROP TABLE IF EXISTS `categories`;
/*!40101 SET @saved_cs_client     = @@character_set_client */;
/*!50503 SET character_set_client = utf8mb4 */;
CREATE TABLE `categories` (
  `id` int NOT NULL AUTO_INCREMENT,
  `name` varchar(255) NOT NULL,
  `description` text,
  PRIMARY KEY (`id`)
) ENGINE=InnoDB AUTO_INCREMENT=16 DEFAULT CHARSET=utf8mb4 COLLATE=utf8mb4_0900_ai_ci;
/*!40101 SET character_set_client = @saved_cs_client */;

--
-- Dumping data for table `categories`
--

LOCK TABLES `categories` WRITE;
/*!40000 ALTER TABLE `categories` DISABLE KEYS */;
INSERT INTO `categories` VALUES (1,'Điện thoại','Các loại điện thoại di động thông minh'),(2,'Máy tính bảng','Tablet và các phụ kiện đi kèm'),(3,'Đồng hồ thông minh','Smartwatch và vòng đeo tay thông minh'),(4,'Laptop văn phòng','Laptop cho công việc và học tập'),(5,'Laptop gaming','Laptop chuyên game và đồ họa'),(6,'PC & Linh kiện','Máy tính để bàn và linh kiện'),(7,'Tai nghe','Tai nghe có dây và không dây'),(8,'Loa & Âm thanh','Loa bluetooth và thiết bị âm thanh'),(9,'Camera & Máy ảnh','Thiết bị chụp ảnh và quay phim'),(10,'Gaming Gear','Phụ kiện gaming chuyên dụng'),(11,'Console & Games','Máy chơi game và phụ kiện'),(12,'Stream & Vlog','Thiết bị cho streamer và blogger'),(13,'Phụ kiện di động','Ốp lưng, miếng dán, sạc dự phòng'),(14,'Thiết bị mạng','Router, thiết bị mạng và kết nối'),(15,'Thiết bị thông minh','Smart home và IoT devices');
/*!40000 ALTER TABLE `categories` ENABLE KEYS */;
UNLOCK TABLES;

--
-- Table structure for table `inventory_transactions`
--

DROP TABLE IF EXISTS `inventory_transactions`;
/*!40101 SET @saved_cs_client     = @@character_set_client */;
/*!50503 SET character_set_client = utf8mb4 */;
CREATE TABLE `inventory_transactions` (
  `id` int NOT NULL AUTO_INCREMENT,
  `variant_id` int NOT NULL,
  `quantity` int NOT NULL,
  `type` enum('import','export') NOT NULL,
  `note` text,
  `created_at` timestamp NULL DEFAULT CURRENT_TIMESTAMP,
  PRIMARY KEY (`id`),
  KEY `variant_id` (`variant_id`),
  CONSTRAINT `inventory_transactions_ibfk_1` FOREIGN KEY (`variant_id`) REFERENCES `productvariants` (`id`)
) ENGINE=InnoDB AUTO_INCREMENT=250 DEFAULT CHARSET=utf8mb4 COLLATE=utf8mb4_0900_ai_ci;
/*!40101 SET character_set_client = @saved_cs_client */;

--
-- Dumping data for table `inventory_transactions`
--

LOCK TABLES `inventory_transactions` WRITE;
/*!40000 ALTER TABLE `inventory_transactions` DISABLE KEYS */;
INSERT INTO `inventory_transactions` VALUES (1,1,20,'import','Nhập kho ban đầu','2024-11-26 11:16:25'),(2,2,15,'import','Nhập kho ban đầu','2024-11-26 11:16:25'),(3,3,19,'import','Nhập kho ban đầu','2024-11-26 11:16:25'),(4,1,1,'export','Order ID: 88','2024-11-26 11:19:23'),(5,2,1,'export','Order ID: 89','2024-11-26 11:31:54'),(6,4,40,'import','Nhập kho ban đầu','2024-11-26 12:05:06'),(7,5,9,'import','Nhập kho ban đầu','2024-11-26 12:05:06'),(8,6,7,'import','Nhập kho ban đầu','2024-11-26 12:05:06'),(12,10,100,'import','Nhập kho ban đầu','2024-11-26 12:10:19'),(13,11,9,'import','Nhập kho ban đầu','2024-11-26 12:10:19'),(14,12,20,'import','Nhập kho ban đầu','2024-11-26 12:12:10'),(15,13,1,'import','Nhập kho ban đầu','2024-11-26 12:12:10'),(16,14,9,'import','Nhập kho ban đầu','2024-11-26 12:14:12'),(17,15,5,'import','Nhập kho ban đầu','2024-11-26 12:14:12'),(18,16,2,'import','Cập nhật số lượng ban đầu','2024-11-26 12:14:53'),(19,17,15,'import','Cập nhật số lượng ban đầu','2024-11-26 12:14:53'),(20,18,10,'import','Cập nhật số lượng ban đầu','2024-11-26 12:14:53'),(21,19,2,'import','Nhập kho ban đầu','2024-11-26 12:17:18'),(22,20,100,'import','Nhập kho ban đầu','2024-11-26 12:18:34'),(23,21,19,'import','Nhập kho ban đầu','2024-11-26 12:18:34'),(24,22,20,'import','Nhập kho ban đầu','2024-11-26 12:20:43'),(25,23,28,'import','Nhập kho ban đầu','2024-11-26 12:22:23'),(26,24,1,'import','Nhập kho ban đầu','2024-11-26 12:22:23'),(27,25,2,'import','Nhập kho ban đầu','2024-11-26 12:23:52'),(28,26,1,'import','Nhập kho ban đầu','2024-11-26 12:23:52'),(29,27,2,'import','Nhập kho ban đầu','2024-11-26 12:25:42'),(30,28,1,'import','Nhập kho ban đầu','2024-11-26 12:25:42'),(31,29,21,'import','Nhập kho ban đầu','2024-11-26 12:27:15'),(32,30,12,'import','Nhập kho ban đầu','2024-11-26 12:27:15'),(33,31,12,'import','Nhập kho ban đầu','2024-11-26 12:29:03'),(34,32,12,'import','Nhập kho ban đầu','2024-11-26 12:29:03'),(35,33,121,'import','Nhập kho ban đầu','2024-11-26 12:30:27'),(36,34,12,'import','Nhập kho ban đầu','2024-11-26 12:30:27'),(37,35,12,'import','Nhập kho ban đầu','2024-11-26 12:32:05'),(38,36,1,'import','Nhập kho ban đầu','2024-11-26 12:32:05'),(39,37,12,'import','Nhập kho ban đầu','2024-11-26 12:34:21'),(40,38,1,'import','Nhập kho ban đầu','2024-11-26 12:34:21'),(41,39,12,'import','Nhập kho ban đầu','2024-11-26 12:36:28'),(42,40,12,'import','Nhập kho ban đầu','2024-11-26 12:36:28'),(43,41,11,'import','Nhập kho ban đầu','2024-11-26 12:38:13'),(44,42,12,'import','Nhập kho ban đầu','2024-11-26 12:39:38'),(45,43,1,'import','Nhập kho ban đầu','2024-11-26 12:41:14'),(46,44,1,'import','Nhập kho ban đầu','2024-11-26 12:41:14'),(47,45,12,'import','Nhập kho ban đầu','2024-11-26 12:42:41'),(48,46,12,'import','Nhập kho ban đầu','2024-11-26 12:42:41'),(49,47,10,'import','Nhập kho ban đầu','2024-11-26 12:44:12'),(50,48,12,'import','Nhập kho ban đầu','2024-11-26 12:46:02'),(51,49,12,'import','Nhập kho ban đầu','2024-11-26 12:46:02'),(52,50,12,'import','Nhập kho ban đầu','2024-11-26 12:47:19'),(53,51,13,'import','Nhập kho ban đầu','2024-11-26 12:47:19'),(54,52,122,'import','Nhập kho ban đầu','2024-11-26 12:48:28'),(55,53,1,'import','Nhập kho ban đầu','2024-11-26 12:48:28'),(56,54,1,'import','Nhập kho ban đầu','2024-11-26 12:50:01'),(57,55,1,'import','Nhập kho ban đầu','2024-11-26 12:51:34'),(58,56,990,'import','Nhập kho ban đầu','2024-11-26 12:51:34'),(59,57,13,'import','Nhập kho ban đầu','2024-11-26 12:53:05'),(60,58,5,'import','Nhập kho ban đầu','2024-11-26 12:53:05'),(61,59,12,'import','Nhập kho ban đầu','2024-11-26 12:55:09'),(62,60,2,'import','Nhập kho ban đầu','2024-11-26 12:55:09'),(63,61,11,'import','Nhập kho ban đầu','2024-11-26 12:56:54'),(64,62,21,'import','Nhập kho ban đầu','2024-11-26 12:56:54'),(65,63,1,'import','Nhập kho ban đầu','2024-11-26 13:03:39'),(66,64,120,'import','Nhập kho ban đầu','2024-11-26 13:03:39'),(67,65,120,'import','Nhập kho ban đầu','2024-11-26 13:05:49'),(68,66,1,'import','Nhập kho ban đầu','2024-11-26 13:05:49'),(69,67,21,'import','Nhập kho ban đầu','2024-11-26 13:07:36'),(70,68,1,'import','Nhập kho ban đầu','2024-11-26 13:09:20'),(71,69,2,'import','Nhập kho ban đầu','2024-11-26 13:09:20'),(72,70,45,'import','Nhập kho ban đầu','2024-11-26 13:10:40'),(73,71,21,'import','Nhập kho ban đầu','2024-11-26 13:12:21'),(74,72,2,'import','Nhập kho ban đầu','2024-11-26 13:13:42'),(75,73,2,'import','Nhập kho ban đầu','2024-11-26 13:15:32'),(76,74,21,'import','Nhập kho ban đầu','2024-11-26 13:15:32'),(78,76,121,'import','Nhập kho ban đầu','2024-11-26 13:18:50'),(79,77,12,'import','Nhập kho ban đầu','2024-11-26 13:22:00'),(80,55,1,'export','Order ID: 90','2024-11-26 13:23:00'),(81,78,12,'import','Nhập kho ban đầu','2024-11-26 15:57:24'),(82,79,20,'import','Nhập kho ban đầu','2024-11-26 15:58:59'),(83,80,14,'import','Nhập kho ban đầu','2024-11-26 16:00:45'),(85,82,23,'import','Nhập kho ban đầu','2024-11-26 16:03:17'),(86,83,3,'import','Nhập kho ban đầu','2024-11-26 16:04:48'),(87,84,32,'import','Nhập kho ban đầu','2024-11-26 16:06:09'),(88,85,2,'import','Nhập kho ban đầu','2024-11-26 16:06:09'),(89,86,2,'import','Nhập kho ban đầu','2024-11-26 16:07:10'),(90,87,10,'import','Nhập kho ban đầu','2024-11-26 16:08:53'),(91,88,2,'import','Nhập kho ban đầu','2024-11-26 16:10:43'),(92,89,2,'import','Nhập kho ban đầu','2024-11-26 16:10:43'),(93,90,3,'import','Nhập kho ban đầu','2024-11-26 16:10:43'),(94,91,1,'import','Nhập kho ban đầu','2024-11-26 16:12:52'),(95,92,2,'import','Nhập kho ban đầu','2024-11-26 16:12:52'),(96,93,3,'import','Nhập kho ban đầu','2024-11-26 16:12:52'),(97,94,20,'import','Nhập kho ban đầu','2024-11-26 16:14:41'),(98,95,11,'import','Nhập kho ban đầu','2024-11-26 16:14:41'),(99,96,24,'import','Nhập kho ban đầu','2024-11-26 16:15:56'),(100,97,32,'import','Nhập kho ban đầu','2024-11-26 16:17:54'),(101,98,32,'import','Nhập kho ban đầu','2024-11-26 16:17:54'),(102,99,29,'import','Nhập kho ban đầu','2024-11-26 16:19:36'),(103,100,211,'import','Nhập kho ban đầu','2024-11-26 16:21:51'),(104,101,32,'import','Nhập kho ban đầu','2024-11-26 16:21:51'),(106,104,3,'import','Nhập kho ban đầu','2024-11-26 16:24:00'),(107,105,5,'import','Nhập kho ban đầu','2024-11-26 16:25:40'),(108,106,6,'import','Nhập kho ban đầu','2024-11-26 16:25:40'),(109,107,34,'import','Nhập kho ban đầu','2024-11-26 16:27:09'),(110,108,420,'import','Nhập kho ban đầu','2024-11-26 16:28:27'),(111,109,22,'import','Nhập kho ban đầu','2024-11-26 16:29:57'),(114,112,20,'import','Cập nhật số lượng ban đầu','2024-11-26 16:33:00'),(115,113,24,'import','Nhập kho ban đầu','2024-11-26 16:41:41'),(116,114,43,'import','Nhập kho ban đầu','2024-11-26 16:41:41'),(117,115,320,'import','Nhập kho ban đầu','2024-11-26 16:43:41'),(118,116,2,'import','Nhập kho ban đầu','2024-11-26 16:43:41'),(119,117,32,'import','Nhập kho ban đầu','2024-11-26 16:45:55'),(120,118,2,'import','Nhập kho ban đầu','2024-11-26 16:47:00'),(121,119,4,'import','Nhập kho ban đầu','2024-11-26 16:48:20'),(122,120,3,'import','Nhập kho ban đầu','2024-11-26 16:48:20'),(123,121,3,'import','Nhập kho ban đầu','2024-11-26 16:50:25'),(124,122,30,'import','Nhập kho ban đầu','2024-11-26 16:51:24'),(125,123,220,'import','Nhập kho ban đầu','2024-11-26 16:52:27'),(126,124,430,'import','Nhập kho ban đầu','2024-11-26 16:53:57'),(127,125,3,'import','Nhập kho ban đầu','2024-11-26 16:56:28'),(128,126,3,'import','Nhập kho ban đầu','2024-11-26 16:58:08'),(131,129,32,'import','Nhập kho ban đầu','2024-11-26 17:02:29'),(133,131,3,'import','Nhập kho ban đầu','2024-11-26 17:04:27'),(135,133,32,'import','Nhập kho ban đầu','2024-11-26 17:07:35'),(136,134,3,'import','Nhập kho ban đầu','2024-11-26 17:07:35'),(139,137,2,'import','Nhập kho ban đầu','2024-11-26 17:10:28'),(140,86,1,'export','Order ID: 91','2024-11-26 17:28:09'),(141,52,1,'export','Order ID: 92','2024-11-27 07:57:32'),(142,41,1,'export','Order ID: 93','2024-11-27 07:59:25'),(143,115,1,'export','Order ID: 94','2024-11-27 08:01:10'),(144,104,1,'export','Order ID: 94','2024-11-27 08:01:10'),(145,83,2,'export','Order ID: 95','2024-11-27 08:03:59'),(146,1,1,'export','Order ID: 96','2024-11-27 08:13:29'),(149,2,1,'export','Order ID: 99','2024-11-27 08:17:24'),(150,79,2,'export','Order ID: 100','2024-11-27 08:19:15'),(151,48,1,'export','Order ID: 101','2024-11-27 08:37:40'),(152,1,1,'export','Order ID: 102','2024-11-27 08:40:08'),(153,1,1,'export','Order ID: 103','2024-11-27 09:14:58'),(154,37,1,'export','Order ID: 104','2024-11-27 09:45:24'),(155,109,1,'export','Order ID: 105','2024-11-27 10:02:46'),(174,117,2,'export','Order ID: 109','2024-11-27 10:21:30'),(175,28,1,'export','Order ID: 109','2024-11-27 10:21:30'),(176,27,1,'export','Order ID: 109','2024-11-27 10:21:30'),(177,26,1,'export','Order ID: 109','2024-11-27 10:21:30'),(179,108,1,'export','Order ID: 110','2024-11-27 10:29:15'),(180,47,1,'export','Order ID: 110','2024-11-27 10:29:15'),(181,118,2,'export','Order ID: 110','2024-11-27 10:29:15'),(182,29,1,'export','Order ID: 111','2024-11-27 10:48:09'),(183,123,1,'export','Order ID: 111','2024-11-27 10:48:09'),(184,52,1,'export','Order ID: 112','2024-11-27 10:52:45'),(185,47,1,'export','Order ID: 112','2024-11-27 10:52:45'),(186,33,1,'export','Order ID: 113','2024-11-27 11:04:21'),(187,123,1,'export','Order ID: 114','2024-11-27 11:18:59'),(188,129,2,'export','Order ID: 115','2024-11-27 11:38:34'),(189,124,1,'export','Order ID: 115','2024-11-27 11:38:34'),(190,126,1,'export','Order ID: 116','2024-11-27 11:41:18'),(191,1,1,'export','Order ID: 116','2024-11-27 11:41:18'),(192,129,1,'export','Order ID: 117','2024-11-27 21:35:04'),(193,100,1,'export','Order ID: 120','2024-11-27 21:43:51'),(196,52,1,'export','Order ID: 121','2024-11-27 23:25:35'),(197,52,1,'export','Order ID: 126','2024-11-28 03:16:44'),(198,140,10000,'import','Cập nhật số lượng ban đầu','2024-11-28 03:20:12'),(199,141,444,'import','Cập nhật số lượng ban đầu','2024-11-28 03:20:12'),(204,146,4132,'import','Cập nhật số lượng ban đầu','2024-11-28 07:50:41'),(205,147,22,'import','Cập nhật số lượng ban đầu','2024-11-28 07:51:17'),(206,148,23,'import','Cập nhật số lượng ban đầu','2024-11-28 16:09:03'),(207,149,52,'import','Cập nhật số lượng ban đầu','2024-11-28 17:30:16'),(208,150,34,'import','Cập nhật số lượng ban đầu','2024-11-28 17:30:26'),(209,151,220,'import','Nhập kho ban đầu','2024-11-28 17:34:23'),(210,152,21,'import','Nhập kho ban đầu','2024-11-28 17:35:33'),(211,153,321,'import','Nhập kho ban đầu','2024-11-28 17:36:33'),(212,154,21,'import','Nhập kho ban đầu','2024-11-28 17:40:17'),(213,155,21,'import','Nhập kho ban đầu','2024-11-28 17:41:47'),(214,156,23,'import','Nhập kho ban đầu','2024-11-28 17:43:40'),(215,157,2,'import','Nhập kho ban đầu','2024-11-28 17:43:40'),(216,158,221,'import','Nhập kho ban đầu','2024-11-28 17:43:40'),(217,159,33,'import','Nhập kho ban đầu','2024-11-28 17:45:07'),(218,160,32,'import','Nhập kho ban đầu','2024-11-28 17:46:46'),(219,161,1110,'import','Nhập kho ban đầu','2024-11-28 17:47:56'),(220,162,23,'import','Nhập kho ban đầu','2024-11-28 17:49:27'),(221,163,654,'import','Nhập kho ban đầu','2024-11-28 17:49:27'),(222,164,32,'import','Nhập kho ban đầu','2024-11-28 17:52:13'),(223,165,32,'import','Nhập kho ban đầu','2024-11-28 17:52:14'),(224,166,343,'import','Nhập kho ban đầu','2024-11-28 17:54:00'),(225,167,2,'import','Nhập kho ban đầu','2024-11-28 17:55:46'),(226,168,212,'import','Nhập kho ban đầu','2024-11-28 17:57:17'),(227,169,465,'import','Nhập kho ban đầu','2024-11-28 17:58:45'),(228,170,22,'import','Nhập kho ban đầu','2024-11-28 18:00:44'),(229,171,33,'import','Nhập kho ban đầu','2024-11-28 18:01:48'),(230,172,23,'import','Nhập kho ban đầu','2024-11-28 18:06:23'),(231,173,350,'import','Nhập kho ban đầu','2024-11-28 18:07:57'),(232,174,65,'import','Nhập kho ban đầu','2024-11-28 18:09:12'),(233,175,32,'import','Nhập kho ban đầu','2024-11-28 18:10:23'),(234,176,34,'import','Nhập kho ban đầu','2024-11-28 18:11:54'),(236,178,23,'import','Cập nhật số lượng ban đầu','2024-11-28 18:20:48'),(238,70,1,'export','Order ID: 223','2024-11-28 19:52:26'),(239,167,1,'export','Order ID: 224','2024-11-28 20:06:39'),(240,108,1,'export','Order ID: 226','2024-11-28 21:03:01'),(241,175,1,'export','Order ID: 227','2024-11-28 21:26:19'),(242,73,1,'export','Order ID: 228','2024-11-29 23:06:48'),(243,153,1,'export','Order ID: 229','2024-11-29 23:11:21'),(244,96,1,'export','Order ID: 230','2024-11-30 07:00:29'),(245,157,1,'export','Order ID: 231','2024-11-30 07:11:20'),(246,153,1,'export','Order ID: 232','2024-11-30 07:13:35'),(247,174,1,'export','Order ID: 233','2024-11-30 07:36:25'),(248,180,3211,'import','Cập nhật số lượng ban đầu','2024-11-30 07:42:04'),(249,181,322,'import','Cập nhật số lượng ban đầu','2024-11-30 07:42:29');
/*!40000 ALTER TABLE `inventory_transactions` ENABLE KEYS */;
UNLOCK TABLES;

--
-- Table structure for table `orderitems`
--

DROP TABLE IF EXISTS `orderitems`;
/*!40101 SET @saved_cs_client     = @@character_set_client */;
/*!50503 SET character_set_client = utf8mb4 */;
CREATE TABLE `orderitems` (
  `id` int NOT NULL AUTO_INCREMENT,
  `order_id` int DEFAULT NULL,
  `product_id` int unsigned DEFAULT NULL,
  `variant_id` int DEFAULT NULL,
  `quantity` int NOT NULL,
  `price` decimal(10,2) NOT NULL,
  PRIMARY KEY (`id`),
  KEY `order_id` (`order_id`),
  KEY `product_id` (`product_id`),
  KEY `variant_id` (`variant_id`),
  CONSTRAINT `orderitems_ibfk_1` FOREIGN KEY (`order_id`) REFERENCES `orders` (`id`),
  CONSTRAINT `orderitems_ibfk_2` FOREIGN KEY (`product_id`) REFERENCES `products` (`id`),
  CONSTRAINT `orderitems_ibfk_3` FOREIGN KEY (`variant_id`) REFERENCES `productvariants` (`id`)
) ENGINE=InnoDB AUTO_INCREMENT=493 DEFAULT CHARSET=utf8mb4 COLLATE=utf8mb4_0900_ai_ci;
/*!40101 SET character_set_client = @saved_cs_client */;

--
-- Dumping data for table `orderitems`
--

LOCK TABLES `orderitems` WRITE;
/*!40000 ALTER TABLE `orderitems` DISABLE KEYS */;
INSERT INTO `orderitems` VALUES (1,129,1,NULL,1,100.00),(2,129,3,NULL,1,100.00),(3,129,4,NULL,1,100.00),(4,129,5,NULL,1,100.00),(5,129,17,NULL,1,100.00),(6,129,32,NULL,1,100.00),(7,129,37,NULL,1,100.00),(8,129,38,NULL,1,100.00),(9,129,48,NULL,1,100.00),(10,129,49,NULL,1,100.00),(11,129,51,NULL,1,100.00),(12,129,53,NULL,1,100.00),(13,129,54,NULL,1,100.00),(14,129,55,NULL,1,100.00),(15,129,56,NULL,1,100.00),(16,129,63,NULL,1,100.00),(17,129,64,NULL,1,100.00),(18,129,69,NULL,1,100.00),(19,129,72,NULL,1,100.00),(20,129,74,NULL,1,100.00),(21,129,75,NULL,1,100.00),(22,129,78,NULL,1,100.00),(23,129,82,NULL,1,100.00),(24,129,86,NULL,1,100.00),(25,103,1,NULL,1,100.00),(26,103,3,NULL,1,100.00),(27,103,7,NULL,1,100.00),(28,103,8,NULL,1,100.00),(29,103,11,NULL,1,100.00),(30,103,14,NULL,1,100.00),(31,103,15,NULL,1,100.00),(32,103,17,NULL,1,100.00),(33,103,19,NULL,1,100.00),(34,103,24,NULL,1,100.00),(35,103,26,NULL,1,100.00),(36,103,27,NULL,1,100.00),(37,103,36,NULL,1,100.00),(38,103,40,NULL,1,100.00),(39,103,42,NULL,1,100.00),(40,103,44,NULL,1,100.00),(41,103,49,NULL,1,100.00),(42,103,52,NULL,1,100.00),(43,103,55,NULL,1,100.00),(44,103,59,NULL,1,100.00),(45,103,62,NULL,1,100.00),(46,103,63,NULL,1,100.00),(47,103,67,NULL,1,100.00),(48,103,73,NULL,1,100.00),(49,103,78,NULL,1,100.00),(50,103,83,NULL,1,100.00),(51,103,84,NULL,1,100.00),(52,130,3,NULL,1,100.00),(53,130,8,NULL,1,100.00),(54,130,15,NULL,1,100.00),(55,130,16,NULL,1,100.00),(56,130,17,NULL,1,100.00),(57,130,25,NULL,1,100.00),(58,130,30,NULL,1,100.00),(59,130,32,NULL,1,100.00),(60,130,34,NULL,1,100.00),(61,130,37,NULL,1,100.00),(62,130,41,NULL,1,100.00),(63,130,42,NULL,1,100.00),(64,130,43,NULL,1,100.00),(65,130,46,NULL,1,100.00),(66,130,48,NULL,1,100.00),(67,130,53,NULL,1,100.00),(68,130,63,NULL,1,100.00),(69,130,64,NULL,1,100.00),(70,130,65,NULL,1,100.00),(71,130,69,NULL,1,100.00),(72,130,70,NULL,1,100.00),(73,130,72,NULL,1,100.00),(74,130,74,NULL,1,100.00),(75,130,75,NULL,1,100.00),(76,130,76,NULL,1,100.00),(77,130,83,NULL,1,100.00),(78,88,2,NULL,1,100.00),(79,88,5,NULL,1,100.00),(80,88,6,NULL,1,100.00),(81,88,7,NULL,1,100.00),(82,88,15,NULL,1,100.00),(83,88,16,NULL,1,100.00),(84,88,19,NULL,1,100.00),(85,88,20,NULL,1,100.00),(86,88,22,NULL,1,100.00),(87,88,23,NULL,1,100.00),(88,88,24,NULL,1,100.00),(89,88,28,NULL,1,100.00),(90,88,30,NULL,1,100.00),(91,88,37,NULL,1,100.00),(92,88,38,NULL,1,100.00),(93,88,40,NULL,1,100.00),(94,88,44,NULL,1,100.00),(95,88,47,NULL,1,100.00),(96,88,50,NULL,1,100.00),(97,88,51,NULL,1,100.00),(98,88,52,NULL,1,100.00),(99,88,54,NULL,1,100.00),(100,88,59,NULL,1,100.00),(101,88,61,NULL,1,100.00),(102,88,63,NULL,1,100.00),(103,88,68,NULL,1,100.00),(104,88,73,NULL,1,100.00),(105,88,76,NULL,1,100.00),(106,88,79,NULL,1,100.00),(107,88,80,NULL,1,100.00),(108,88,81,NULL,1,100.00),(109,88,83,NULL,1,100.00),(110,88,86,NULL,1,100.00),(111,89,2,NULL,1,100.00),(112,89,5,NULL,1,100.00),(113,89,6,NULL,1,100.00),(114,89,7,NULL,1,100.00),(115,89,15,NULL,1,100.00),(116,89,16,NULL,1,100.00),(117,89,19,NULL,1,100.00),(118,89,20,NULL,1,100.00),(119,89,22,NULL,1,100.00),(120,89,23,NULL,1,100.00),(121,89,24,NULL,1,100.00),(122,89,28,NULL,1,100.00),(123,89,30,NULL,1,100.00),(124,89,37,NULL,1,100.00),(125,89,38,NULL,1,100.00),(126,89,40,NULL,1,100.00),(127,89,44,NULL,1,100.00),(128,89,47,NULL,1,100.00),(129,89,50,NULL,1,100.00),(130,89,51,NULL,1,100.00),(131,89,52,NULL,1,100.00),(132,89,54,NULL,1,100.00),(133,89,59,NULL,1,100.00),(134,89,61,NULL,1,100.00),(135,89,63,NULL,1,100.00),(136,89,68,NULL,1,100.00),(137,89,73,NULL,1,100.00),(138,89,76,NULL,1,100.00),(139,89,79,NULL,1,100.00),(140,89,80,NULL,1,100.00),(141,89,81,NULL,1,100.00),(142,89,83,NULL,1,100.00),(143,89,86,NULL,1,100.00),(144,90,2,NULL,1,100.00),(145,90,5,NULL,1,100.00),(146,90,6,NULL,1,100.00),(147,90,7,NULL,1,100.00),(148,90,15,NULL,1,100.00),(149,90,16,NULL,1,100.00),(150,90,19,NULL,1,100.00),(151,90,20,NULL,1,100.00),(152,90,22,NULL,1,100.00),(153,90,23,NULL,1,100.00),(154,90,24,NULL,1,100.00),(155,90,28,NULL,1,100.00),(156,90,30,NULL,1,100.00),(157,90,37,NULL,1,100.00),(158,90,38,NULL,1,100.00),(159,90,40,NULL,1,100.00),(160,90,44,NULL,1,100.00),(161,90,47,NULL,1,100.00),(162,90,50,NULL,1,100.00),(163,90,51,NULL,1,100.00),(164,90,52,NULL,1,100.00),(165,90,54,NULL,1,100.00),(166,90,59,NULL,1,100.00),(167,90,61,NULL,1,100.00),(168,90,63,NULL,1,100.00),(169,90,68,NULL,1,100.00),(170,90,73,NULL,1,100.00),(171,90,76,NULL,1,100.00),(172,90,79,NULL,1,100.00),(173,90,80,NULL,1,100.00),(174,90,81,NULL,1,100.00),(175,90,83,NULL,1,100.00),(176,90,86,NULL,1,100.00),(177,92,2,NULL,1,100.00),(178,92,5,NULL,1,100.00),(179,92,6,NULL,1,100.00),(180,92,7,NULL,1,100.00),(181,92,15,NULL,1,100.00),(182,92,16,NULL,1,100.00),(183,92,19,NULL,1,100.00),(184,92,20,NULL,1,100.00),(185,92,22,NULL,1,100.00),(186,92,23,NULL,1,100.00),(187,92,24,NULL,1,100.00),(188,92,28,NULL,1,100.00),(189,92,30,NULL,1,100.00),(190,92,37,NULL,1,100.00),(191,92,38,NULL,1,100.00),(192,92,40,NULL,1,100.00),(193,92,44,NULL,1,100.00),(194,92,47,NULL,1,100.00),(195,92,50,NULL,1,100.00),(196,92,51,NULL,1,100.00),(197,92,52,NULL,1,100.00),(198,92,54,NULL,1,100.00),(199,92,59,NULL,1,100.00),(200,92,61,NULL,1,100.00),(256,88,1,NULL,1,13312458.00),(257,89,1,NULL,1,9688279.00),(258,90,1,NULL,1,18504022.00),(259,92,1,NULL,1,13455272.00),(260,93,1,NULL,1,6764295.00),(261,111,1,NULL,1,18455660.00),(262,112,1,NULL,1,6985418.00),(263,113,1,NULL,1,19560110.00),(264,114,1,NULL,1,11844298.00),(265,115,1,NULL,1,10541162.00),(266,126,1,NULL,1,12172915.00),(267,94,1,NULL,1,9241093.00),(268,95,1,NULL,1,19686717.00),(269,96,1,NULL,1,5710310.00),(270,101,1,NULL,1,9491398.00),(271,116,1,NULL,1,10326060.00),(272,167,1,NULL,1,18156106.00),(273,171,1,NULL,1,9802352.00),(274,172,1,NULL,1,19543445.00),(275,207,1,NULL,1,18310167.00),(276,91,1,NULL,1,12920504.00),(277,99,1,NULL,1,19672019.00),(278,100,1,NULL,1,9598582.00),(279,102,1,NULL,1,13976855.00),(280,117,1,NULL,1,6088528.00),(281,120,1,NULL,1,13512078.00),(282,121,1,NULL,1,14294808.00),(283,88,1,NULL,1,10937807.00),(284,89,1,NULL,1,6804610.00),(285,90,1,NULL,1,11209629.00),(286,92,1,NULL,1,15634316.00),(287,93,1,NULL,1,9542695.00),(288,111,1,NULL,1,10810526.00),(289,112,1,NULL,1,5424548.00),(290,113,1,NULL,1,19691161.00),(291,114,1,NULL,1,17182163.00),(292,115,1,NULL,1,6837333.00),(293,126,1,NULL,1,7640178.00),(294,91,1,NULL,1,12688891.00),(295,99,1,NULL,1,5523923.00),(296,100,1,NULL,1,14552943.00),(297,102,1,NULL,1,6192946.00),(298,117,1,NULL,1,12305903.00),(299,120,1,NULL,1,7950679.00),(300,121,1,NULL,1,12835686.00),(301,94,1,NULL,1,5326393.00),(302,95,1,NULL,1,13124910.00),(303,96,1,NULL,1,14645370.00),(304,101,1,NULL,1,13852122.00),(305,116,1,NULL,1,5324501.00),(306,167,1,NULL,1,10066140.00),(307,171,1,NULL,1,14357198.00),(308,172,1,NULL,1,6587571.00),(309,207,1,NULL,1,14866261.00),(310,88,1,NULL,1,19568594.00),(311,89,1,NULL,1,18244189.00),(312,90,1,NULL,1,12515165.00),(313,92,1,NULL,1,17843258.00),(314,93,1,NULL,1,16670795.00),(315,111,1,NULL,1,9824203.00),(316,112,1,NULL,1,9108629.00),(317,113,1,NULL,1,11070539.00),(318,114,1,NULL,1,8026809.00),(319,115,1,NULL,1,16922430.00),(320,126,1,NULL,1,10531722.00),(321,91,1,NULL,1,11891321.00),(322,99,1,NULL,1,7861441.00),(323,100,1,NULL,1,13633244.00),(324,102,1,NULL,1,9581896.00),(325,117,1,NULL,1,17009751.00),(326,120,1,NULL,1,6303067.00),(327,121,1,NULL,1,5486081.00),(328,94,1,NULL,1,18521206.00),(329,95,1,NULL,1,11147787.00),(330,96,1,NULL,1,10175319.00),(331,101,1,NULL,1,12433234.00),(332,116,1,NULL,1,11640212.00),(333,167,1,NULL,1,15901363.00),(334,171,1,NULL,1,9586177.00),(335,172,1,NULL,1,10226796.00),(336,207,1,NULL,1,17375452.00),(337,173,1,NULL,1,6196873.00),(338,174,1,NULL,1,18858010.00),(339,139,1,NULL,1,10699432.00),(340,187,1,NULL,1,6923132.00),(341,188,1,NULL,1,12517362.00),(342,140,1,NULL,1,6817417.00),(343,143,1,NULL,1,6534999.00),(344,145,1,NULL,1,7222747.00),(345,193,1,NULL,1,11508739.00),(346,194,1,NULL,1,15875453.00),(347,143,1,NULL,1,9851049.00),(348,132,1,NULL,1,11628886.00),(349,162,1,NULL,1,8591285.00),(350,164,1,NULL,1,18069767.00),(351,166,1,NULL,1,14574980.00),(352,177,1,NULL,1,13665600.00),(353,178,1,NULL,1,19603061.00),(354,179,1,NULL,1,7018507.00),(355,180,1,NULL,1,16283355.00),(383,151,1,1,1,33990000.00),(384,201,1,1,1,33990000.00),(385,202,1,1,1,33990000.00),(386,151,1,2,1,45000000.00),(387,201,1,2,1,45000000.00),(388,202,1,2,1,45000000.00),(389,151,1,3,1,53000000.00),(390,201,1,3,1,53000000.00),(391,202,1,3,1,53000000.00),(392,148,1,1,1,33990000.00),(393,197,1,1,1,33990000.00),(394,198,1,1,1,33990000.00),(395,199,1,1,1,33990000.00),(396,203,1,1,1,33990000.00),(397,148,1,2,1,45000000.00),(398,197,1,2,1,45000000.00),(399,198,1,2,1,45000000.00),(400,199,1,2,1,45000000.00),(401,203,1,2,1,45000000.00),(402,148,1,3,1,53000000.00),(403,197,1,3,1,53000000.00),(404,198,1,3,1,53000000.00),(405,199,1,3,1,53000000.00),(406,203,1,3,1,53000000.00),(407,134,1,1,1,33990000.00),(408,183,1,1,1,33990000.00),(409,134,1,2,1,45000000.00),(410,183,1,2,1,45000000.00),(411,134,1,3,1,53000000.00),(412,183,1,3,1,53000000.00),(413,133,1,1,1,33990000.00),(414,181,1,1,1,33990000.00),(415,182,1,1,1,33990000.00),(416,133,1,2,1,45000000.00),(417,181,1,2,1,45000000.00),(418,182,1,2,1,45000000.00),(419,133,1,3,1,53000000.00),(420,181,1,3,1,53000000.00),(421,182,1,3,1,53000000.00),(422,148,2,4,1,52990000.00),(423,197,2,4,1,52990000.00),(424,198,2,4,1,52990000.00),(425,199,2,4,1,52990000.00),(426,203,2,4,1,52990000.00),(427,148,2,5,1,45899999.00),(428,197,2,5,1,45899999.00),(429,198,2,5,1,45899999.00),(430,199,2,5,1,45899999.00),(431,203,2,5,1,45899999.00),(432,148,2,6,1,41890000.00),(433,197,2,6,1,41890000.00),(434,198,2,6,1,41890000.00),(435,199,2,6,1,41890000.00),(436,203,2,6,1,41890000.00),(437,147,2,4,1,52990000.00),(438,196,2,4,1,52990000.00),(439,147,2,5,1,45899999.00),(440,196,2,5,1,45899999.00),(441,147,2,6,1,41890000.00),(442,196,2,6,1,41890000.00),(443,146,2,4,1,52990000.00),(444,195,2,4,1,52990000.00),(445,146,2,5,1,45899999.00),(446,195,2,5,1,45899999.00),(447,146,2,6,1,41890000.00),(448,195,2,6,1,41890000.00),(449,143,2,4,1,52990000.00),(450,143,2,5,1,45899999.00),(451,143,2,6,1,41890000.00),(452,93,2,4,1,52990000.00),(453,111,2,4,1,52990000.00),(454,112,2,4,1,52990000.00),(455,113,2,4,1,52990000.00),(456,114,2,4,1,52990000.00),(457,115,2,4,1,52990000.00),(458,126,2,4,1,52990000.00),(459,93,2,5,1,45899999.00),(460,111,2,5,1,45899999.00),(461,112,2,5,1,45899999.00),(462,113,2,5,1,45899999.00),(463,114,2,5,1,45899999.00),(464,115,2,5,1,45899999.00),(465,126,2,5,1,45899999.00),(466,93,2,6,1,41890000.00),(467,111,2,6,1,41890000.00),(468,112,2,6,1,41890000.00),(469,113,2,6,1,41890000.00),(470,114,2,6,1,41890000.00),(471,115,2,6,1,41890000.00),(472,126,2,6,1,41890000.00),(473,152,3,16,1,40000000.00),(474,152,3,17,1,34900000.00),(475,152,3,18,1,26900000.00),(476,151,3,16,1,40000000.00),(477,201,3,16,1,40000000.00),(478,202,3,16,1,40000000.00),(479,151,3,17,1,34900000.00),(480,201,3,17,1,34900000.00),(481,202,3,17,1,34900000.00),(482,151,3,18,1,26900000.00),(483,223,36,70,1,13990000.00),(484,224,99,167,1,18490000.00),(485,226,63,108,1,790000.00),(486,227,107,175,1,1490000.00),(487,228,39,73,1,17490000.00),(488,229,89,153,1,990000.00),(489,230,55,96,1,2290000.00),(490,231,92,157,1,1490000.00),(491,232,89,153,1,990000.00),(492,233,106,174,1,1490000.00);
/*!40000 ALTER TABLE `orderitems` ENABLE KEYS */;
UNLOCK TABLES;

--
-- Table structure for table `orders`
--

DROP TABLE IF EXISTS `orders`;
/*!40101 SET @saved_cs_client     = @@character_set_client */;
/*!50503 SET character_set_client = utf8mb4 */;
CREATE TABLE `orders` (
  `id` int NOT NULL AUTO_INCREMENT,
  `user_id` int DEFAULT NULL,
  `total` decimal(15,2) NOT NULL,
  `status` enum('pending','processing','shipped','delivered','cancelled') DEFAULT 'pending',
  `created_at` timestamp NULL DEFAULT CURRENT_TIMESTAMP,
  `updated_at` timestamp NULL DEFAULT CURRENT_TIMESTAMP ON UPDATE CURRENT_TIMESTAMP,
  `address_id` int DEFAULT NULL,
  `admin_note` text,
  PRIMARY KEY (`id`),
  KEY `user_id` (`user_id`),
  KEY `address_id` (`address_id`),
  KEY `idx_status` (`status`),
  KEY `idx_created_at` (`created_at`),
  CONSTRAINT `orders_ibfk_1` FOREIGN KEY (`user_id`) REFERENCES `users` (`id`),
  CONSTRAINT `orders_ibfk_2` FOREIGN KEY (`address_id`) REFERENCES `addresses` (`id`)
) ENGINE=InnoDB AUTO_INCREMENT=234 DEFAULT CHARSET=utf8mb4 COLLATE=utf8mb4_0900_ai_ci;
/*!40101 SET character_set_client = @saved_cs_client */;

--
-- Dumping data for table `orders`
--

LOCK TABLES `orders` WRITE;
/*!40000 ALTER TABLE `orders` DISABLE KEYS */;
INSERT INTO `orders` VALUES (88,30,43822159.00,'pending','2024-11-26 11:19:23','2024-11-28 07:34:15',4,NULL),(89,30,34740378.00,'delivered','2024-11-26 11:31:54','2024-11-28 07:34:15',4,NULL),(90,30,42232116.00,'delivered','2024-11-26 13:23:00','2024-11-28 07:34:15',4,NULL),(91,33,37500716.00,'delivered','2024-11-26 17:28:09','2024-11-28 07:34:15',15,NULL),(92,30,46935246.00,'delivered','2024-11-27 07:57:32','2024-11-28 07:34:15',4,NULL),(93,30,173757784.00,'delivered','2024-11-27 07:59:25','2024-11-28 07:34:15',4,NULL),(94,31,33088692.00,'delivered','2024-11-27 08:01:10','2024-11-28 07:34:15',16,NULL),(95,31,43959414.00,'delivered','2024-11-27 08:03:59','2024-11-28 07:34:15',16,NULL),(96,31,30530999.00,'delivered','2024-11-27 08:13:29','2024-11-28 07:34:15',16,NULL),(99,33,33057383.00,'delivered','2024-11-27 08:17:24','2024-11-28 07:34:15',15,NULL),(100,33,37784769.00,'delivered','2024-11-27 08:19:15','2024-11-28 07:34:15',15,NULL),(101,31,35776754.00,'delivered','2024-11-27 08:37:40','2024-11-28 07:34:15',16,NULL),(102,33,29751697.00,'delivered','2024-11-27 08:40:08','2024-11-28 07:34:15',15,NULL),(103,27,2700.00,'delivered','2024-11-27 09:14:58','2024-11-28 07:34:15',19,NULL),(104,34,0.00,'delivered','2024-11-27 09:45:24','2024-11-28 07:34:15',24,NULL),(105,34,0.00,'delivered','2024-11-27 10:02:46','2024-11-28 07:34:15',24,NULL),(109,34,0.00,'delivered','2024-11-27 10:21:30','2024-11-28 07:34:15',24,NULL),(110,35,0.00,'delivered','2024-11-27 10:29:15','2024-11-28 07:34:15',25,NULL),(111,30,179870388.00,'delivered','2024-11-27 10:48:09','2024-11-28 07:34:15',4,NULL),(112,30,162298594.00,'delivered','2024-11-27 10:52:45','2024-11-28 07:34:15',4,NULL),(113,30,191101809.00,'delivered','2024-11-27 11:04:21','2024-11-28 07:34:15',9,NULL),(114,30,177833269.00,'delivered','2024-11-27 11:18:59','2024-11-28 07:34:15',9,NULL),(115,30,175080924.00,'delivered','2024-11-27 11:38:34','2024-11-28 07:34:15',9,NULL),(116,31,27290773.00,'delivered','2024-11-27 11:41:18','2024-11-28 07:34:15',16,NULL),(117,33,35404182.00,'pending','2024-11-27 21:35:04','2024-11-28 07:34:15',15,NULL),(120,33,27765824.00,'pending','2024-11-27 21:43:51','2024-11-28 07:34:15',15,NULL),(121,33,32616575.00,'delivered','2024-11-27 23:25:35','2024-11-28 07:34:15',15,NULL),(126,30,171124814.00,'delivered','2024-11-28 03:16:44','2024-11-28 07:34:15',9,NULL),(129,26,2400.00,'delivered','2024-11-28 07:05:40','2024-11-28 07:34:15',NULL,NULL),(130,28,2600.00,'delivered','2024-11-28 07:05:40','2024-11-28 07:34:15',NULL,NULL),(131,32,0.00,'delivered','2024-11-28 07:05:40','2024-11-28 07:34:15',NULL,NULL),(132,36,11628886.00,'delivered','2024-11-28 07:05:40','2024-11-28 07:34:15',NULL,NULL),(133,37,131990000.00,'delivered','2024-11-28 07:05:40','2024-11-28 07:34:15',NULL,NULL),(134,38,131990000.00,'delivered','2024-11-28 07:05:40','2024-11-28 07:34:15',NULL,NULL),(135,39,0.00,'delivered','2024-11-28 07:05:40','2024-11-28 07:34:15',NULL,NULL),(136,40,0.00,'delivered','2024-11-28 07:05:40','2024-11-28 07:34:15',NULL,NULL),(137,41,0.00,'delivered','2024-11-28 07:05:40','2024-11-28 07:34:15',NULL,NULL),(138,42,0.00,'delivered','2024-11-28 07:05:40','2024-11-28 07:34:15',NULL,NULL),(139,43,10699432.00,'delivered','2024-11-28 07:05:40','2024-11-28 07:34:15',NULL,NULL),(140,44,6817417.00,'delivered','2024-11-28 07:05:40','2024-11-28 07:34:15',NULL,NULL),(141,45,0.00,'delivered','2024-11-28 07:05:40','2024-11-28 07:34:15',NULL,NULL),(142,46,0.00,'delivered','2024-11-28 07:05:40','2024-11-28 07:34:15',NULL,NULL),(143,47,157166047.00,'delivered','2024-11-28 07:05:40','2024-11-28 07:34:15',NULL,NULL),(144,48,0.00,'delivered','2024-11-28 07:05:40','2024-11-28 07:34:15',NULL,NULL),(145,49,7222747.00,'delivered','2024-11-28 07:05:40','2024-11-28 07:34:15',NULL,NULL),(146,50,140779999.00,'delivered','2024-11-28 07:05:40','2024-11-28 07:34:15',NULL,NULL),(147,51,140779999.00,'delivered','2024-11-28 07:05:40','2024-11-28 07:34:15',NULL,NULL),(148,52,272769999.00,'delivered','2024-11-28 07:05:40','2024-11-28 07:34:15',NULL,NULL),(149,53,0.00,'delivered','2024-11-28 07:05:40','2024-11-28 07:34:15',NULL,NULL),(150,54,0.00,'delivered','2024-11-28 07:05:40','2024-11-28 07:34:15',NULL,NULL),(151,55,233790000.00,'delivered','2024-11-28 07:05:40','2024-11-28 07:34:15',NULL,NULL),(152,56,101800000.00,'delivered','2024-11-28 07:05:40','2024-11-28 07:34:15',NULL,NULL),(160,35,0.00,'delivered','2024-11-28 07:10:42','2024-11-28 07:34:15',NULL,NULL),(161,35,0.00,'delivered','2024-11-28 07:10:42','2024-11-28 07:34:15',NULL,NULL),(162,36,8591285.00,'delivered','2024-11-28 07:10:42','2024-11-28 07:34:15',NULL,NULL),(163,32,0.00,'delivered','2024-11-28 07:10:42','2024-11-28 07:34:15',NULL,NULL),(164,36,18069767.00,'delivered','2024-11-28 07:10:42','2024-11-28 07:34:15',NULL,NULL),(165,27,0.00,'delivered','2024-11-28 07:10:42','2024-11-28 07:34:15',NULL,NULL),(166,36,14574980.00,'delivered','2024-11-28 07:10:42','2024-11-28 07:34:15',NULL,NULL),(167,31,44123609.00,'delivered','2024-11-28 07:10:42','2024-11-28 07:34:15',NULL,NULL),(168,27,0.00,'delivered','2024-11-28 07:10:42','2024-11-28 07:34:15',NULL,NULL),(169,32,0.00,'delivered','2024-11-28 07:10:42','2024-11-28 07:34:15',NULL,NULL),(170,35,0.00,'delivered','2024-11-28 07:10:42','2024-11-28 07:34:15',NULL,NULL),(171,31,33745727.00,'delivered','2024-11-28 07:10:42','2024-11-28 07:34:15',NULL,NULL),(172,31,36357812.00,'delivered','2024-11-28 07:10:42','2024-11-28 07:34:15',NULL,NULL),(173,26,6196873.00,'delivered','2024-11-28 07:10:42','2024-11-28 07:34:15',NULL,NULL),(174,26,18858010.00,'delivered','2024-11-28 07:10:42','2024-11-28 07:34:15',NULL,NULL),(175,27,0.00,'delivered','2024-11-28 07:10:42','2024-11-28 07:34:15',NULL,NULL),(176,32,0.00,'delivered','2024-11-28 07:10:42','2024-11-28 07:34:15',NULL,NULL),(177,36,13665600.00,'delivered','2024-11-28 07:10:42','2024-11-28 07:34:15',NULL,NULL),(178,36,19603061.00,'delivered','2024-11-28 07:10:42','2024-11-28 07:34:15',NULL,NULL),(179,36,7018507.00,'delivered','2024-11-28 07:10:42','2024-11-28 07:34:15',NULL,NULL),(180,36,16283355.00,'delivered','2024-11-28 07:10:42','2024-11-28 07:34:15',NULL,NULL),(181,37,131990000.00,'delivered','2024-11-28 07:10:42','2024-11-28 07:34:15',NULL,NULL),(182,37,131990000.00,'delivered','2024-11-28 07:10:42','2024-11-28 07:34:15',NULL,NULL),(183,38,131990000.00,'delivered','2024-11-28 07:10:42','2024-11-28 07:34:15',NULL,NULL),(184,41,0.00,'delivered','2024-11-28 07:10:42','2024-11-28 07:34:15',NULL,NULL),(185,41,0.00,'delivered','2024-11-28 07:10:42','2024-11-28 07:34:15',NULL,NULL),(186,41,0.00,'delivered','2024-11-28 07:10:42','2024-11-28 07:34:15',NULL,NULL),(187,43,6923132.00,'delivered','2024-11-28 07:10:42','2024-11-28 07:34:15',NULL,NULL),(188,43,12517362.00,'delivered','2024-11-28 07:10:42','2024-11-28 07:34:15',NULL,NULL),(189,45,0.00,'delivered','2024-11-28 07:10:42','2024-11-28 07:34:15',NULL,NULL),(190,45,0.00,'delivered','2024-11-28 07:10:42','2024-11-28 07:34:15',NULL,NULL),(191,45,0.00,'delivered','2024-11-28 07:10:42','2024-11-28 07:34:15',NULL,NULL),(192,45,0.00,'delivered','2024-11-28 07:10:42','2024-11-28 07:34:15',NULL,NULL),(193,49,11508739.00,'delivered','2024-11-28 07:10:42','2024-11-28 07:34:15',NULL,NULL),(194,49,15875453.00,'delivered','2024-11-28 07:10:42','2024-11-28 07:34:15',NULL,NULL),(195,50,140779999.00,'delivered','2024-11-28 07:10:42','2024-11-28 07:34:15',NULL,NULL),(196,51,140779999.00,'delivered','2024-11-28 07:10:42','2024-11-28 07:34:15',NULL,NULL),(197,52,272769999.00,'delivered','2024-11-28 07:10:42','2024-11-28 07:34:15',NULL,NULL),(198,52,272769999.00,'delivered','2024-11-28 07:10:42','2024-11-28 07:34:15',NULL,NULL),(199,52,272769999.00,'delivered','2024-11-28 07:10:42','2024-11-28 07:34:15',NULL,NULL),(200,54,0.00,'delivered','2024-11-28 07:10:42','2024-11-28 07:34:15',NULL,NULL),(201,55,206890000.00,'delivered','2024-11-28 07:10:42','2024-11-28 07:34:15',NULL,NULL),(202,55,206890000.00,'delivered','2024-11-28 07:10:42','2024-11-28 07:34:15',NULL,NULL),(203,52,272769999.00,'delivered','2024-11-28 07:10:42','2024-11-28 07:34:15',NULL,NULL),(204,27,0.00,'delivered','2024-11-28 07:10:42','2024-11-28 07:34:15',NULL,NULL),(205,45,0.00,'delivered','2024-11-28 07:10:42','2024-11-28 07:34:15',NULL,NULL),(206,32,0.00,'delivered','2024-11-28 07:10:42','2024-11-28 07:34:15',NULL,NULL),(207,31,50551880.00,'delivered','2024-11-28 07:10:42','2024-11-28 07:34:15',NULL,NULL),(208,41,0.00,'delivered','2024-11-28 07:10:42','2024-11-28 07:34:15',NULL,NULL),(209,32,0.00,'delivered','2024-11-28 07:10:42','2024-11-28 07:34:15',NULL,NULL),(223,30,13990000.00,'pending','2024-11-28 19:52:26','2024-11-28 19:52:26',9,NULL),(224,33,18490000.00,'pending','2024-11-28 20:06:39','2024-11-28 20:06:39',15,NULL),(226,30,790000.00,'pending','2024-11-28 21:03:01','2024-11-28 21:03:01',26,NULL),(227,30,1490000.00,'processing','2024-11-28 21:26:19','2024-11-29 05:51:42',26,NULL),(228,33,17490000.00,'delivered','2024-11-29 23:06:48','2024-11-29 23:07:19',15,NULL),(229,59,990000.00,'delivered','2024-11-29 23:11:21','2024-11-29 23:11:32',28,NULL),(230,30,2290000.00,'pending','2024-11-30 07:00:29','2024-11-30 07:00:29',26,NULL),(231,60,1490000.00,'delivered','2024-11-30 07:11:20','2024-11-30 07:11:54',29,NULL),(232,60,990000.00,'delivered','2024-11-30 07:13:35','2024-11-30 07:13:54',29,NULL),(233,60,1490000.00,'delivered','2024-11-30 07:36:25','2024-11-30 07:36:46',29,NULL);
/*!40000 ALTER TABLE `orders` ENABLE KEYS */;
UNLOCK TABLES;

--
-- Table structure for table `payments`
--

DROP TABLE IF EXISTS `payments`;
/*!40101 SET @saved_cs_client     = @@character_set_client */;
/*!50503 SET character_set_client = utf8mb4 */;
CREATE TABLE `payments` (
  `id` int NOT NULL AUTO_INCREMENT,
  `order_id` int DEFAULT NULL,
  `payment_date` datetime DEFAULT NULL,
  `amount` decimal(10,2) DEFAULT NULL,
  `method` varchar(255) DEFAULT NULL,
  `status` enum('pending','completed','failed','refunded') DEFAULT 'pending',
  PRIMARY KEY (`id`),
  KEY `order_id` (`order_id`),
  CONSTRAINT `payments_ibfk_1` FOREIGN KEY (`order_id`) REFERENCES `orders` (`id`)
) ENGINE=InnoDB DEFAULT CHARSET=utf8mb4 COLLATE=utf8mb4_0900_ai_ci;
/*!40101 SET character_set_client = @saved_cs_client */;

--
-- Dumping data for table `payments`
--

LOCK TABLES `payments` WRITE;
/*!40000 ALTER TABLE `payments` DISABLE KEYS */;
/*!40000 ALTER TABLE `payments` ENABLE KEYS */;
UNLOCK TABLES;

--
-- Table structure for table `product_images`
--

DROP TABLE IF EXISTS `product_images`;
/*!40101 SET @saved_cs_client     = @@character_set_client */;
/*!50503 SET character_set_client = utf8mb4 */;
CREATE TABLE `product_images` (
  `id` int NOT NULL AUTO_INCREMENT,
  `product_id` int unsigned NOT NULL,
  `image_url` varchar(1000) NOT NULL,
  `is_primary` tinyint(1) DEFAULT '0',
  `created_at` timestamp NULL DEFAULT CURRENT_TIMESTAMP,
  PRIMARY KEY (`id`),
  KEY `product_id` (`product_id`),
  CONSTRAINT `product_images_ibfk_1` FOREIGN KEY (`product_id`) REFERENCES `products` (`id`) ON DELETE CASCADE
) ENGINE=InnoDB DEFAULT CHARSET=utf8mb4 COLLATE=utf8mb4_0900_ai_ci;
/*!40101 SET character_set_client = @saved_cs_client */;

--
-- Dumping data for table `product_images`
--

LOCK TABLES `product_images` WRITE;
/*!40000 ALTER TABLE `product_images` DISABLE KEYS */;
/*!40000 ALTER TABLE `product_images` ENABLE KEYS */;
UNLOCK TABLES;

--
-- Table structure for table `products`
--

DROP TABLE IF EXISTS `products`;
/*!40101 SET @saved_cs_client     = @@character_set_client */;
/*!50503 SET character_set_client = utf8mb4 */;
CREATE TABLE `products` (
  `id` int unsigned NOT NULL AUTO_INCREMENT,
  `category_id` int DEFAULT NULL,
  `name` varchar(255) NOT NULL,
  `description` text,
  `created_at` timestamp NULL DEFAULT CURRENT_TIMESTAMP,
  `updated_at` timestamp NULL DEFAULT CURRENT_TIMESTAMP ON UPDATE CURRENT_TIMESTAMP,
  `brand_id` int DEFAULT NULL,
  `image_url` varchar(1000) DEFAULT NULL,
  PRIMARY KEY (`id`),
  KEY `category_id` (`category_id`),
  KEY `fk_product_brand` (`brand_id`),
  CONSTRAINT `fk_product_brand` FOREIGN KEY (`brand_id`) REFERENCES `brands` (`id`),
  CONSTRAINT `products_ibfk_1` FOREIGN KEY (`category_id`) REFERENCES `categories` (`id`)
) ENGINE=InnoDB AUTO_INCREMENT=109 DEFAULT CHARSET=utf8mb4 COLLATE=utf8mb4_0900_ai_ci;
/*!40101 SET character_set_client = @saved_cs_client */;

--
-- Dumping data for table `products`
--

LOCK TABLES `products` WRITE;
/*!40000 ALTER TABLE `products` DISABLE KEYS */;
INSERT INTO `products` VALUES (1,1,'iPhone 16 Pro Max 256GB | Chính hãng VN/A','Đặc điểm nổi bật của iPhone 16 Pro Max 256GB | Chính hãng VN/A\r\nMàn hình Super Retina XDR 6,9 inch lớn hơn có viền mỏng hơn, đem đến cảm giác tuyệt vời khi cầm trên tay.\r\nĐiều khiển Camera - Chỉ cần trượt ngón tay để điều chỉnh camera giúp chụp ảnh hoặc quay video đẹp hoàn hảo và siêu nhanh.\r\niPhone 16 Pro Max có thiết kế titan cấp 5 với lớp hoàn thiện mới, tinh tế được xử lý bề mặt vi điểm.\r\niPhone 16 Pro Max được cài đặt sẵn hệ điều hành iOS 18, cho giao diện trực quan, dễ sử dụng và nhiều tính năng hữu ích.\r\niPhone 16 Pro Max có màn hình OLED 6.9 inch, với công nghệ màn hình Super Retina XDR, camera gồm: ống kính Fusion 48MP và Ultra Wide 48MP và camera Telephoto 5x 12MP, kết hợp camera trước 12MP chụp hình sắc nét đến từng chi tiết nhỏ, ghi lại những khoảnh khắc bên gia đình. Chiếc điện thoại iPhone 16 mới này được trang bị chip A18 Pro với 6 lõi CPU và 6 lõi GPU cùng với Neural Engine 16 lõi.','2024-11-26 11:16:25','2024-11-26 11:16:25',211,'/assets/uploads/products/product-1732619785144-516879216.webp'),(2,1,'Samsung Galaxy Z Fold6 12GB 256GB','ặc điểm nổi bật của Samsung Galaxy Z Fold6 12GB 256GB\r\nMàn hình chính Dynamic AMOLED 2X 7.6 inch cho trải nghiệm giải trí, làm việc đỉnh cao.\r\nChip Snapdragon 8 Gen 3 cho tốc độ xử lý siêu nhanh, đáp ứng tốt mọi nhu cầu sử dụng.\r\nCamera chính 50.0 MP ghi lại những khoảnh khắc đẹp với độ chi tiết, màu sắc ấn tượng.\r\nPin 4400mAh cho phép bạn sử dụng điện thoại cả ngày dài mà không cần lo lắng về việc hết pin.\r\nSamsung Z Fold 6 là siêu phẩm điện thoại gập được ra mắt ngày 10/7, hiệu năng dẫn đầu phân khúc với chip 8 nhân Snapdragon 8 Gen 3 for Galaxy, 12GB RAM cùng bộ nhớ trong từ 256GB đến 1TB. Thay đổi mạnh mẽ về hiệu năng và thiết kế, Galaxy Z Fold 6 hứa hẹn sẽ là chiếc smartphone AI đáng sở hữu nhất nửa cuối năm 2024. Cùng CellphoneS cập nhật tất tần tật thông tin về Galaxy Z Fold6 ngay đây nhé!','2024-11-26 12:05:06','2024-11-26 12:05:06',212,'/assets/uploads/products/product-1732622706889-868793010.webp'),(3,1,'iPhone 15 Pro Max 256GB | Chính hãng VN/A','Đặc điểm nổi bật của iPhone 15 Pro Max 256GB | Chính hãng VN/A\r\nThiết kế khung viền từ titan chuẩn hàng không vũ trụ - Cực nhẹ, bền cùng viền cạnh mỏng cầm nắm thoải mái\r\nHiệu năng Pro chiến game thả ga - Chip A17 Pro mang lại hiệu năng đồ họa vô cùng sống động và chân thực\r\nThoả sức sáng tạo và quay phim chuyên nghiệp - Cụm 3 camera sau đến 48MP và nhiều chế độ tiên tiến\r\nNút tác vụ mới giúp nhanh chóng kích hoạt tính năng yêu thích của bạn','2024-11-26 12:08:06','2024-11-26 12:14:53',211,'/assets/uploads/products/product-1732623293061-225652878.webp'),(4,1,'iPhone 13 128GB | Chính hãng VN/A','Đặc điểm nổi bật của iPhone 13 128GB | Chính hãng VN/A\r\nHiệu năng vượt trội - Chip Apple A15 Bionic mạnh mẽ, hỗ trợ mạng 5G tốc độ cao\r\nKhông gian hiển thị sống động - Màn hình 6.1\" Super Retina XDR độ sáng cao, sắc nét\r\nTrải nghiệm điện ảnh đỉnh cao - Camera kép 12MP, hỗ trợ ổn định hình ảnh quang học\r\nTối ưu điện năng - Sạc nhanh 20 W, đầy 50% pin trong khoảng 30 phút','2024-11-26 12:10:19','2024-11-26 12:10:19',211,'/assets/uploads/products/product-1732623019854-193338401.webp'),(5,1,'iPhone 12 64GB | Chính hãng VN/A','Đặc điểm nổi bật của iPhone 12 64GB | Chính hãng VN/A\r\nMạnh mẽ, siêu nhanh với chip A14, RAM 4GB, mạng 5G tốc độ cao\r\nRực rỡ, sắc nét, độ sáng cao - Màn hình OLED cao cấp, Super Retina XDR hỗ trợ HDR10, Dolby Vision\r\nChụp đêm ấn tượng - Night Mode cho 2 camera, thuật toán Deep Fusion, Smart HDR 3\r\nBền bỉ vượt trội - Kháng nước, kháng bụi IP68, mặt lưng Ceramic Shield\r\nDù Apple vừa giới thiệu dòng điện thoại iPhone 13 series tuy nhiên iPhone 12 vẫn đang là một trong những sự lựa chọn hàng đầu ở thời điểm hiện tại. Chiếc flagship năm 2020 của \"Táo khuyết\" đang nhận được rất nhiều sự quan tâm của người dùng bởi mức giá dễ tiếp cận hơn so với thời điểm ra mắt, đồng thời được trang bị cấu hình, màn hình, camera ấn tượng trong tầm giá.','2024-11-26 12:12:10','2024-11-26 12:12:10',211,'/assets/uploads/products/product-1732623130334-177115531.webp'),(6,1,'iPhone 14 Plus 256GB | Chính hãng VN/A','Đặc điểm nổi bật của iPhone 14 Plus 256GB | Chính hãng VN/A\r\nTrải nghiệm thị giác ấn tượng - Màn hình lớn 6.7\"\" sắc nét với công nghệ Super Retina XDR\r\nSử dụng lâu dài với viên pin lớn giúp phát video liên tục lên tới 26 giờ\r\nTuyệt đỉnh thiết kế, tỉ mỉ từng đường nét - Nâng cấp toàn diện với kiểu dáng mới, nhiều lựa chọn màu sắc trẻ trung\r\nHiệu năng hàng đầu thế giới - Apple A15 Bionic 6 nhân xử lí nhanh, ổn định\r\niPhone 14 Plus 256GB có kích thước màn hình là 6.7 inch, sở hữu kiểu thiết kế quen thuộc với 2 mặt kính được ép chặt bởi khung viền kim loại mang đến trải nghiệm sử dụng chắc chắn, liền lạc và có tính thẩm mỹ cao. iPhone 14 Plus còn có hệ thống camera kép mới, phát hiện sự cố, dịch vụ an toàn đầu tiên trong ngành điện thoại thông minh với SOS khẩn cấp qua vệ tinh và tuổi thọ pin tốt nhất trên iPhone. Hãy cùng CellphoneS tìm hiểu thông tin chi tiết về cấu hình iPhone 14 đặc biệt là bản Plus trong phần nội dung dưới đây!','2024-11-26 12:14:12','2024-11-26 12:14:12',211,'/assets/uploads/products/product-1732623252475-610480964.webp'),(7,1,'Samsung Galaxy Z Fold6 12GB 1TB','Đặc điểm nổi bật của Samsung Galaxy Z Fold6 12GB 1TB\r\nMàn hình chính Dynamic AMOLED 2X 7.6 inch cho trải nghiệm giải trí, làm việc đỉnh cao.\r\nChip Snapdragon 8 Gen 3 cho tốc độ xử lý siêu nhanh, đáp ứng tốt mọi nhu cầu sử dụng.\r\nCamera chính 50.0 MP ghi lại những khoảnh khắc đẹp với độ chi tiết, màu sắc ấn tượng.\r\nPin 4400mAh cho phép bạn sử dụng điện thoại cả ngày dài mà không cần lo lắng về việc hết pin.','2024-11-26 12:17:18','2024-11-26 12:17:18',212,'/assets/uploads/products/product-1732623438018-5266505.webp'),(8,1,'TECNO CAMON 30S 8GB 256GB','Đặc điểm nổi bật của TECNO CAMON 30S 8GB 256GB\r\nMàn hình AMOLED 6.78 inches - Hiển thị hình ảnh rực rỡ, sắc nét, mang lại trải nghiệm giải trí và xem phim tuyệt vời.\r\nChipset Mediatek G100- Hiệu suất ổn định, đáp ứng tốt nhu cầu chơi game và các tác vụ nặng.\r\nRAM 8GB + Bộ nhớ trong 256GB: Cung cấp hiệu năng mạnh mẽ, cho phép người dùng lưu trữ nhiều ứng dụng và dữ liệu mà không lo đầy bộ nhớ.\r\nChất lượng hình ảnh sắc nét, hỗ trợ nhiều tính năng chụp ảnh chuyên nghiệp, phù hợp cho nhu cầu chụp ảnh cao cấp.','2024-11-26 12:18:34','2024-11-26 12:18:34',212,'/assets/uploads/products/product-1732623514552-927393298.webp'),(9,1,'Samsung Galaxy S24 Ultra 12GB 256GB','Đặc điểm nổi bật của Samsung Galaxy S24 Ultra 12GB 256GB\r\nTrải nghiệm đỉnh cao với hiệu năng mạnh mẽ từ vi xử lý tân tiến, kết hợp cùng RAM 12GB cho khả năng đa nhiệm mượt mà.\r\nLưu trữ thoải mái mọi ứng dụng, hình ảnh và video với bộ nhớ trong 256GB.\r\nNâng tầm nhiếp ảnh di động với hệ thống camera tiên tiến, cho ra đời những bức ảnh và video chất lượng chuyên nghiệp.\r\nThiết kế sang trọng, đẳng cấp, khẳng định phong cách thời thượng.\r\nSamsung S24 Ultra là siêu phẩm smartphone đỉnh cao mở đầu năm 2024 đến từ nhà Samsung với chip Snapdragon 8 Gen 3 For Galaxy mạnh mẽ, công nghệ tương lai Galaxy AI cùng khung viền Titan đẳng cấp hứa hẹn sẽ mang tới nhiều sự thay đổi lớn về mặt thiết kế và cấu hình. SS Galaxy S24 bản Ultra sở hữu màn hình 6.8 inch Dynamic AMOLED 2X tần số quét 120Hz. Máy cũng sở hữu camera chính 200MP, camera zoom quang học 50MP, camera tele 10MP và camera góc siêu rộng 12MP.\r\n\r\nNội dung chính\r\n\r\n1. Vì sao nên mua Samsung Galaxy S24 Ultra?\r\n2. Mua Samsung S24 Ultra ưu đãi đặc quyền tại CellphoneS\r\n3. So sánh Samsung Galaxy S24 Ultra vs S23 Ultra\r\n4. Samsung Galaxy S24 Ultra - AI Phone với nhiều công nghệ vượt bậc \r\n4.1. AI phone đầu tiên của Samsung, mang đến trải nghiệm mới lạ và tiện nghi\r\n4.2. Camera cao cấp 200MP với nhiều tính năng vượt trội\r\n4.3. Dung lượng pin lớn 5000mAh, sử dụng lên đến ngày dài\r\n4.4. Tích hợp bút S-Pen, thực hiện nhiều tác vụ thoải mái\r\n4.5. Thiết kế có sự thay đổi lớn với khung viền Titanium\r\n4.6. Hiệu năng mạnh mẽ với chipset Snapdragon 8 Gen 3 for Galaxy\r\n4.7. Chia sẻ nhanh chóng với Quick Share\r\n5. Điện thoại Samsung Galaxy S24 Ultra giá bao nhiêu?\r\n6. Samsung Galaxy S24, S24 Ultra và S24 Plus ra mắt khi nào?\r\n7. Sự khác biệt chính của S24 Ultra so với phiên bản trước nằm ở điểm nào?\r\n8. Công nghệ nhiếp ảnh và camera trên S24 Ultra có gì nổi bật?\r\n9. Có thể chuyển đổi từ iOS sang Galaxy hay không?\r\n10. Samsung S24 bản Ultra có chống nước, chống bụi không?\r\n11. Điện thoại Samsung Galaxy S24 Ultra có mấy màu? Màu nào mới?\r\n12. Galaxy S24 Ultra có dung lượng RAM/ROM là bao nhiêu?\r\n13. Galaxy S24 Ultra có đi kèm bút S-Pen không?\r\n14. Trải nghiệm ngay trên tay sản phẩm Samsung S24 Ultra tại cửa hàng CellphoneS\r\n15. Tổng hợp tin đồn Samsung S24 Ultra trước ngày ra mắt\r\n15.1. Rò rỉ hình ảnh thực tế của Samsung S24 Ultra (Update ngày 10/1/2024)\r\n15.2. Samsung chính thức xác nhận thời gian ra mắt Samsung Galaxy S24 Series (Cập nhật ngày 3/1/2024)\r\n15.3. Có thể không còn camera tiềm vọng trên Samsung S24 Ultra (Cập nhật ngày 27/12/2023)\r\nVì sao nên mua Samsung Galaxy S24 Ultra?\r\nĐầu năm 2024, Samsung cho ra mắt Samsung S24 Ultra – Flagship dẫn đầu xu hướng với công nghệ AI tích hợp cùng nhiều tính năng và ưu điểm vượt trội khác. Các tính năng AI nổi bật trên điện thoại Samsung mới nhất bao gồm:\r\n\r\n- Galaxy AI với các tính năng Khoanh tròn để tìm kiếm, Photo Assist, Live Translate, Note Assist.\r\n\r\n- Khung viền bằng titan cứng cáp, giúp thiết bị bền bỉ theo thời gian.\r\n\r\n- Các phiên bản màu lấy cảm hứng từ chất liệu đá tự nhiên, mang đến vẻ đẹp sang trọng và hiện đại.\r\n\r\n- Camera tích hợp công nghệ AI tuyệt đỉnh, nâng tầm chất lượng và khả năng xử lý hình ảnh.\r\n\r\n- Hiệu năng cực đỉnh với chip Snapdragon 8 Gen3 for Galaxy, chiến game mượt mà.\r\n\r\n- Pin khoẻ 5000mAh, kéo dài thời gian sử dụng cả ngày dài, để không bỏ lỡ khoảnh khắc quan trọng.\r\n\r\n- Màn hình Dynamic AMOLED 2X với độ sáng lên đến 2600 nit, chìm đắm trong thế giới hình ảnh rực rỡ đầy màu sắc.\r\n\r\nSamsung Galaxy S24 Ultra là smartphone AI đáng sở hữu đầu năm 2024\r\n\r\nSamsung Galaxy S24 Ultra là smartphone AI đáng sở hữu đầu năm 2024\r\n\r\nCó thể thấy, sở hữu sớm Samsung S24 Ultra đồng nghĩa với việc bạn là một trong những người đầu tiên khám phá, trải nghiệm công nghệ hoàn toàn mới được tích hợp ngay trên chiếc điện thoại thông minh. Ngoài thiết kế sang trọng, có nhiều điểm cải tiến mới, thì thiết bị này còn hỗ trợ nâng cao trải nghiệm trong giải trí, học tập, làm việc thông qua AI - tính năng mà trước nay có thể các sản phẩm khác chưa làm được.\r\n\r\nMua Samsung S24 Ultra ưu đãi đặc quyền tại CellphoneS\r\nLà đại lý ủy quyền chính hãng của Samsung tại Việ Nam, do đó khi khách hàng mua Samsung S24 Ultra tại hệ thống sẽ được nhận nhiều ưu đãi hấp dẫn như:\r\n\r\n- Mua hàng trả góp 3 KHÔNG: KHÔNG  lãi suất - KHÔNG phụ phí - KHÔNG trả trước để sở hữu sớm S24 Ultra với chi phí hàng tháng hợp lý\r\n\r\n- Ưu đãi dành thêm khi là học sinh sinh viên: Xuất trình thẻ sinh viên khi mua hàng\r\n\r\n- Trợ giá lên đời hấp dẫn cùng nhiều ưu đãi thanh toán ngân hàng vô cùng giá trị\r\n\r\n\r\nMua Samsung S24 Ultra tại CellphoneS ưu đãi 10,5 triệu, trả góp 0%\r\n\r\nMua Samsung S24 Ultra tại CellphoneS ưu đãi hấp dẫn, trả góp 0%\r\n\r\nSo sánh Samsung Galaxy S24 Ultra vs S23 Ultra\r\nSamsung Galaxy S24 Ultra mang nhiều tính năng và cải tiến vượt trội hơn so với thế hệ trước - S23 Ultra. Cụ thể hơn bạn có thể tham khảo chi tiết qua bảng dưới đây.\r\n\r\nBảng so sánh chi tiết thông số SS S24 Ultra và S23 Ultra:\r\n\r\nThông số\r\n\r\nSamsung Galaxy S24 Ultra 12GB 256GB\r\n\r\nSamsung Galaxy S23 Ultra 256GB\r\n\r\nKích thước màn hình\r\n\r\n6.8 inches\r\n\r\n6.8 inches\r\n\r\nCông nghệ màn hình\r\n\r\nDynamic AMOLED 2X\r\n\r\nDynamic AMOLED 2X\r\n\r\nCamera sau\r\n\r\nCamera chính: 200MP, Laser AF, OIS\r\nCamera: 50MP, PDAF, OIS, zoom quang học 5x\r\nCamera tele: 10MP\r\nCamera góc siêu rộng: 12 MP, f/2.2, 13mm, 120˚\r\n\r\nSiêu rộng: 12MP, F2.2 (Dual Pixel AF)\r\nChính: 200MP, F1.7 OIS ±3° (Super Quad Pixel AF)\r\nTele 1: 10MP, F4.9 (10X, Dual Pixel AF) OIS,\r\nTele 2: 10MP, F2.4 (3X, Dual Pixel AF) OIS Thu phóng chuẩn không gian 100X\r\n\r\nCamera trước\r\n\r\n12 MP, f/2.2\r\n\r\n12MP, F2.2 (Dual Pixel AF)\r\n\r\nChipset\r\n\r\nSnapdragon 8 Gen 3 For Galaxy\r\n\r\nSnapdragon 8 Gen 2 (4 nm)\r\n\r\nCông nghệ NFC\r\n\r\nCó\r\n\r\nCó\r\n\r\nDung lượng RAM\r\n\r\n12 GB\r\n\r\n8 GB\r\n\r\nBộ nhớ trong\r\n\r\n256 GB\r\n\r\n256 GB\r\n\r\nPin\r\n\r\n5,000mAh\r\n\r\n5.000mAh\r\n\r\nThẻ SIM\r\n\r\nSIM 1 + SIM 2 / SIM 1 + eSIM / 2 eSIM\r\n\r\n2 Nano SIM hoặc 1 Nano + 1 eSIM\r\n\r\nHệ điều hành\r\n\r\nAndroid 14, One UI 6.1\r\n\r\nAndroid 13\r\n\r\nĐộ phân giải màn hình\r\n\r\n1440 x 3120 pixels\r\n\r\n1440 x 3088 pixels (QHD+)\r\n\r\nTính năng màn hình\r\n\r\nĐộ sáng cao nhất 2,600 nits, 120Hz, Corning® Gorilla® Armor®, 16 triệu màu\r\n\r\n120Hz, HDR10+, 1750 nits, Gorilla Glass Victus 2\r\n\r\nLoại CPU\r\n\r\n3.39GHz,3.1GHz,2.9GHz,2.2GHz\r\n\r\n1x3.36 GHz Cortex-X3 & 2x2.8 GHz Cortex-A715 & 2x2.8 GHz Cortex-A710 & 3x2.0 GHz Cortex-A510\r\n\r\nTương thích\r\n\r\nBút SPEN - tích hợp sẵn lên máy\r\n\r\nBút S-Pen\r\n\r\nSau khi so sánh 2 chiếc điện thoại trên, chắc hẳn bạn đã nắm được những thay đổi về thông số của Samsung Galaxy S24 Ultra. Ngay sau đây, hãy cùng CellphoneS tìm hiểu vì sao thiết bị này được gọi là AI Smartphone đầu tiên nhé!\r\n\r\nSamsung Galaxy S24 Ultra - AI Phone với nhiều công nghệ vượt bậc \r\nSamsung Galaxy S24 Ultra gây háo hức với người dùng nhờ những thay đổi lớn trong cả thiết kế lẫn hiệu năng. Những nâng cấp trên phiên bản cao cấp nhất của dòng Galaxy S24 Series là gì? Cùng CellphoneS tìm hiểu chi tiết hơn về mẫu flagship mới của Samsung trong bài đánh giá dưới đây:\r\n\r\nLà smartphone AI đầu tiên của Samsung với nhiều tính năng mới lạ\r\nCamera thông số khủng 200MP và công nghệ vượt trội\r\nPin lớn 5000mAh sử dụng liên tục hơn 30 giờ\r\nBút S-Pen hữu ích, thao tác dễ dàng\r\nMàn hình 6.8 inch tần số quét 120Hz\r\nThiết kế có sự thay đổi lớn với khung viền Titanium\r\nChipset Snapdragon 8 Gen 3 for Galaxy mạnh mẽ hàng đầu\r\nChia sẻ nhanh chóng với Quick Share\r\nNhững lý do nên mua Samsung Galaxy S24 Ultra ở thời điểm hiện tại\r\n\r\nNhững lý do nên mua Samsung Galaxy S24 Ultra ở thời điểm hiện tại\r\n\r\nCụ thể như sau:\r\n\r\nAI phone đầu tiên của Samsung, mang đến trải nghiệm mới lạ và tiện nghi\r\nĐiện thoại Samsung S24. S24 Plus và Ultra sẽ là AI Phone đầu tiên của hãng được tích hợp nhiều công nghệ trí tuệ nhân tạo tiên tiến. Điều này được mong chờ bởi mới đây, Samsung đã cho ra mắt mô hình trí tuệ nhân tạo với tên gọi Samsung Gauss AI. Mô hình AI này trang bị nhiều tính năng, có thể kể đến như:\r\n\r\n- Khoanh tròn vùng bất kỳ để tìm kiếm thông tin: Sử dụng bút S-Pen hoặc dùng tay khoanh tròn khu vực cần tìm kiếm khi lướt mạng xã hội\r\n\r\n- Phiên dịch cuộc gọi trực tiếp: Nhận được thông tin dịch thuật theo thời gian thực trong quá trình nói chuyện điện thoại\r\n\r\n- Trợ lý chỉnh ảnh chuyên nghiệp: Sử dụng các tuỳ chọn chỉnh sửa AI mới để bức ảnh hoàn hảo hơn như lấp đầy chỗ trống, di chuyển đối tượng,...\r\n\r\n- Trợ lý quyền năng Note Assist: Giúp tóm tắt được ý chính  trong tích tắc với đoạn văn bản bạn note vào\r\n\r\nSamsung Gauss AI nâng tầm trải nghiệm trên SS Galaxy S24 Ultra\r\n\r\nSamsung Gauss AI nâng tầm trải nghiệm trên SS Galaxy S24 Ultra\r\n\r\nCamera cao cấp 200MP với nhiều tính năng vượt trội\r\nMột nâng cấp mới và chắc chắn là ấn tượng nhất của Samsung Galaxy S24 Ultra chính là hệ thống camera. Samsung trang bị cho mẫu flagship cao cấp của mình hệ thống camera với độ phân giải lần lượt là 200MP + 50MP +12MP +10MP.\r\n\r\nS24 bản Ultra có hệ thống camera độ phân giải 200MP + 50MP +12MP +10MP\r\n\r\nS24 Ultra sẽ sử dụng cảm biến cao cấp với độ phân giải lên đến 200MP\r\n\r\nCamera chính của S24 Ultra sẽ sử dụng cảm biến cao cấp thế hệ mới, với độ phân giải lên đến 200MP. Ngoài camera chính, camera tele của điện thoại cũng sẽ được trang bị cảm biến mới để có thể phóng quang học 3x và 5x nhưng không làm giảm chất lượng hình ảnh thu được. Đồng thời camera tele còn có khả năng thu phóng kỹ thuật số lên đến 100x.\r\n\r\nKhông chỉ vậy, công nghệ ProVisual còn có thể phân tích đối tượng và cải thiện chất lượng hình ảnh một cách tự động, bao gồm việc điều chỉnh tông màu, giảm nhiễu và làm sắc nét.\r\n\r\nDung lượng pin lớn 5000mAh, sử dụng lên đến ngày dài\r\nVới viên pin dung lượng lớn 5.000 mAh và khả năng tối ưu hiệu năng vượt trội, SS Galaxy S24 Ultra mang đến thời lượng sử dụng ấn tượng. Thời gian xem video lên đến 30 giờ và nghe nhạc lên đến 90 giờ (tuỳ theo tình hình thực tế mà thời gian sử dụng có thể thay đổi). Nhờ vậy, bạn có thể thoải mái giải trí cả ngày dài mà không lo hết pin.\r\n\r\nS24 Ultra pin 5000mAh xem video lên đến 30 giờ và nghe nhạc lên đến 90 giờ\r\n\r\nTích hợp bút S-Pen, thực hiện nhiều tác vụ thoải mái\r\nBút S-Pen là một công cụ đa năng có thể được sử dụng để viết, vẽ, chỉnh sửa, và nhiều tác vụ khác. Việc tích hợp bút S-Pen giúp điện thoại S24 mới có khả năng tương thích cao với các ứng dụng và tính năng của bút.\r\n\r\nCụ thể, bút S-Pen có thể được sử dụng với các ứng dụng ghi chú, vẽ, và chỉnh sửa ảnh. Bút cũng có thể được sử dụng để điều khiển điện thoại từ xa, chẳng hạn như chụp ảnh, tua video, và điều hướng. Ngoài ra, bút S-Pen còn có thể được sử dụng để thực hiện các thao tác phức tạp hơn, chẳng hạn như chỉnh sửa văn bản, vẽ bản đồ, và tạo các bản trình bày.\r\n\r\nBút S-Pen trên S24 Ultra có thể được sử dụng với các ứng dụng ghi chú, vẽ, và chỉnh sửa ảnh\r\n\r\nSamsung S24 Ultra tích hợp với bút S-Pen \r\n\r\nMàn hình 6.8 inch lớn, tích hợp nhiều công nghệ tân tiến\r\n\r\nSamsung Galaxy S24 Ultra là mẫu flagship có màn hình kích thước lớn 6.8 inch, lớn hơn so với thế hệ tiền nhiệm S23 Ultra. Với kích thước này, thiết bị sẽ hoàn toàn có thể thay thế cho các mẫu tablet mini hiện có trên thị trường.\r\n\r\nTần số quét lên đến 120Hz giúp hạn chế tình trạng giật lag trong quá trình trải nghiệm. Với tấm nền QHD+ Dynamic AMOLED 2X, độ phân giải 3120x1440 pixel và độ sáng đạt kỷ lục đến 2.600 nits mà người dùng dễ dàng sử dụng ngoài trời, ngay khi có nắng gắt.\r\n\r\nSamsung S24 Ultra tấm nền QHD+ Dynamic AMOLED 2X, tần số quét 120Hz\r\n\r\nMàn hình lớn 6.8 inch, công nghệ QHD+ xịn xò\r\n\r\nNgoài ra,thiết bị còn tích hợp công nghệ Corning Gorilla Armor nhằm hỗ trợ tăng độ rõ nét hình ảnh và hạn chế ánh sáng phản xạ ngay cả dưới ánh nắng trực tiếp. Thêm vào đó, hình ảnh trở nên sống động bất ngờ nhờ vào công nghệ Vision Booster tăng cường độ màu sắc và sự tương phản.\r\n\r\nThiết kế có sự thay đổi lớn với khung viền Titanium\r\nSmartphone Galaxy S24 Ultra có sự thay đổi lớn trong thiết kế. Chi tiết hơn:\r\n\r\n- Khung viền dược chế tạo bởi CHẤT LIỆU TITANIUM bền bỉ, cứng cáp\r\n\r\n- Màn hình phẳng, vuông vức kích thước lớn 6.8 inch\r\n\r\n- Công nghệ Corning Gorilla Armor bảo vệ màn hình vượt trội\r\n\r\n- Kháng nước, kháng bụi đạt chuẩn IP68, an tâm thoả sức phiêu lưu\r\n\r\n- Các phiên bản màu sắc mới: Xám Titan, Tím Titan, Đen Titan, Vàng Titan\r\n\r\nSmartphone Galaxy S24 Ultra khác biệt với chất liệu Titanium, màu sắc mới và màn hình phẳng\r\n\r\nSmartphone Galaxy S24 Ultra khác biệt với chất liệu Titanium, màu sắc mới và màn hình phẳng\r\n\r\nHiệu năng mạnh mẽ với chipset Snapdragon 8 Gen 3 for Galaxy\r\nSnapdragon® 8 Gen 3 for Galaxy là con chip mạnh nhất Qualcomm tính đến hiện tại. Với tốc độ xử lý nhanh hơn 20% so với thế hệ trước, bạn có thể chơi các trò chơi đòi hỏi nhiều đồ họa cao trên Galaxy S24 Ultra. Công nghệ dò tia tiên tiến mang đến trải nghiệm đồ họa chân thực và sống động, với bóng mờ và hình ảnh phản chiếu siêu thực.\r\n\r\nSnapdragon 8 Gen 3 For Galaxy trên SS S24 Ultra xử lý nhanh hơn 20% so với thế hệ trước\r\n\r\nSử dụng Snapdragon 8 Gen 3 For Galaxy mạnh mẽ bậc nhất hiện tại\r\n\r\nNgoài ra, GPU cải thiện đến 30%, giúp đồ hoạ và hiệu suất mạnh mẽ hơn, NPU cải thiện đến 41% giúp cải thiện hoạt động với AI. Và để các tác vụ đa nhiệm diễn ra mượt mà, ổn định, Samsung còn trang bị 12GB RAM với dụng lượng lưu trữ 256GB ở phiên bản chuẩn.\r\n\r\nNgoài ra, điện thoại vẫn sẽ bao gồm thêm 2 tuỳ biến là 512GB và 1TB để người dùng lựa chọn sao cho phù hợp nhất với nhu cầu sử dụng của cá nhân. Đi kèm với điện thoại vẫn là một bút S-Pen được tích hợp đầy đủ các tính năng cảm ứng theo cử chỉ.\r\n\r\nChia sẻ nhanh chóng với Quick Share\r\nQuick Share là một tính năng chia sẻ không dây mới được giới thiệu trên các thiết bị Samsung Galaxy. Tính năng này cho phép bạn chia sẻ ảnh, video, tài liệu và hơn thế nữa với các thiết bị Galaxy khác một cách nhanh chóng và dễ dàng.\r\n\r\nChia sẻ nhanh chóng với Quick Share\r\n\r\nTuy nhiên, Quick Share không chỉ giới hạn ở các thiết bị Galaxy. Bạn cũng có thể sử dụng Quick Share để chia sẻ dữ liệu từ Galaxy S24 với người dùng iOS hoặc bạn bè và gia đình ở xa.\r\n\r\nĐiện thoại Samsung Galaxy S24 Ultra giá bao nhiêu?\r\nSamsung S24 Ultra có mức giá khởi điểm cho bản 256GB là từ 1.299,99 USD, bản 512GB với 1.419,99 USD và bản 1TB cao cấp nhất với 1.659,99 USD tại thị trường Mỹ. Tại Việt Nam, sản phẩm bản 256GB có giá khởi điểm từ 33.990.000đ, bản 512GB với 37.490.000đ và 1TB là 44.490.000đ. \r\n\r\nDưới đây là Bảng giá Samsung S24 mới nhất 11/2024:\r\n\r\nTên sản phẩm\r\n\r\nGiá bán\r\n\r\nGiá thu cũ lên đời\r\n\r\nSamsung Galaxy S24 Ultra 12GB 256GB\r\n\r\n29.990.000đ\r\n\r\n27.990.000đ\r\n\r\nSamsung Galaxy S24 Ultra 12GB 512GB\r\n\r\n33.490.000đ\r\n\r\n31.490.000đ\r\n\r\nSamsung Galaxy S24 Ultra 12GB 1TB\r\n\r\n38.490.000đ\r\n\r\n36.490.000đ\r\n\r\nGiá Samsung Galaxy S24 Ultra khởi điểm từ 33.990.000đ cho phiên bản 12GB 256GB\r\n\r\nSamsung S24 Ultra sẽ có mức giá khởi điểm cho bản 256GB tại Việt Nam là từ 33.990.000VND\r\n\r\nVới kích thước, cấu hình, camera và thời lượng sử dụng vượt trội hơn hẳn so với mặt bằng chung, Samsung Galaxy Ultra thế hệ 24 có thể sẽ là đối thủ đáng gờm để vươn lên vị trí dẫn đầu phân khúc smartphone cao cấp.\r\n\r\nSamsung Galaxy S24, S24 Ultra và S24 Plus ra mắt khi nào?\r\nChính thức: điện thoại Samsung Galaxy S24 Ultra và series S24 đã được ra mắt ngày 17/01/2024 tại sự kiện Galaxy Unpacked 2024 ở Mỹ (tức 1:00 AM ngày 18/1/2024 theo giờ Việt Nam). \r\n\r\nSamsung Galaxy S24 Ultra và series S24 đã được ra mắt ngày 17/01/2024 tại sự kiện Galaxy Unpacked 2024 ở Mỹ\r\n\r\nSamsung S24 series sẽ được ra mắt ngày 17/01/2024 (theo giờ Mỹ) tại sự kiện Galaxy Unpacked 2024 ở  (Mỹ)\r\n\r\nĐây là sự kiện được nhiều tín đồ công nghệ quan tâm và đánh giá cao bởi siêu phẩm mang những tính năng nổi bật, tích hợp những công nghệ dẫn đầu xu hướng. \r\n\r\nSự khác biệt chính của S24 Ultra so với phiên bản trước nằm ở điểm nào?\r\nNgoài màu sắc và chất liệu, điểm khác biệt lớn nhất của Galaxy S24 Ultra so với S23 Ultra nằm ở: hiệu suất, tản nhiệt, độ sáng màn hình và camera được cải thiện đáng kể.\r\n\r\nVề hiệu suất, Galaxy Ultra thế hệ 24 được trang bị bộ vi xử lý Snapdragon® 8 Gen 3 for Galaxy mới, mang đến hiệu năng NPU được cải thiện 41%, GPU 30% và CPU 20%. Điều này có nghĩa là Galaxy S24 bản Ultra có thể xử lý các tác vụ nặng một cách nhanh chóng và mượt mà, chẳng hạn như chơi game, chỉnh sửa video và chạy các ứng dụng đòi hỏi nhiều tài nguyên.\r\n\r\nđiểm khác biệt lớn nhất của Galaxy S24 Ultra so với S23 Ultra nằm ở: hiệu suất, tản nhiệt, độ sáng màn hình và camera\r\n\r\nVề khả năng tản nhiệt, Galaxy S24 mới 2024 được trang bị buồng hơi Vapor Chamber lớn hơn đến 92% so với Galaxy S23 Ultra. Điều này giúp cải thiện đáng kể khả năng tản nhiệt của điện thoại, giúp điện thoại không bị quá nóng khi sử dụng trong thời gian dài.\r\n\r\nVề độ sáng màn hình, ở điện thoại S24 bản Ultra mới nhất có độ sáng tối đa lên đến 2600 nits, cao hơn 18% so với Galaxy S23 Ultra. Điều này giúp màn hình điện thoại hiển thị rõ ràng hơn trong điều kiện ánh sáng mạnh. Ngoài ra, màn hình còn được trang bị lớp phủ Corning® Gorilla® Armor, giúp giảm thiểu độ phản chiếu ánh sáng mặt trời.\r\n\r\nMàn hình S24 Ultra có độ sáng tối đa lên đến 2600 nit - cao hơn 18% so với S23 Ultra\r\n\r\nCuối cùng, điện thoại Samsung 24 Ultra được trang bị camera góc rộng 200MP với công nghệ ProVisual hỗ trợ AI. Đây là lần đầu tiên tính năng này được trang bị trên điện thoại thông minh Galaxy. Công nghệ ProVisual giúp tự động điều chỉnh tông màu, độ bão hòa và độ sắc nét của hình ảnh, mang đến những bức ảnh đẹp mắt và chân thực hơn.\r\n\r\nCông nghệ nhiếp ảnh và camera trên S24 Ultra có gì nổi bật?\r\nChụp đêm sắc nét, chân thực: Với kích thước điểm ảnh lớn gấp 1,6 lần và OIS Tele rộng hơn, Galaxy S24 Ultra mang đến khả năng chụp đêm vượt trội. Bạn có thể chụp được những bức ảnh và thước phim sáng và ổn định hơn nhiều, ngay cả khi đối tượng ở rất xa.\r\n\r\n- Zoom linh hoạt, sắc nét đến từng chi tiết: Trang bị công nghệ zoom Quad Tele, cho phép bạn chụp cận cảnh đến 2x, 3x, 5x và thậm chí 10x.\r\n\r\n- AI Zoom - Phóng to thoải mái, hình ảnh vẫn rõ: Công nghệ AI Zoom mới trên SS S24 Ultra giúp bạn có thể phóng to từ 1x đến 100x mà hình ảnh vẫn rõ ràng. Nhờ AI Zoom liên tục nâng cao chất lượng từng điểm ảnh, bạn có thể dễ dàng thay đổi khung hình từ cả quang cảnh bao quát đến từng chi tiết cụ thể.\r\n\r\n- Super HDR: Thấy trước hình ảnh, chỉnh sửa ngay trong lúc chụp: Với phiên bản nâng cấp Super HDR mới nhất, hình ảnh xem trước sẽ được hiển thị chính xác chẳng khác nào thành quả chụp cuối cùng.\r\n\r\nCông nghệ chụp đêm vượt trội trên Samsung S24 Ultra kết hợp cùng sự hỗ trợ của AI\r\n\r\nCó thể chuyển đổi từ iOS sang Galaxy hay không?\r\nNếu bạn đang cân nhắc chuyển từ iPhone sang Galaxy S24 Ultra, bạn có thể yên tâm rằng việc chuyển dữ liệu của bạn sẽ dễ dàng. Với ứng dụng Smart Switch của Samsung, bạn có thể chuyển toàn bộ dữ liệu ảnh, danh bạ, lịch và ứng dụng của mình sang điện thoại Galaxy mới của mình chỉ trong vài phút.\r\n\r\nỨng dụng Smart Switch sẽ tự động quét iPhone của bạn để tìm dữ liệu có thể chuyển. Bạn có thể chọn dữ liệu nào bạn muốn chuyển, bao gồm:\r\n\r\n- Ảnh\r\n\r\n- Danh bạ\r\n\r\n- Lịch\r\n\r\n- Ghi chú\r\n\r\n- Cài đặt thiết bị\r\n\r\n- ...\r\n\r\nSmart Switch của Samsung giúp chuyển đổi thiết bị từ iPhone sang S24 Ultra và các thiết bị Galaxy khác\r\n\r\nSamsung S24 bản Ultra có chống nước, chống bụi không?\r\nCâu trả lời là có: Samsung S24 Ultra có khả năng chống nước và chống bụi với xếp hạng IP68. Điều này có nghĩa là điện thoại có thể ở trong nước ở độ sâu 1,5 mét trong tối đa 30 phút (Lưu ý: tuỳ theo điều kiện khác nhau và thời gian sử dụng mà khả năng chống nước có thể thay đổi). Khả năng chống nước và chống bụi của Samsung S24 bản Ultra là một tính năng hữu ích cho những người muốn sử dụng điện thoại của họ trong nhiều điều kiện khác nhau.\r\n\r\nS24 Ultra có thể ở trong nước ở độ sâu 1,5 mét trong tối đa 30 phút với chuẩn IP68\r\n\r\nĐiện thoại Samsung Galaxy S24 Ultra có mấy màu? Màu nào mới?\r\nSamsung Galaxy S24 còn có nhiều phiên bản màu sắc để người dùng lựa chọn. Lấy cảm hứng từ vẻ đẹp rực rỡ của các loại đá quý, mỗi sắc màu đều được tô điểm thêm nét mềm mại của chất liệu satin, mang đến cảm giác như một viên đá quý được mài giũa tinh xảo đến từng đường nét.\r\n\r\nPhiên bản màu sắc của Samsung Galaxy S24 Ultra bao gồm 4 màu:\r\n\r\n- Xám Titan: Màu sắc này mang đến vẻ ngoài sang trọng và lịch lãm\r\n\r\n- Tím Titan: Màu sắc mới lạ và độc đáo, mang đến vẻ ngoài\r\n\r\n- Đen Titan: Mang đến vẻ ngoài thời thượng và tinh tế\r\n\r\n- Vàng Titan: Mang đến vẻ ngoài quý phái, đẳng cấp\r\n\r\nBạn có thể lựa chọn phiên bản màu sắc titan phù hợp với sở thích và phong cách của mình.\r\n\r\nSamsung S24 Ultra có 4 màu sắc titan độc đáo là Xám, Tím, Đen và Vàng\r\n\r\nSamsung S24 Ultra có 4 màu sắc titan độc đáo là Xám, Tím, Đen và Vàng\r\n\r\nGalaxy S24 Ultra có dung lượng RAM/ROM là bao nhiêu?\r\nSS Galaxy S24 Ultra được trang bị RAM 12GB đi cùng bộ nhớ trong 256GB, 512GB hoặc 1TB. Dung lượng RAM lớn giúp điện thoại xử lý đa nhiệm mượt mà, không bị giật lag khi chạy nhiều ứng dụng cùng lúc. Dung lượng ROM lớn mang đến không gian lưu trữ rộng rãi, cho phép người dùng lưu trữ nhiều ảnh, video, nhạc, ứng dụng và trò chơi.\r\n\r\nSS Galaxy S24 Ultra được trang bị RAM 12GB đi cùng bộ nhớ trong 256GB, 512GB hoặc 1TB\r\n\r\nSS Galaxy S24 Ultra được trang bị RAM 12GB đi cùng bộ nhớ trong 256GB, 512GB hoặc 1TB\r\n\r\nGalaxy S24 Ultra có đi kèm bút S-Pen không?\r\nBút S-Pen là một trong những tính năng nổi bật của dòng Galaxy Note của Samsung. Với sự ra mắt của Galaxy S24 phiên bản Ultra, bút S Pen đã được tích hợp vào điện thoại, mang đến cho người dùng trải nghiệm viết vẽ và điều khiển máy một cách tiện lợi và thoải mái hơn.\r\n\r\nBút S Pen tích hợp trên Galaxy S24 Ultra có thiết kế nhỏ gọn và sang trọng\r\n\r\nBút S Pen tích hợp trên Galaxy S24 Ultra có thiết kế nhỏ gọn và sang trọng\r\n\r\nBút S Pen tích hợp trên Galaxy S24 Ultra có thiết kế nhỏ gọn và sang trọng. Thân bút được làm bằng chất liệu cao cấp, có độ bền cao. Bút có độ trễ cực thấp, mang đến trải nghiệm viết vẽ mượt mà và chính xác.\r\n\r\nTrải nghiệm ngay trên tay sản phẩm Samsung S24 Ultra tại cửa hàng CellphoneS\r\nNhằm giúp khách hàng có thể trải nghiệm trực tiếp và đánh giá khách quan về sản phẩm Galaxy AI mới đến từ Samsung, CellphoneS đã trang bị khu vực trưng bày hiện đại tại một số cửa hàng trên toàn quốc. Bạn có thể tìm kiếm cửa hàng trải nghiệm gần nhất tại website CellphoneS và tận tay vuốt chạm, tận mắt chứng kiến những công nghệ hiện đại trên Samsung S24 Ultra. \r\n\r\nTrải nghiệm ngay trên tay sản phẩm Samsung S24 Ultra tại cửa hàng CellphoneS\r\n\r\nTrải nghiệm ngay trên tay sản phẩm Samsung S24 Ultra tại cửa hàng CellphoneS\r\n\r\nTổng hợp tin đồn Samsung S24 Ultra trước ngày ra mắt\r\nDù chưa ra mắt nhưng Samsung Galaxy S24 Ultra đã thu hút sự chú ý của các tín đồ công nghệ, đặc biệt là Samfans. Sau đây là những tin tức cập nhật Samsung Galaxy S24 có gì mới được cập nhật thường xuyên để bạn tham khảo nhanh chóng:\r\n\r\n- Thiết kế vuông vức\r\n\r\n- Chụp đêm tốt hơn với camera AI 200MP\r\n\r\n- Thiết kế độ dày mỏng hơn so với S23\r\n\r\n- S24 2024 Ultra sở hữu 4 màu mới: Titanium Black (Đen), Titanium Gray (Xám), Titanium Violet (Tím), and Titanium Yellow (Vàng)\r\n\r\n- Khung viền titan hoàn toàn mới, cứng cáp và mỏng nhẹ hơn\r\n\r\n- Nhiều tính năng AI được tích hợp với Samsung Gauss AI\r\n\r\nCụ thể như sau:\r\n\r\nRò rỉ hình ảnh thực tế của Samsung S24 Ultra (Update ngày 10/1/2024)\r\nẢnh thực tế của Galaxy S24 Ultra vừa bị rò rỉ trên internet đã làm hé lộ gần như trọn vẹn thiết kế của mẫu smartphone cao cấp sắp được ra mắt này. Theo đó, 2 hình ảnh mặt trước và mặt sau của Galaxy mới vừa được tài khoản Twitter có tên Amir chia sẻ. Những hình ảnh này cho thấy trên sản phẩm có dán số hiệu, nhiều khả năng đây là sản phẩm hoàn thiện và đang được thử nghiệm trong nhà máy lắp ráp của Samsung.\r\n\r\nRò rỉ hình ảnh thực tế của Samsung S24 Ultra \r\n\r\nSản phẩm vẫn sở hữu thiết kế tổng thể vuông vức và hầu như không có sự khác biệt nào so với bộ đôi Galaxy S22 Ultra và S23 Ultra ra mắt trước đây. Tuy nhiên, nếu quan sát kỹ, bạn có thể nhận ra Galaxy S24 Ultra sở hữu màn hình phẳng, giúp điện thoại trở nên sắc nét và mạnh mẽ hơn, thay vì kiểu thiết kế màn hình cong như các phiên bản tiền nhiệm.\r\n\r\nMặt sau của sản phẩm vẫn là cụm 4 camera kèm cảm biến laser lấy nét như phiên bản cũ. Nhiều nguồn tin cho biết Samsung vẫn trang bị camera chính 200 megapixel, tuy nhiên, camera tele hỗ trợ zoom quang học 10x sẽ bị thay thế bởi camera tele zoom quang học 5x.\r\n\r\nSamsung chính thức xác nhận thời gian ra mắt Samsung Galaxy S24 Series (Cập nhật ngày 3/1/2024)\r\nThông tin Samsung sẽ cho ra mắt hàng loạt sản phẩm Samsung Galaxy S mới vào ngày 17/1/2024 đã được lan truyền trước đó. Mới đây Samsung Việt Nam đã chính thức lên tiếng xác nhận rằng sự kiện sẽ diễn ra vào lúc 10 giờ sáng ngày 17/1/2024 theo giờ PDT, tương đương với 1 giờ sáng ngày 18/1/2024 theo giờ Việt Nam. Sự kiện sẽ được phát trực tiếp trên trang web và kênh YouTube của Samsung.\r\n\r\nSamsung Galaxy S24 Ultra\r\n\r\nSamsung Galaxy S24 Ultra là 1 trogn những chiếc smartphone hàng đầu của Samsung, được trang bị nhiều tính năng AI thông minh. Trí tuệ nhân tạo đang trở thành xu hướng chủ đạo của các smartphone cao cấp, với chipset Qualcomm Snapdragon 8 Gen 3 đều được tích hợp khả năng AI ấn tượng.\r\n\r\nCó thể không còn camera tiềm vọng trên Samsung S24 Ultra (Cập nhật ngày 27/12/2023)\r\nTheo các nguồn tin ban đầu, điện thoại Samsung S24 bản Ultra một camera tiềm vọng độ phân giải 50MP với khả năng zoom quang 5x. Tuy nhiên, sau đó, báo The Elec lại đưa tin sản phẩm sẽ có camera tiềm vọng độ phân giải 10 megapixel với khả năng zoom quang 10x.\r\n\r\nMới đây, tài khoản X đã đăng tải hình ảnh SS S24 Ultra, cho thấy chiếc điện thoại này vẫn có camera tiềm vọng độ phân giải 50 megapixel với khả năng zoom quang 10x, giống như các nguồn tin ban đầu.\r\n\r\nNhiều thông tin cho thấy Samsung S24 bản Ultra vẫn có camera tiềm vọng độ phân giải 50MP với khả năng zoom quang 10x\r\n\r\nĐiện thoại Samsung S24 bản Ultra một camera tiềm vọng độ phân giải 50MP\r\n\r\nViệc điện thoại S24 bản Ultra sử dụng camera tiềm vọng độ phân giải 50 megapixel được đánh giá là quyết định sáng suốt của Samsung. Cảm biến lớn hơn giúp hình ảnh có chi tiết tốt hơn, đặc biệt là khi zoom xa. Ngoài ra, thiết bị có thể sử dụng công nghệ crop cảm biến hay zoom kỹ thuật số để đạt được mức zoom 10x.\r\n\r\nBên cạnh camera, S24 Ultra dự kiến sẽ được cải tiến với thiết kế phẳng hơn, khung sườn bằng titanium, màn hình Dynamic AMOLED 2X kích thước 6,8 inch độ phân giải QHD, chip Snapdragon 8 Gen 3, RAM 12 GB và hai phiên bản bộ nhớ trong là 256 và 512 GB, 1TB. Pin vẫn giữ dung lượng 5.000 mAh.\r\n\r\nXem thêm  \r\nCâu hỏi thường gặp\r\n\r\nĐiện thoại Samsung Galaxy S24 Ultra sử dụng con chip gì?\r\n\r\n\r\n\r\nSamsung Gauss AI trên Galaxy S24 là gì?\r\n\r\n\r\n\r\nChất liệu titan trên S24 Ultra là gì và có gì đặc biệt?\r\n\r\n\r\n\r\nĐiện thoại Samsung S24 có mấy loại? Mấy phiên bản bộ nhớ?\r\n\r\n\r\n\r\n\r\nPin Samsung S24 bao nhiêu mAh? Dùng được bao nhiêu tiếng?\r\n\r\n\r\nVì sao Samsung Galaxy S24 được gọi là AI Smartphone?\r\n\r\nCellphoneS có Samsung Galaxy S24 Ultra để trải nghiệm không?\r\n\r\nĐánh giá & nhận xét Samsung Galaxy S24 Ultra 12GB 256GB\r\n4.9/5\r\n\r\n31 đánh giá\r\n\r\n5\r\n\r\n27 đánh giá\r\n4\r\n\r\n4 đánh giá\r\n3\r\n\r\n0 đánh giá\r\n2\r\n\r\n0 đánh giá\r\n1\r\n\r\n0 đánh giá\r\nĐánh giá theo trải nghiệm\r\nHiệu năng\r\n5/5\r\n(28)\r\nThời lượng pin\r\n4.9/5\r\n(28)\r\nChất lượng camera\r\n5/5\r\n(28)\r\nBạn đánh giá sao về sản phẩm này?\r\n\r\nLọc theo\r\nTất cả\r\nCó hình ảnh\r\nĐã mua hàng\r\n5\r\n\r\n4\r\n\r\n3\r\n\r\n2\r\n\r\n1\r\n\r\nĐánh giá & nhận xét\r\nĐánh giá chung\r\nRất Tệ\r\n\r\nTệ\r\n\r\nBình thường\r\n\r\nTốt\r\n\r\nTuyệt vời\r\n\r\nXin mời chia sẻ một số cảm nhận về sản phẩm (nhập tối thiểu 15 kí tự)\r\nThêm hình ảnh\r\nN\r\n\r\nNam Đây Lại\r\n7/11/2024 02:48\r\n\r\nHiệu năng Siêu mạnh mẽ\r\nThời lượng pin Cực khủng\r\nChất lượng camera Chụp đẹp, chuyên nghiệp\r\nOk nhanh nhiệt tình\r\n\r\nn\r\n\r\nnguyễn khang\r\n1/11/2024 19:17\r\n\r\nHiệu năng Siêu mạnh mẽ\r\nThời lượng pin Cực khủng\r\nChất lượng camera Chụp đẹp, chuyên nghiệp\r\nadsadsdsdasdsadsadasdsa\r\n\r\nH\r\n\r\nHuy Lê\r\n26/10/2024 01:58\r\n\r\nHiệu năng Siêu mạnh mẽ\r\nThời lượng pin Cực khủng\r\nChất lượng camera Chụp đẹp, chuyên nghiệp\r\nhủy giùm em.....................\r\n\r\nH\r\n\r\nHungg Le Dinh\r\n20/10/2024 16:40\r\n\r\nHiệu năng Siêu mạnh mẽ\r\nThời lượng pin Cực khủng\r\nChất lượng camera Chụp đẹp, chuyên nghiệp\r\nRất đáng mua, tôi thích dùng samsung hơn là iphone\r\n\r\nn\r\n\r\nnguyễn khang\r\n18/10/2024 18:15\r\n\r\nHiệu năng Siêu mạnh mẽ\r\nThời lượng pin Cực khủng\r\nChất lượng camera Chụp đẹp, chuyên nghiệp\r\ncặc cu chim cò bướm bay ba vòng đậu lên cành hồng\r\n\r\nXem thêm\r\nHỏi và đáp\r\n\r\ncps ant icon\r\nXin mời để lại câu hỏi, CellphoneS sẽ trả lời lại trong 1h, các câu hỏi sau 22h - 8h sẽ được trả lời vào sáng hôm sau\r\nXin mời để lại câu hỏi, CellphoneS sẽ trả lời lại trong 1h, các câu hỏi sau 22h - 8h sẽ được trả lời vào sáng hôm sau\r\n\r\nP\r\nPhạm Thị Thanh Hiền\r\n\r\n 1 tuần trước\r\nEm thấy có ghi công nghệ sạc nhanh 45W, mà còn có thêm công nghệ Sạc siêu nhanh. Vậy cho em hỏi cái siêu nhanh đó là công suất bao nhiêu w ạ?\r\n\r\n\r\n Trả lời\r\nQuản trị viên\r\n\r\nQTV\r\n 1 tuần trước\r\nCellphoneS xin chào chị Hiền,\r\nSạc siêu nhanh là công nghệ được Samsung trang bị trực tiếp trên máy dựa theo củ sạc 45w chính hãng đi kèm Samsung Galaxy S24 Ultra 12GB 256GB ĐEN giá hiện tại: 29.990.000đ (HCM) ạ.\r\nĐể tránh hết hàng mình cho em xin số điện thoại và địa chỉ để em lên đơn giữ hàng trong 24h tại cửa hàng gần nhất cho mình nhé.Thông tin đến chị!\r\n\r\n Trả lời\r\nH\r\nHoàng trung Hải\r\n\r\n 2 tuần trước\r\nBên mình có bán Đồng hồ junior 09 luxury\r\n\r\n\r\n Trả lời\r\nQuản trị viên\r\n\r\nQTV\r\n 2 tuần trước\r\nCellphoneS xin chào anh Hải\r\nDạ bên em chưa kinh doanh Đồng hồ Junior 09 Luxury , hiện bên em chỉ có vài mẫu đồng hồ này mình xem tham khảo và chọn đúng khu vực để xem giá và khuyến mãi chính xác ạ\r\nhttps://cellphones.com.vn/do-choi-cong-nghe/dong-ho-dinh-vi-tre-em.html?stock_available_id=46amp;dir=ascamp;order=filter_price#\r\nThân mến\r\n\r\n Trả lời\r\nP\r\nPhương Trang\r\n\r\n 2 tuần trước\r\nĐt này nếu đến cửa hàng mua trực tiếp trong hôm nay thì giá bao nhiêu vậy\r\n\r\n\r\n Trả lời\r\nQuản trị viên\r\n\r\nQTV\r\n 2 tuần trước\r\nCellphoneS xin chào chị Phương Trang\r\nSamsung Galaxy S24 Ultra 12GB 256GB Đen dạ giá thời điểm hiện tại ở miền nam 26.490.000đ\r\nDạ mình quan tâm màu nào ạ ?\r\nCellphoneS hiện đang có chương trình thu cũ và trợ giá lên đời (tuỳ dòng) đối với nhóm sản phẩm laptop, điện thoại,... - Chi tiết mình có thể tham khảo tại: https://cps.onl/thucu-doimoi - Hoặc mình cho em xin thông tin sản phẩm cũ để em kiểm tra giúp mình nhé.\r\nDạ mình hiện ở khu vực Tỉnh, Thành, Quận nào vậy ạ?\r\nMong sớm nhận phản hồi từ chị\r\n\r\n Trả lời\r\nt\r\ntruc\r\n\r\n 3 tuần trước\r\nBên mình muốn trả góp qua sam sung finance thì cần điều kiện gì ko ạ ?\r\n\r\n\r\n Trả lời\r\nQuản trị viên\r\n\r\nQTV\r\n 3 tuần trước\r\nCellphoneS xin chào Chị Truc\r\nSAMSUNG GALAXY S24 ULTRA 12GB 256GB ĐEN (S928) giá khuyến mãi hiện tại là 27.990.000 (giá ở khu vực miền Nam)\r\nDạ sản phẩm có hỗ trợ trả góp qua Samsung Finance plus lãi suất 0%, trả trước 0đ kỳ hạn 6 tháng - mỗi tháng góp dự kiến 4.682.000. Giấy tờ cần có: CMND/CCCD - phí tham gia : 99.000đ\r\nMình đăng ký thông tin tại đây và đến shop để làm thủ tục ạ https://cellphones.com.vn/samsung-finance-plus\r\nDạ không biết khi nào mình tiện đến cửa hàng bên em ạ , để em hỗ trợ mình giữ hàng tại cửa hàng 24h tránh tình trạng hết hàng ạ.\r\nXin thông tin đến Chị.\r\n\r\n Trả lời\r\nK\r\nKiên Hồng\r\n\r\n 3 tuần trước\r\ne đang dùng iphone 11 pro và 11 thường 1 máy đẵ thay pin rồi bên mk có áp dụng thu cũ không ạ\r\n\r\n\r\n Trả lời\r\nQuản trị viên\r\n\r\nQTV\r\n 3 tuần trước\r\nCellphoneS xin chào Anh Kiên Hồng\r\nSAMSUNG GALAXY S24 ULTRA 12GB 256GB ĐEN (S928) giá khuyến mãi hiện tại là 27.990.000 (giá ở khu vực miền Nam)\r\nDạ không biết Iphone 11 và 11 PRO của anh là phiên bản bao nhiêu GB để em tiện kiểm tra giá thu cũ của mình ạ, không biết khi nào mình tiện đến cửa hàng bên em để em lên đơn giữ hàng cho mình tại cửa hàng 24h tránh tình trạng hết hàng ạ.\r\nXin thông tin đến Anh.\r\n\r\n Trả lời\r\nXem thêm 954 bình luận \r\nThông số kỹ thuật\r\nKích thước màn hình\r\n\r\n6.8 inches\r\nCông nghệ màn hình\r\n\r\nDynamic AMOLED 2X\r\n','2024-11-26 12:20:43','2024-11-26 12:20:43',212,'/assets/uploads/products/product-1732623643193-924692273.webp'),(10,1,'Samsung Galaxy Z Flip5 512GB','Đặc điểm nổi bật của Samsung Galaxy Z Flip5 512GB\r\nGalaxy AI tiện ích - Khoanh vùng search đa năng, là trợ lý chỉnh ảnh, trợ lý chat thông minh, phiên dịch trực tiếp\r\nThần thái nổi bật, cân mọi phong cách- Lấy cảm hứng từ thiên nhiên với màu sắc thời thượng, xu hướng\r\nThiết kế thu hút ánh nhìn - Gập không kẽ hỡ, dẫn đầu công nghệ bản lề Flex\r\nTuyệt tác selfie thoả sức sáng tạo - Camera sau hỗ trợ AI xử lí cực sắc nét ngay cả trên màn hình ngoài\r\nBền bỉ bất chấp mọi tình huống - Đạt chuẩn kháng bụi và nước IPX8 cùng chất liệu nhôm Armor Aluminum giúp hạn chế cong và xước\r\nSamsung Z Flip 5 có màn chính hình rộng 6.7 inch, với độ phân giải Full HD+ (1080 x 2636 Pixels), cụm camera trước 10MP và camera sau 12MP, rõ đến từng chi tiết. Cấu hình của sản phẩm mạnh mẽ nhờ hệ điều hành Android 10, con chipset mạnh mẽ Snapdragon 8 gen 2, với chip đồ họa tạo hình ảnh hiển thị hàng triệu màu sắc khác nhau. Sản phẩm có RAM 8GB, bộ nhớ trong 512GB.','2024-11-26 12:22:23','2024-11-26 12:22:23',212,'/assets/uploads/products/product-1732623743095-36322002.webp'),(11,1,'OPPO A3 (6GB 128GB)','Đặc điểm nổi bật của OPPO A3 (6GB 128GB)\r\nMàn hình LCD, 6.67 inch cho phép bạn xem nội dung với độ chi tiết cao và màu sắc rực rỡ.\r\nChip Snapdragon 6s 4G Gen 1 mang đến hiệu năng mượt mà, xử lý các tác vụ hàng ngày một cách nhanh chóng.\r\nCamera sau 50MP cho phép bạn chụp ảnh chất lượng cao, với độ chi tiết cao và màu sắc rực rỡ. \r\nPin dung lượng lớn 5100mAh cho phép bạn sử dụng điện thoại cả ngày dài mà không cần lo lắng về việc hết pin.','2024-11-26 12:23:52','2024-11-26 12:23:52',214,'/assets/uploads/products/product-1732623832577-127818438.webp'),(12,1,'OPPO Find X5 Pro 12GB 256GB ','chỉ có tại CellphoneS\r\nChip Snapdragon 8 Gen 1 cho hiệu suất mạnh mẽ, cân mọi tác vụ từ giải trí đến làm việc\r\nMàn hình AMOLED 120 Hz mang đến cho bạn trải nghiệm mượt mà, màu sắc sống động\r\nDùng thoải mái cả ngày với dung lượng pin 5.000 mAh, tích hợp sạc nhanh 80W hiện đại\r\nRAM 12GB đảm bảo khả năng xử lý đa nhiệm không giật lag, ROM 256GB giúp lưu trữ tốt','2024-11-26 12:25:42','2024-11-26 12:25:42',214,'/assets/uploads/products/product-1732623942723-988943676.webp'),(13,1,'OPPO A38 6GB 128GB','Đặc điểm nổi bật của OPPO A38 6GB 128GB\r\nTrải nghiệm hình ảnh rõ ràng, sắc nét với màn hình LCD 6.56 inch HD+ (1612 x 720) cùng tần số quét 90 Hz.\r\nCPU MediaTek Helio P35 8 nhân,  cho khả năng xử lý đa nhiệm mượt mà, chơi game nhẹ và các tác vụ cơ bản.\r\nChụp ảnh đẹp, rõ ràng với camera sau AI 13MP (chính) + 2MP (macro) + 2MP (đơn sắc).\r\nPin dung lượng lớn 5000mAh: Sử dụng thoải mái cả ngày dài với pin dung lượng lớn 5000mAh, hỗ trợ sạc nhanh 33W.','2024-11-26 12:27:15','2024-11-26 12:27:15',214,'/assets/uploads/products/product-1732624035390-289951753.webp'),(14,1,'OPPO Find N3 16GB 512GB','Đặc điểm nổi bật của OPPO Find N3 16GB 512GB\r\nBậc thầy thiết kế, siêu mỏng nhe - Mỏng chỉ 239g, nhẹ chỉ 5.8mm với nếp gấp tàng hình\r\nRực rõ mọi màn hình hiển thị - Kích thước lên đến 7.8mm, độ phân giải 2K+ cùng tần số quét 120Hz mượt mà\r\nBậc thầy nhiếp ảnh - 3 camera hàng đầu đến 64MP kết hợp cùng đa dạng chế độ chụp hoàn hảo\r\nNâng cao hiệu suất sử dụng - Chip MediaTek Dimensity 9200 5G mạnh mẽ cùng hàng loạt tính năng đa nhiệm thông tinh\r\nOPPO Find N3 được chính thức ra mắt ngày 26/10 tại thị trường Việt Nam mang đến nhiều nâng cấp mới mẻ. Trên phiên bản điện thoại gập thế hệ thứ 3 này, OPPO tạo ra một mẫu flagship mạnh mẽ hơn với chip Qualcomm Snapdragon® 8 Gen 2 Mobile Platform, 16GB RAM, màn hình chính 7.82 inch, màn hinh ngoài 6.31 inch cùng hệ thống camera Hasselblad đầy ấn tượng.','2024-11-26 12:29:03','2024-11-26 12:29:03',214,'/assets/uploads/products/product-1732624143755-303812144.webp'),(15,1,'Xiaomi Redmi 14C 4GB 128GB','Đặc điểm nổi bật của Xiaomi Redmi 14C 4GB 128GB\r\nMàn hình 6,88 inch, lớn nhất trên dòng Redmi cho đến nay, mang đến không gian xem rộng rãi và phong phú .\r\nViên pin lớn 5160mAh, giúp người dùng yên tâm duy trì kết nối mà không cần phải sạc lại thường xuyên.\r\nRedmi 14C được trang bị bộ vi xử lý 8 nhân MediaTek Helio G81- Ultra, mang lại hiệu năng mượt mà và hiệu quả.\r\nĐiện thoại được trang bị hệ thống camera kép AI 50MP mạnh mẽ để dễ dàng ghi lại những khoảnh khắc đáng nhớ.','2024-11-26 12:30:27','2024-11-26 12:30:27',213,'/assets/uploads/products/product-1732624227693-958978527.webp'),(16,1,'Xiaomi 14 Ultra 5G (16GB - 512GB)','Đặc điểm nổi bật của Xiaomi 14 Ultra 5G (16GB - 512GB)\r\nTrải nghiệm chụp hình camera Xiaomi 14 Ultra như máy ảnh nhờ 4 camera cao cấp\r\nMãn nhãn với thiết kế thanh lịch cùng các gam màu bắt mắt\r\nGhi điểm mạnh mẽ với màn hình AMOLED đẹp mắt, thẩm mỹ\r\nChip Snapdragon 8 Gen 3 hoạt động mạnh mẽ, pin 5000mAh','2024-11-26 12:32:05','2024-11-26 12:32:05',213,'/assets/uploads/products/product-1732624325263-419401387.webp'),(17,3,'Đồng hồ thông minh Xiaomi Redmi Watch 5 Active','Đặc điểm nổi bật\r\nTrang bị màn hình LCD 2.0 inch, cho phép hiển thị sắc nét và sống động.\r\nĐồng hồ hỗ trợ nhiều chế độ thể thao, giúp người dùng theo dõi hoạt động tập luyện một cách hiệu quả.\r\nThời lượng pin ấn tượng lên đến 18 ngày, giúp người dùng thoải mái sử dụng mà không lo hết pin.\r\nTích hợp tính năng theo dõi sức khỏe, bao gồm đo nhịp tim và giấc ngủ.','2024-11-26 12:34:21','2024-11-26 12:34:21',213,'/assets/uploads/products/product-1732624461074-636244087.webp'),(18,1,'Xiaomi POCO M5 (6GB 128GB)','Đặc điểm nổi bật của Xiaomi POCO M5 (6GB 128GB)\r\nHiệu năng bượt trội - Bộ vi xử lý Helio G99 đầy mạnh mẽ, RAM 6GB giúp máy ổn định chiến game\r\nSắc nét đến từng chi tiết - Màn hình 6.58 inch Full HD+ hỗ trợ 90 Hz mượt mà\r\nKiến tạo những thước phim sống động - Bộ ba camera AI độ phân giải lên đến 50 MP\r\nNăng lượng vượt trội, chiến game cả ngày - Dung lượng 5000 mAh cùng khả năng sạc nhanh 18 W','2024-11-26 12:36:28','2024-11-26 12:36:28',213,'/assets/uploads/products/product-1732624588469-381387908.webp'),(19,1,'vivo Y02t 4GB 64GB + So sánh','Đặc điểm nổi bật của vivo Y02t 4GB 64GB\r\nCông nghệ hiện đại cùng thiết kế cổ điển, tạo nên cụm camera hoàn hảo với vẻ đẹp đơn giản, tinh tế.\r\nTạm biệt nỗi lo pin yếu với dung lượng pin lên đến 5000mAh.\r\nMàn hình tràn viền với độ phân giải HD+ giúp bạn có trải nghiệm thị giác rộng lớn và hình ảnh sắc nét ấn tượng.\r\nThiết kế cong cạnh 2.5D và khung viền phẳng dẫn đầu xu hướng tạo nên chất riêng khác biệt.','2024-11-26 12:38:13','2024-11-26 12:38:13',215,'/assets/uploads/products/product-1732624693259-9395809.webp'),(20,2,'iPad Gen 10 10.9 inch 2022 Wifi 64GB I Chính hãng Apple Việt Nam','Đặc điểm nổi bật\r\nKiểu dáng mỏng nhẹ, phong cách hiện đại - Khung viền và mặt lưng kim loại, mỏng chỉ 7 mm\r\nHiệu năng đỉnh xử lí mọi tác vụ - Apple A14 Bionic với tốc độ tối đa 3.1 GHz, RAM 4 GB\r\nMang đến thế giới hình ảnh sắc nét, sống động - Màn hình Retina IPS LCD kích thước 10.9 inch\r\nĐồng hành cùng bạn trong thời gian dài - Pin lớn trên 7000 mAh, sạc nhanh tối ưu thời gian','2024-11-26 12:39:38','2024-11-26 12:39:38',211,'/assets/uploads/products/product-1732624778475-492664351.webp'),(21,2,'iPad mini 7 2024 Wifi 128GB | Chính hãng Apple Việt Nam','Đặc điểm nổi bật\r\niPad Mini 7 2024 sở hữu thiết kế siêu nhỏ gọn và nhẹ, với màn hình Retina 8.3 inch sắc nét và hỗ trợ True Tone.\r\nĐược trang bị chip A17 Pro mạnh mẽ, iPad Mini 7 đảm bảo hiệu suất ổn định cho mọi tác vụ từ lướt web, xem phim đến chơi game.\r\nDung lượng lưu trữ 128GB cung cấp đủ không gian để lưu trữ các tài liệu, ảnh, video và ứng dụng yêu thích của người dùng.\r\nCamera 12MP ở mặt trước và camera 12MP ở mặt sau giúp chụp ảnh, quay video chất lượng cao phục vụ công việc cũng như chia sẻ trên mạng xã hội.','2024-11-26 12:41:14','2024-11-26 12:41:14',211,'/assets/uploads/products/product-1732624874609-979301873.jpg'),(22,2,'iPad Air 6 M2 11 inch Wifi 128GB | Chính hãng Apple Việt Nam','1TB','2024-11-26 12:42:41','2024-11-26 12:42:41',211,'/assets/uploads/products/product-1732624961376-299561117.webp'),(23,2,'iPad 10.2 2021 WiFi 64GB | Chính hãng Apple Việt Nam','Đặc điểm nổi bật\r\nHiệu năng ổn định - Apple A13 Bionic 6 nhân mạnh mẽ\r\nTrải nghiệm hiển thị chất lượng - Màn hình Retina 10.2 inch, hỗ trợ True Tone\r\nSử dụng thoải mái suốt cả ngày - Pin 32.4 Wh (~8600 mAh) sử dụng lâu dài\r\nGiữ trọn mọi khoảnh khắc - Camera trước 12MP và sau 8MP sắc nét, chuẩn HDR','2024-11-26 12:44:12','2024-11-26 12:44:12',211,'/assets/uploads/products/product-1732625052813-160694196.webp'),(24,3,'Đồng hồ thông minh Huawei Watch GT 5','Đặc điểm nổi bật\r\nSở hữu kiểu dáng khỏe khoắn, phù hợp cho những ai yêu thích phong cách năng động.\r\nDây đeo cao su đen mang lại cảm giác dễ chịu, giúp bạn thoải mái khi đeo trong thời gian dài.\r\nMàn hình AMOLED lớn và sáng giúp hiển thị thông tin rõ ràng, dễ nhìn ngay cả dưới ánh nắng mặt trời.\r\nTích hợp nhiều tính năng theo dõi sức khỏe như nhịp tim, giấc ngủ và mức độ căng thẳng.\r\nHỗ trợ nhiều chế độ thể thao, từ chạy ','2024-11-26 12:46:02','2024-11-26 12:46:02',229,'/assets/uploads/products/product-1732625162877-808190426.png'),(25,3,'Đồng hồ thông minh Huawei Watch D2','Đặc điểm nổi bật\r\nĐồng hồ có thiết kế sang trọng với màn hình AMOLED 1.82 inch, độ phân giải cao và khung viền hợp kim nhôm cứng cáp.\r\nWatch D2 tích hợp các tính năng đo huyết áp và điện tâm đồ (ECG) đạt chuẩn y tế, giúp người dùng theo dõi sức khỏe tim mạch.\r\nThiết bị chạy hệ điều hành HarmonyOS, hỗ trợ nhiều ứng dụng và tính năng thông minh.\r\nPin của đồng hồ có thể sử dụng liên tục trong 6 ngày với một lần sạc đầy.','2024-11-26 12:47:19','2024-11-26 12:47:19',229,'/assets/uploads/products/product-1732625239443-887310030.webp'),(26,3,'Đồng hồ Samsung Galaxy Watch FE 40mm','Đặc điểm nổi bật\r\nTheo dõi sức khỏe toàn diện: Đo thành phần cơ thể, theo dõi giấc ngủ, nhịp tim, phát hiện té ngã.\r\nHuấn luyện viên cá nhân: Theo dõi hơn 100 bài tập, đưa ra phân tích tư thế và tốc độ chạy, cá nhân hóa vùng nhịp tim.\r\nThiết kế bền bỉ: Mặt kính Sapphire chống trầy xước, dây đeo đa dạng, khả năng kháng bụi và nước.\r\nCá nhân hóa: Lựa chọn mặt đồng hồ và dây đeo phù hợp với phong cách của bạn.','2024-11-26 12:48:28','2024-11-26 12:48:28',212,'/assets/uploads/products/product-1732625308814-390181935.webp'),(27,3,'Đồng hồ thông minh Xiaomi Redmi Watch 5 Active','Đặc điểm nổi bật\r\nTrang bị màn hình LCD 2.0 inch, cho phép hiển thị sắc nét và sống động.\r\nĐồng hồ hỗ trợ nhiều chế độ thể thao, giúp người dùng theo dõi hoạt động tập luyện một cách hiệu quả.\r\nThời lượng pin ấn tượng lên đến 18 ngày, giúp người dùng thoải mái sử dụng mà không lo hết pin.\r\nTích hợp tính năng theo dõi sức khỏe, bao gồm đo nhịp tim và giấc ngủ.','2024-11-26 12:50:01','2024-11-26 12:50:01',213,'/assets/uploads/products/product-1732625401412-138393478.webp'),(28,3,'Đồng hồ thông minh Huawei Watch GT 5 Dây Da','Đặc điểm nổi bật\r\nThiết kế đẳng cấp với dây da nâu mang đến vẻ ngoài sang trọng, phù hợp cho cả công việc và các dịp đặc biệt.\r\nMàn hình AMOLED lớn hiển thị sắc nét, giúp bạn dễ dàng theo dõi thông tin và nhận thông báo.\r\nĐồng hồ tích hợp nhiều tính năng theo dõi sức khỏe, bao gồm nhịp tim, giấc ngủ và mức độ căng thẳng.\r\nHỗ trợ nhiều chế độ thể thao, giúp bạn theo dõi và cải thiện hiệu suất tập luyện một cách hiệu quả.\r\nVới thời gian sử dụng lên đến 2 tuần, bạn có thể thoải mái sử dụng mà không phải lo lắng về việc sạc pin thường xuyên.','2024-11-26 12:51:34','2024-11-26 12:51:34',213,'/assets/uploads/products/product-1732625494314-311630971.png'),(29,3,'Vòng đeo tay thông minh Xiaomi Mi Band 8 Pro','Đặc điểm nổi bật\r\nKhung vòng đeo mềm mại và bo cong tỉ mỉ\r\nThiết kế đặc biệt để hỗ trợ việc luyện tập và duy trì sức khỏe\r\nDung lượng pin lên đến 14 ngày cho bạn an tâm sử dụng\r\nTrọng lượng 22.5g giúp đeo tay không hề mỏi\r\nXiaomi Mi Band 8 Pro gây ấn tượng với thiết kế thời trang hiện đại cùng màn hình AMOLED 1.74 inch, hiển thị thông tin sắc nét. Thiết bị cung cấp các tính năng theo dõi sức khỏe toàn diện như nhịp tim, giấc ngủ, căng thẳng và đo SpO2. Hơn 150 chế độ tập luyện: chạy bộ, bơi lội, đạp xe,... giúp người dùng dễ dàng theo dõi và cải thiện sức khỏe. Với pin dung lượng 289mAh, Mi Band 8 Pro có thể hoạt động liên tục đến 14 ngày, cùng tính năng thông minh và giá cả hợp lý, trở thành lựa chọn hấp dẫn cho nhiều người dùng.','2024-11-26 12:53:05','2024-11-26 12:53:05',213,'/assets/uploads/products/product-1732625585512-853137101.webp'),(30,4,'Laptop ASUS Vivobook 15 X1504ZA-NJ517W','Đặc điểm nổi bật\r\nTrang bị vi xử lý Intel Core i5-1235U, cùng với card đồ họa tích hợp Intel Iris Xe Graphics, mang lại hiệu suất mạnh mẽ cho mọi nhu cầu từ công việc đến giải trí\r\nMàn hình FHD 15.6 inch với độ sáng 250 nits và độ phủ màu 45% NTSC, mang lại hình ảnh sắc nét và sống động\r\nCông nghệ âm thanh SonicMaster, cùng với loa tích hợp và micrô mảng, tạo ra trải nghiệm âm thanh vượt trội\r\nBảo mật với cảm biến vân tay tích hợp vào touchpad hỗ trợ mở máy chỉ với một chạm\r\nPin 42WHrs cho thời lượng sử dụng lâu dài, không bị gián đoạn trong công việc hoặc giải trí','2024-11-26 12:55:09','2024-11-26 12:55:09',220,'/assets/uploads/products/product-1732625709078-2374957.webp'),(31,4,'Laptop MSI Prestige 14 AI Studio C1UDXG-058VN','Đặc điểm nổi bật\r\nTrang bị bộ vi xử lý Intel Core Ultra 7-155H, cung cấp sức mạnh xử lý đáng kể cho các tác vụ đòi hỏi cao và ứng dụng AI.\r\nVới card đồ họa NVIDIA GeForce RTX 3050 6GB, laptop này có khả năng xử lý đồ họa tốt, phù hợp cho công việc sáng tạo và chơi game ở mức độ vừa phải.\r\nMàn hình 14 inch độ phân giải Full HD+ với tần số quét 144Hz mang lại trải nghiệm hiển thị mượt mà và sắc nét.\r\nBộ nhớ RAM 16GB và ổ cứng SSD PCIe 1TB cung cấp không gian lưu trữ rộng rãi và khả năng đa nhiệm tốt cho người dùng.','2024-11-26 12:56:54','2024-11-26 12:56:54',222,'/assets/uploads/products/product-1732625814637-268758490.webp'),(32,4,'Laptop Lenovo IdeaPad Slim 5 14Q8X9 83HL000KVN','Đặc điểm nổi bật\r\nLaptop có màu xám thanh lịch, kiểu dáng mỏng nhẹ, dễ dàng mang theo khi di chuyển.\r\nMàn hình 14.0 inch WUXGA cung cấp hình ảnh rõ ràng và chi tiết, lý tưởng cho công việc và giải trí.\r\nTrang bị bộ vi xử lý Copilot+X PLUS X1P và RAM 16GB, máy xử lý mượt mà các tác vụ đa nhiệm.\r\nỔ cứng 512GB PCIe cho tốc độ truy xuất dữ liệu nhanh, phục vụ tốt cho nhu cầu lưu trữ.\r\nChạy trên Windows 11, mang lại trải nghiệm người dùng mượt mà với nhiều tính năng hiện đại.','2024-11-26 13:03:39','2024-11-26 13:03:39',219,'/assets/uploads/products/product-1732626219282-209069067.webp'),(33,4,'Laptop Acer Aspire 3 Spin A3SP14-31PT-387Z','Đặc điểm nổi bật\r\nThiết kế 2-trong-1 linh hoạt, kết hợp giữa laptop và máy tính bảng với màn hình cảm ứng xoay 360 độ.\r\nMàn hình 14 inch Full HD+ cung cấp hình ảnh sắc nét và góc nhìn rộng, phù hợp cho cả công việc và giải trí.\r\nBộ vi xử lý Intel Core i3-N305 thế hệ mới đảm bảo hiệu suất ổn định cho các tác vụ hàng ngày và đa nhiệm nhẹ.\r\nVới 8GB RAM và ổ cứng SSD 512GB, máy cho phép khởi động nhanh, mở ứng dụng mượt mà và lưu trữ dữ liệu đủ dùng.\r\nThiết kế màu xám trang nhã kết hợp với khung máy mỏng nhẹ, giúp dễ dàng mang theo khi di chuyển.','2024-11-26 13:05:49','2024-11-26 13:05:49',221,'/assets/uploads/products/product-1732626349372-731959437.webp'),(34,4,'Laptop ASUS Vivobook 14 X1404ZA-NK389W','Đặc điểm nổi bật\r\nThiết kế màu bạc sang trọng, thanh lịch với kiểu dáng mỏng nhẹ dễ dàng mang theo\r\nRAM 16GB DDR4 hỗ trợ đa nhiệm mượt mà, chạy nhiều ứng dụng cùng lúc\r\nỔ cứng SSD PCIe 512GB tốc độ cao giúp khởi động máy và truy cập dữ liệu nhanh chóng\r\nVi xử lý Intel Core i7-1255U thế hệ 12 mới nhất cho hiệu năng đa nhiệm ấn tượng','2024-11-26 13:07:36','2024-11-26 13:07:36',220,'/assets/uploads/products/product-1732626456872-963654097.webp'),(35,4,'Laptop Dell Inspiron 15 3520-5810BLK 102F0','Đặc điểm nổi bật\r\nThiết kế đơn giản, trẻ trung với tone màu đen bao phủ.\r\nMàn hình cảm ứng 15.6 inch Full HD cho trải nghiệm hình ảnh vô cùng sắc nét.\r\nCPU Intel core i5-1155G7 cùng 8 GB RAM DDR4 xử lý mượt các tác vụ văn phòng: Word, Excel,...\r\nCard đồ họa Intel Iris Xe Graphics hỗ trợ chỉnh ảnh đơn giản.\r\nKhông gian lưu trữ vừa phải với ổ cứng 256 GB SSD.','2024-11-26 13:09:19','2024-11-26 13:09:19',217,'/assets/uploads/products/product-1732626559974-84619444.webp'),(36,4,'Laptop Lenovo IdeaPad Slim 3 14IAH8 83EQ0005VN','Đặc điểm nổi bật\r\nMang thiết kế tối ưu và di động với trọng lượng nhẹ nhàng chỉ 1.37 kg\r\nCPU Intel Core i5-12450H mạnh mẽ, xử lý từ những tác vụ văn phòng đơn giản tới những công việc thiết kế hình ảnh\r\n16GB RAM đa nhiệm giúp làm việc với nhiều ứng dụng mà không lo lắng giật Lag\r\nỔ cứng SSD 512GB cho không gian lưu trữ lớn giúp khởi động máy hay mở tệp thư mục nhanh chóng\r\nMàn hình 14 inch Full HD đảm bảo hiển thị hình ảnh có độ sắc nét cao tới từng chi tiết','2024-11-26 13:10:40','2024-11-26 13:10:40',219,'/assets/uploads/products/product-1732626640488-100385067.webp'),(37,5,'Laptop Acer Gaming Aspire 7 A715-76-53PJ','Đặc điểm nổi bật\r\nCPU Intel Core i5-12450H dễ dàng xử lý mọi tác vụ làm việc học tập, làm việc thường ngày.\r\nRAM 16GB DDR4 cùng ổ cứng dung lượng 512GB PCIe NVMe SSD có tốc độ đọc ghi siêu cao, thời gian mở máy, truy cập tệp, copy tệp,... nhanh chóng.\r\nMàn hình 15.6 inch Full HD cho không gian trải nghiệm nội dung tương đối rộng rãi, màu sắc rõ nét.\r\nCông nghệ Acer ComfyView bảo vệ đôi mắt của bạn khỏi những tác động tiêu cực từ ánh sáng màn hình.','2024-11-26 13:12:21','2024-11-26 13:12:21',221,'/assets/uploads/products/product-1732626741042-652526339.webp'),(38,5,'Laptop Gaming Acer Nitro 5 AN515-58-5193','Đặc điểm nổi bật\r\nMàn hình 15.6 inch Full HD cùng tần số quét 144Hz mang lại hình ảnh sắc nét, chi tiết, chơi game và xem video mượt mà, góc nhìn rộng, màu sắc chính xác.\r\nBộ vi xử lý Intel Core i5 12450H mang lại hiệu suất ổn định xử lý mọi tác vụ.\r\nCard đồ họa RTX 4050 6GB GDDR6 cho hiệu suất đồ họa vượt trội, đáp ứng mọi nhu cầu giải trí, thiết kế đồ họa dễ dàng, nhanh chóng.\r\nRAM 16GB giúp tăng cường khả năng xử lý, mang lại tốc độ truyền dữ liệu nhanh chóng, cải thiện thời gian phản hồi.\r\nỔ cứng 512GB cho tốc độ đọc-ghi dữ liệu nhanh chóng, giảm thời gian khởi động hay tải ứng dụng.\r\n','2024-11-26 13:13:42','2024-11-26 13:13:42',221,'/assets/uploads/products/product-1732626822518-952442086.webp'),(39,5,'Laptop Acer Aspire 7 A715-76G-59MW','Đặc điểm nổi bật\r\nChip Intel Core i5 12450H cùng card RTX 2050 4 GB không chỉ mượt mà mọi tác vụ văn phòng, mà còn cho bạn thoả sức chiến các tựa game yêu thích\r\nRAM 8 GB được hỗ trợ nâng cấp tối đa 32 GB thoải mái thao tác với nhiều tác vụ, chơi game\r\nỔ cứng SSD 512 GB cho phép lưu trữ nhiều tệp tin, tài liệu vừa tăng tốc độ khởi động hệ thống lên đáng kể\r\nMàn hình 15.6 inch Full HD mang đến không gian hiển thị tương đối rộng và rõ nét\r\nTần số quét 144 Hz giúp khung hình chuyển động trơn tru, hỗ trợ game thủ phản ứng nhanh chóng','2024-11-26 13:15:32','2024-11-26 13:15:32',221,'/assets/uploads/products/product-1732626932931-340222956.webp'),(40,6,'PC CPS Gaming G01 i3 12100F / 16GB - 256GB / GTX 1650','Đặc điểm nổi bật\r\nPC G1 được chế tác từ linh kiện chất lượng cao.\r\nCấu hình đủ đáp ứng cho những tựa game mạnh.\r\nHỗ trợ card màn hình GTX 1650 cho việc đồ họa.\r\nThiết kế case gọn nhẹ phù hợp đặt mọi không gian.','2024-11-26 13:17:09','2024-11-28 07:51:17',222,'/assets/uploads/products/product-1732780277167-153481713.png'),(41,6,'PC CPS Gaming G16 i9 14900K / 32GB - 500GB / RTX 4070 Ti','Đặc điểm nổi bật\r\nChinh phục mọi tựa game và ứng dụng nặng nhất với CPU Intel Core i9-14900K và VGA ASUS RTX 4070 Ti Super.\r\nTrải nghiệm tốc độ ánh sáng với RAM DDR5 5200MHz và ổ cứng SSD NVMe Samsung 980.\r\nTỏa sáng với case ASUS ROG Hyperion GR701 và dàn linh kiện RGB cao cấp.\r\nNguồn ASUS TUF Gaming 1000W đảm bảo hiệu năng ổn định và bền bỉ cho hệ thống.\r\n PC CPS Gaming G16 là case PC build sẵn với CPU Intel Core i9-14900K và VGA ASUS ROG STRIX RTX 4070 TI SUPER, mang đến trải nghiệm chơi game tuyệt vời. Ngoài ra, ổ cứng SSD 500GB và RAM 32GB đảm bảo tốc độ truy cập nhanh và xử lý dữ liệu hiệu quả. Vỏ case của sản phẩm PC Gaming này được chế tạo từ chất liệu cao cấp và hệ thống tản nhiệt hiệu quả, đảm bảo sự mát mẻ và ổn định cho các linh kiện bên trong.','2024-11-26 13:18:50','2024-11-26 13:18:50',220,'/assets/uploads/products/product-1732627130879-775857822.webp'),(42,6,'PC CPS Đồ Hoạ D07 i5 14600F / 16GB - 500GB / RTX 3060','Đặc điểm nổi bật\r\nTrang bị card đồ họa rời NVIDIA GeForce RTX 3060 mang đến hiệu suất đồ họa ấn tượng, xử lý mượt mà các tác vụ thiết kế đồ họa 2D, 3D, render video và chiến game Esports.\r\nBộ vi xử lý Intel Core i5-14600KF đảm bảo hiệu năng vượt trội cho mọi tác vụ, từ công việc đến giải trí.\r\nVới 16GB RAM DDR4 cho phép bạn thoải mái xử lý đa nhiệm, chuyển đổi giữa các ứng dụng nặng, render video, chơi game mượt mà mà không lo giật lag.\r\nỔ cứng SSD 500GB NVMe PCIe mang đến tốc độ truy xuất dữ liệu cực nhanh, rút ngắn thời gian chờ đợi.\r\nVới cấu hình mạnh mẽ, PC CPS D06 đáp ứng tốt nhu cầu học tập, làm việc và giải trí của các bạn sinh viên, người làm việc trong lĩnh vực thiết kế đồ họa, dựng phim, chơi game.','2024-11-26 13:22:00','2024-11-26 13:22:00',220,'/assets/uploads/products/product-1732627320015-341087834.png'),(43,6,'PC CPS Gaming G06 i5 12400F / 16GB - 256GB / RTX 3060','Đặc điểm nổi bật\r\nPC G6 được chế tác từ linh kiện chất lượng cao.\r\nCấu hình đủ đáp ứng cho những tựa game mạnh.\r\nHỗ trợ card màn hình RTX 3060 cho việc đồ họa.\r\nThiết kế case gọn nhẹ phù hợp đặt mọi không gian.','2024-11-26 15:57:24','2024-11-26 15:57:24',222,'/assets/uploads/products/product-1732636644781-945165117.png'),(44,6,'PC CPS Gaming G08 i5 12400F / 8GB - 256GB / RX 6600','Đặc điểm nổi bật\r\nPC G8 được chế tác từ linh kiện chất lượng cao.\r\nCấu hình đủ đáp ứng cho những tựa game mạnh.\r\nHỗ trợ card màn hình RX 6600 cho việc đồ họa.\r\nThiết kế case gọn nhẹ phù hợp đặt mọi không gian.\r\nPC CPS Gaming G08 ưu ái sở hữu vi xử lý Intel Core i5-12400F mạnh mẽ với 6 nhân 12 luồng, giúp tối ưu hóa trải nghiệm chơi game và xử lý tác vụ nặng. Với card đồ họa ASRock AMD Radeon RX 6600 8GB, máy đảm bảo khả năng hiển thị mượt mà cho các tựa game ở độ phân giải 1080p, thậm chí cao hơn. Kèm theo đó là bộ nhớ RAM 8GB DDR4 3200MHz giúp PC Gaming xử lý đa nhiệm nhanh chóng và phản hồi tức thời, tăng cường trải nghiệm người dùng.','2024-11-26 15:58:59','2024-11-26 15:58:59',218,'/assets/uploads/products/product-1732636739773-581877074.webp'),(45,6,'PC CPS văn phòng S03 R5 5600G / 8GB - 256GB','Đặc điểm nổi bật\r\nBộ vi xử lý AMD Ryzen 5 5600G đảm bảo bạn có đủ sức mạnh để chạy các ứng dụng học tập,văn phòng và các tựa game nhẹ.\r\nRam 8GB giúp chạy nhiều ứng dụng cùng lúc mà không gặp phải vấn đề về hiệu suất.\r\nỔ cứng SSD 256GB cho tốc độ xử lý bà lưu trữ dữ liệu nhanh.\r\nThiết kế nhỏ gọn, có thể đặt nhiều nơi mà không lo chiếm diện tích.','2024-11-26 16:00:45','2024-11-26 16:00:45',230,'/assets/uploads/products/product-1732636845751-22007510.webp'),(46,6,'PC CPS Gaming G07 i5 12400F / 16GB - 256GB / RTX 4060','Đặc điểm nổi bật\r\nPC G7 được chế tác từ linh kiện chất lượng cao.\r\nCấu hình đủ đáp ứng cho những tựa game mạnh.\r\nHỗ trợ card màn hình RTX 4060 cho việc đồ họa.\r\nThiết kế case gọn nhẹ phù hợp đặt mọi không gian.','2024-11-26 16:02:12','2024-11-28 18:20:48',218,'/assets/uploads/products/product-1732818048756-661766624.png'),(47,6,'PC CPS Đồ Hoạ D03 i7 14700F / 16GB - 256GB / RTX 3050','Đặc điểm nổi bật\r\nPC Intel Core i7 14700F mạnh mẽ, kết hợp cùng card đồ họa RTX 3050, mang lại trải nghiệm đồ họa ấn tượng.\r\nRAM DDR4 16GB 3200MHz và SSD 256GB, đảm bảo xử lý tác vụ nhanh và không gian lưu trữ tốc độ cao.\r\nMainboard B760M với nhiều cổng kết nối hiện đại, hỗ trợ USB 3.2, Type-C, HDMI và DisplayPort.\r\nNguồn 650W mạnh mẽ, đảm bảo hoạt động ổn định trong thiết kế nhỏ gọn, tiện lợi di chuyển.','2024-11-26 16:03:17','2024-11-26 16:03:17',222,'/assets/uploads/products/product-1732636997720-786016146.webp'),(48,6,'Mainboard Gigabyte B760M Gaming Plus Wifi D4','Mainboard Gigabyte B760M Gaming Plus Wifi D4 hỗ trợ các vi xử lý Intel thế hệ 14th, 13th và 12th, hứa hẹn cung cấp hiệu suất mạnh mẽ cho mọi cấu hình. Với hệ thống tản nhiệt Mosfet hiện đại, thế hệ mainboard Gigabyte này giúp tản nhiệt nhanh chóng, tối ưu hóa khả năng vận hành và kéo dài tuổi thọ linh kiện. Đặc biệt hơn, sản phẩm mainboard Intel này còn được ưu ái tích hợp công nghệ Wifi 6 cùng cổng LAN GbE mang đến tốc độ kết nối mạng ổn định.','2024-11-26 16:04:48','2024-11-26 16:04:48',218,'/assets/uploads/products/product-1732637088511-279950033.webp'),(49,6,'RAM PC ADATA XPG D50 RGB 16GB (1x16GB) 3200MHz DDR4','RAM PC ADATA XPG D50 RGB 16GB 3200MHz DDR4 AX4U320016G16A-ST50 - Tốc độ nhanh, tạo hình đẹp\r\nRAM PC ADATA XPG D50 RGB 16GB 3200MHz DDR4 AX4U320016G16A-ST50 là thanh RAM có tốc độ khủng. Ngoài ra, linh kiện RAM DDR4 còn được thiết kế với vẻ ngoài thanh lịch và kiểu dáng hình học. Kết hợp cùng đó chính là những thanh sáng bắt mắt.','2024-11-26 16:06:08','2024-11-26 16:06:08',218,'/assets/uploads/products/product-1732637168875-292463156.webp'),(50,6,'VGA MSI GeForce RTX 3050 VENTUS 2X 6G OC','GA MSI Geforce RTX 3050 Ventus 2X 6G OC được trang bị hệ thống quạt Ventus kép với các đường cong độc đáo có khả năng tạo ra luồng khí mát nhiều hơn. Chiếc VGA MSI sử dụng con chip GeForce RTX 3050 và mức xung nhịp đạt đến 1492MHz. Ngoài ra, VGA còn sở hữu dòng bộ nhớ GDDR6 với dung lượng 6GB.','2024-11-26 16:07:09','2024-11-26 16:07:09',222,'/assets/uploads/products/product-1732637229962-769881580.png'),(51,6,'Tản nhiệt DeepCool AG400 ARGB','Tản nhiệt Deepcool AG400 - Mang đến khả năng tản nhiệt mạnh mẽ\r\nDeepcool AG400 được đánh giá là dòng tản nhiệt không thể thiếu đối với những dàn PC Gaming. Dòng tản nhiệt này giúp mang đến những trải nghiệm tốt nhất với vai trò tản nhiệt, tối ưu nhiệt độ, đảm bảo được công năng và hiệu năng hiệu quả cho hoạt động của thiết bị.','2024-11-26 16:08:53','2024-11-26 16:08:53',228,'/assets/uploads/products/product-1732637333787-942526638.webp'),(52,7,'Tai nghe Bluetooth Apple AirPods 4','Đặc điểm nổi bật\r\nChip H2 nổi bật, mạnh mẽ được tích hợp trong Airpod 4 giúp trải nghiệm âm thanh của bạn mượt mà hơn.\r\nCông nghệ Bluetooth 5.3 mang đến kết nối ổn định, mượt mà, tiêu thụ năng lượng thấp, giúp bạn tiết kiệm pin đáng kể.\r\nKhả năng chống nước đạt chuẩn IP54 mang lại cảm giác thoải mái khi sử dụng tai nghe ngoài trời mà không lo bụi bẩn, hoặc mồ hôi.\r\nThời gian sử dụng ấn tượng với dung lượng pin cao, hộp sạc dùng được 30h và tại nghe dùng được 5h\r\nApple AirPods 4 là tai nghe không dây với chip H2 cùng EQ thích ứng và âm thanh không gian cá nhân hóa mang lại trải nghiệm âm thanh ấn tượng. Tai nghe được trang bị Micrô kép với cảm biến quang học cùng micro hướng vào trong giúp thu âm tốt hơn. Cùng với điều khiển chạm cho phép người dùng điều khiển qua các thao tác nhấn tiện lợi.','2024-11-26 16:10:43','2024-11-26 16:10:43',211,'/assets/uploads/products/product-1732637443533-347047022.webp'),(53,7,'Tai nghe Bluetooth True Wireless Baseus Bowie E11','Đặc điểm nổi bật\r\nMàng loa kích thước 12mm cho âm thanh sống động, phù hợp với nhiều nhu cầu nghe\r\nChơi game không lo gián đoạn với khả năng đồng bộ hoá tốt nhờ độ trễ thấp chỉ 0.06s\r\nCông nghệ chống ồn đàm thoại ENC mang đến chất lượng cuộc gọi trong trẻo, rõ ràng\r\nThời lượng sử dụng đến 30 giờ khi dùng kèm hộp sạc, sẵn sàng phục vụ bạn ở mọi nơi\r\nTai nghe Baseus Bowie E11 là tai nghe không dây có cấu trúc bên trong là driver 12mm với khả năng mang đến âm thanh Hi-Fi có sống động và chân thực. Kết hợp với đó là microphone cùng công nghệ chống ồn chủ động ENC giúp bạn có thể thoải mái đàm thoại. Với dung lượng pin đến 400mAh, tai nghe có thể hoạt động liên tục trong 15 giờ. ','2024-11-26 16:12:52','2024-11-26 16:12:52',224,'/assets/uploads/products/product-1732637572189-902923859.webp'),(54,7,'Tai nghe Bluetooth chụp tai Sony WH-1000XM5','Đặc điểm nổi bật\r\nCông nghệ Auto NC Optimizer tự động khử tiếng ồn dựa theo môi trường\r\nTrải nghiệm nghe chân thật, sống động nhờ tính năng 360 Reality Audio\r\nThiết kế sang trọng, trọng lượng nhẹ với phần da mềm mại, ôm khít đầu\r\nNăng lượng cho cả ngày dài với thời lượng sử dụng pin lên đến 40 giờ','2024-11-26 16:14:41','2024-11-26 16:14:41',223,'/assets/uploads/products/product-1732637681233-525952724.webp'),(55,7,'Tai nghe Bluetooth Apple AirPods 3 MagSafe | Chính hãng Apple Việt Nam','Tai nghe Apple AirPods 3 Magsafe - Kiểu dáng thời thượng, chất âm lôi cuốn\r\nMột trong những thế hệ tai nghe không dây được ưa chuộng nhất trên thị trường hiện nay là Apple AirPods 3 Magsafe. Tuy mới chỉ có được ra mắt giữa tháng 10 vừa qua nhưng AirPods 3 của Apple đã nhận được nhiều sự ưa chuộng từ phía người dùng và nhanh chóng trở nên phổ biến trên thị trường thời gian vừa rồi. Với thiết kế gọn nhẹ, bền bỉ cùng chất lượng âm thanh đỉnh cao, AirPods 3 chắc chắn là mẫu tai nghe Apple hoàn hảo mà bạn rất nên sở hữu.','2024-11-26 16:15:56','2024-11-26 16:15:56',211,'/assets/uploads/products/product-1732637756483-166969930.webp'),(56,7,'Tai nghe Bluetooth True Wireless JBL Wave Beam','Đặc điểm nổi bật\r\nCông nghệ JBL Deep Bass Sound và driver 8mm cho chất âm vượt trội\r\nTổng thời lượng nghe lên đến 32 giờ cho trải nghiệm không lo gián đoạn\r\nKháng nước chuẩn IPX2 cho hộp sạc và kháng nước IP54 cho tai nghe\r\nĐiều khiển qua ứng dụng JBL Headphones App giúp bạn thao tác dễ dàng','2024-11-26 16:17:54','2024-11-26 16:17:54',224,'/assets/uploads/products/product-1732637874512-673962832.webp'),(57,7,'Tai nghe Bluetooth True Wireless JBL Tune Flex - Chỉ có tại CellphoneS','Đặc điểm nổi bật\r\nNghe nhạc mọi lúc với thời lượng pin đến 32 (8+24) giờ\r\nChống nước IPX4 không cần ngại mồ hôi, thời tiết xấu\r\nNghe gọi thoải mái và âm thanh chất lượng với 4 micro\r\nKhử ồn chủ động cho bạn thoải mái nghe nhạc bất cứ đâu','2024-11-26 16:19:36','2024-11-26 16:19:36',224,'/assets/uploads/products/product-1732637976232-774190456.webp'),(58,8,'Loa Bluetooth JBL Flip 6','Đặc điểm nổi bật\r\nBass cực mạnh, quẩy cực sung với cụm loa kép cho âm bass sâu trầm\r\nSử dụng thoải mái ở điều kiện môi trường ẩm ướt với kháng nước IP67\r\nTận hưởng âm thanh với tính năng PartyBoost có kết nối 2 loa cùng lúc\r\nViên pin lớn có thể hoạt động lên đến 12 giờ và chỉ mất 2.5 giờ sạc đầy','2024-11-26 16:21:51','2024-11-26 16:21:51',224,'/assets/uploads/products/product-1732638111780-474253783.png'),(59,8,'Loa thanh Soundbar Samsung HW T420','Đặc điểm nổi bật\r\nCông nghệ Smart Sound giúp tối ưu âm thanh tương ứng với từng khung hình hiển thị\r\nChế độ Game Mode giúp loại bỏ âm thanh gây xao nhãng cho trải nghiệm trọn vẹn hơn\r\nCông suất lên đến 150 W cùng âm trầm mạnh mẽ cho chất lượng âm thanh sống động\r\nHỗ trợ kết nối dễ dàng, nhanh chóng với TV Samsung thông qua công nghệ Bluetooth','2024-11-26 16:23:08','2024-11-30 07:42:29',212,'/assets/uploads/products/product-1732952549895-278261298.webp'),(60,9,'Loa tháp Samsung MX-T70','Đặc điểm nổi bật\r\nThưởng thức dải âm trầm mạnh mẽ, chất âm sống động với công suất lên đến 1500W\r\nHiệu ứng ánh sáng rực rỡ từ hệ thống đèn LED DJ cho không khí tiệc tùng tưng bừng\r\nYên tâm sử dụng ngoài trời hoặc hồ bơi, dưới biển với khả năng kháng nước tuyệt đối\r\nTỏa sáng với chế độ karaoke, thoả mái tuỳ chỉnh EQ theo sở thích cùng Sound Tower\r\nLoa tháp Samsung MX-T70 với khả năng tái tạo âm trầm một cách hoàn hảo nhờ loa trầm tích hợp, với công suất lên đến 1500W cho âm thanh thêm sống động. Thiết kế màu đen với 2 mặt loa đa hướng, hiệu ứng đèn LED DJ ấn tượng. Khả năng ghép nối lên đến 10 loa tháp khác nhau, khả năng kháng nước giúp bảo vệ toàn diện loa.','2024-11-26 16:24:00','2024-11-26 16:24:00',212,'/assets/uploads/products/product-1732638240534-597995656.webp'),(61,8,'Loa Bluetooth JBL Go 4','Đặc điểm nổi bật\r\nThưởng thức âm nhạc mà không cần lo lắng về tác động của nước với kháng nước IP67\r\nThời lượng pin đến 7 giờ, cho phép bạn trải nghiệm không cần phải lo ngại về việc hết pin\r\nCông nghệ JBL Auracast, giúp bạn kết nối và chia sẻ âm nhạc từ nhiều nguồn khác nhau\r\nCông suất 4.2W, đảm bảo âm thanh rõ ràng và đủ lớn để nghe nhạc trong không gian nhỏ','2024-11-26 16:25:40','2024-11-26 16:25:40',224,'/assets/uploads/products/product-1732638340286-208748866.png'),(62,9,'Camera DJI Osmo Action 4','Đặc điểm nổi bật\r\nCảm biến 1/1,3 inch cho hình ảnh tuyệt đẹp trong điều kiện ánh sáng yếu\r\nKhả năng chống đống băng, thời lượng sử dụng lên tới 160 phút\r\n10-bit D-Log M cung cấp cho bạn hơn 1 tỷ màu để sử dụng\r\nGóc quay 155 độ siêu rộng, với góc nhìn gần với những gì mắt người nhìn thấy\r\nDJI Mimo giờ đây có thể đồng bộ hóa thông tin hình ảnh từ cảm biến nhiệt độ màu của Action 4 để có các chi tiết rõ nét bên dưới những con sóng.','2024-11-26 16:27:09','2024-11-26 16:27:09',225,'/assets/uploads/products/product-1732638429781-373837585.webp'),(63,9,'Camera IP 360 độ 4MP Ezviz H6C Pro','Đặc điểm nổi bật\r\nEzviz H6c Pro loại bỏ tự động các điểm mù với chế độ tuần tra độc đáo, xoay ngang 340 độ và xoay dọc 55 độ\r\nCó nút gọi trực tiếp trên camera Ezviz H6c Pro có thể đàm thoại 2 chiều, nhận các thông báo quan trọng từ xa\r\nĐem lại hình ảnh rõ nét cả vào ban đêm với ghi màu thông minh lên tới 5 mét và chụp ảnh 10 mét\r\nLưu mọi khoảnh khắc với dung lượng 512GB trên thẻ nhớ MicroSD, xem trực tiếp có thể zoom 8X','2024-11-26 16:28:27','2024-11-26 16:28:27',228,'/assets/uploads/products/product-1732638507404-699884397.webp'),(64,9,'Camera IP 360 độ 4MP Ezviz TY1 Pro','Đặc điểm nổi bật\r\nLưu mọi khoảnh khắc với dung lượng 256GB trên thẻ nhớ MicroSD, xem trực tiếp có thể zoom 8X\r\nEzviz TY1 Pro có thể loại bỏ tự động các điểm mù với chế độ tuần tra độc đáo\r\nCó nút gọi trực tiếp trên camera, có thể đàm thoại 2 chiều, nhận các thông báo quan trọng từ xa\r\nTY1 Pro đem lại hình ảnh rõ nét cả vào ban đêm và chụp ảnh 10 mét','2024-11-26 16:29:57','2024-11-26 16:29:57',228,'/assets/uploads/products/product-1732638597245-756107590.png'),(65,10,'Ốp lưng Samsung Galaxy S22 Ultra Gear4 D3O Milan','Ốp lưng Samsung Galaxy S22 Ultra Gear4 D30 Milan – Cao cấp, bền bỉ\r\nỐp lưng Samsung Galaxy S22 Ultra Gear4 D30 Milan là mẫu ốp lưng được sản xuất chính hãng bởi thương hiệu Gear4 nổi tiếng của Anh, nổi bật bởi thiết kế siêu mỏng nhẹ và thời trang. Điều làm nên sự khác biệt của ốp lưng Samsung Galaxy S22 Ultra này đó là lớp vật liệu chống sốc D3O cho khả năng bảo vệ lên đến 4m.','2024-11-26 16:31:04','2024-11-30 07:42:04',212,'/assets/uploads/products/product-1732952524648-661374291.webp'),(66,10,'Máy chơi game ASUS ROG Ally X','Đặc điểm nổi bật\r\nThiết kế tinh tế với màu đen sang trọng, kích thước nhỏ gọn\r\nBộ xử lý AMD Z1 Extreme mang hiệu suất cao, xử lý mượt mà\r\nLưu trữ dung lượng lớn tới 1TB giúp thoải mái lưu trữ game\r\nCải thiện khả năng cầm nắm nâng cao trải nghiệm chơi game','2024-11-26 16:32:48','2024-11-26 16:33:00',220,'/assets/uploads/products/product-1732638780425-387414524.webp'),(67,10,'Chuột Gaming không dây Logitech G304 Lightspeed','Đặc điểm nổi bật\r\nCảm biến HERO với hiệu suất ổn định và chính xác vượt trội, giúp tăng tốc từ 200 tới 12.000 DPI\r\nCông nghệ LIGHTSPEED giải pháp không dây cấp độ chuyên gia đạt được hiệu suất như có dây\r\nThiết kế cơ học trọng lượng nhẹ chỉ 99g, mang lại cảm giác thoải mái khi sử dụng thời gian dài\r\nNút giữa, DPI và hai nút bên có thể lập trình tùy theo sở thích của bạn bằng G HUB của Logitech','2024-11-26 16:41:41','2024-11-26 16:41:41',265,'/assets/uploads/products/product-1732639301285-546225410.webp'),(68,10,'Tay cầm chơi game không dây Rappo V600S','Tay cầm chơi game không dây Rapoo V600S - Tích hợp rung kép chân thực\r\nTay cầm chơi game không dây Rapoo V600S là sản phẩm có sự cải tiến tốt để mang tới trải nghiệm chơi game, giải trí vui vẻ và dễ dàng thao tác hơn. Tìm hiểu ngay Gaming Gear Pad này qua những thông tin sau.','2024-11-26 16:43:41','2024-11-26 16:43:41',264,'/assets/uploads/products/product-1732639421588-250116785.webp'),(69,7,'Tai nghe chụp tai Gaming Sony Inzone H3','Đặc điểm nổi bật\r\nTrải nghiệm chơi game chân thật và rõ nét nhờ vào công nghệ 360 Spatial Sound\r\nĐệm tai êm ái, ôm khít tai mang lại cảm giác thoải mái khi đeo suốt nhiều giờ liền\r\nTích hợp mic thoại thu âm rõ ràng, tiện lợi - gập xuống để nói, gập lên để tắt tiếng\r\nCấu trúc âm học đối xứng giúp nâng cao chất lượng, độ chính xác của âm thanh','2024-11-26 16:45:55','2024-11-26 16:45:55',223,'/assets/uploads/products/product-1732639554710-106513717.webp'),(70,10,'Chuột Gaming Logitech G502 Hero','Đặc điểm nổi bật\r\nChuột được trang bị cảm biến quang học HERO mang lại hiệu suất ổn định và chính xác vượt trội với khả năng làm mượt, lọc và tăng tốc lên tới 25.600 DPI\r\nHệ thống ứng lực cho nút cơ học cùng với tốc độ phản hồi 1ms nâng cao sự ổn định và giúp giảm lực cần thiết để nhấp chuột nhanh chóng\r\nDây kết nối USB dài 2,1m có trọng lượng nhẹ hơn, mượt mà hơn, linh hoạt hơn và kết nối ổn định\r\nCông nghệ ánh sáng LIGHTSYNC RGB có thể tùy chỉnh hình động và hiệu ứng ánh sáng lên tới 16,8 triệu màu thông qua phần mềm G Hub\r\nTích hợp 11 nút có thể lập trình thông qua phần mềm G Hub của Logitech\r\nTrang bị năm khối nặng có thể điều chỉnh trọng lượng cho cảm giác chuột và hành vi trượt theo sở thích cá nhân\r\nThiết kế thoải mái cho người thuận tay phải với viền bên bằng cao su giúp tăng thêm khả năng điều khiển','2024-11-26 16:47:00','2024-11-26 16:47:00',265,'/assets/uploads/products/product-1732639620828-147653162.webp'),(71,10,'Tai nghe Bluetooth True Wireless Gaming Black Shark T11','Đặc điểm nổi bật\r\nThiết kế độc đáo với nắp trượt, hiệu ứng ánh sáng RGB, tạo ra một không gian chơi game rực rỡ\r\nCông nghệ Bluetooth 5.3, cho kết nối ổn định và tốc độ truyền dữ liệu nhanh, không lo gián đoạn\r\nDriver đến 13mm, mang đến âm thanh mạnh mẽ, độ trễ thấp, giúp giảm hiện tượng trễ âm thanh\r\nThời lượng pin đến 30 giờ, cho phép bạn thưởng thức âm nhạc và chơi game trong thời gian dài\r\nTai nghe Black Shark T11 sở hữu thiết kế độc đáo kết hợp cùng hệ thống đèn RGB bắt mắt cùng thời lượng pin lên đến 30 giờ. Kích thước driver bên trong tai nghe khoảng 13mm với khả năng mang đến chất âm sắc nét, sinh động. Ngoài ra, mẫu tai nghe Black Shark này cũng tích hợp công nghệ kết nối Bluetooth 5.3 và chống ồn chủ động ENC.','2024-11-26 16:48:20','2024-11-26 16:48:20',257,'/assets/uploads/products/product-1732639699975-88696856.png'),(72,11,'Máy chơi game Sony Playstation 5 Bundle Marvel\'s Spiderman 2 Limited Edition','Máy chơi game Sony PlayStation 5 Bundle Marvels Spiderman 2 Limited Edition sở hữu cấu hình đột phá nhờ được trang bị CPU mạnh mẽ. Cùng với đó là kiến trúc đồ hoạ với sức mạnh đáng kinh ngạc, hỗ trợ ray-tracing và xuất hình ảnh game độ phân giải cao. Đặc biệt, thế hệ Play Station này còn bao gồm bộ nhớ trong 825GB, hứa hẹn đem lại trải nghiệm gaming mượt mà, đỉnh cao.','2024-11-26 16:50:25','2024-11-26 16:50:25',223,'/assets/uploads/products/product-1732639824936-710350695.webp'),(73,11,'Kính thực tế ảo Sony Playstation VR2 (CFI-ZVR1 G)','Kính thực tế ảo Sony PlayStation VR2 sở hữu thông số hiển thị cực khủng, lên tới 4K HDR cùng tốc độ làm mới 120Hz siêu mượt mà trên màn hình OLED cao cấp. Kết hợp với đó là tầm nhìn 110 độ và hệ thống âm thanh lôi cuốn qua jack 3.5mm, Sony PSVR 2 sẽ đưa bạn đến với thế giới giải trí chân thực và cực kỳ sống động. Đặc biệt hơn, thiết bị còn sở hữu tính năng Eye Tracking để theo dõi và phản hồi hình ảnh đúng với chuyển động mắt của người dùng. ','2024-11-26 16:51:24','2024-11-26 16:51:24',223,'/assets/uploads/products/product-1732639884469-522761959.png'),(74,11,'Đĩa Game PS5 Spiderman 2 Collector\'s Edition (Vietsub)','Đĩa game PS5 Spiderman 2 Collector\'s Edition có nội dung xoay quanh câu chuyện phiêu lưu trong thế giới độc đáo và đầy thú vị của 2 nhân vật người nhện. Trong game, bạn sẽ hóa thân thành các nhân vật và tự do phiêu lưu, khám phá, chiến đấu với kẻ thù trong thế giới của riêng mình. ','2024-11-26 16:52:27','2024-11-26 16:52:27',223,'/assets/uploads/products/product-1732639947112-891253332.webp'),(75,11,'Đĩa game PS5 Final Fantasy XVI (En Ver) ECAS-00053E','Đặc điểm nổi bật\r\nLà đĩa game PS5 - Final Fantasy XVI - Asia\r\nĐược đề cử là giải The Game cho Game được mong đợi nhất\r\nThuộc thể loại trò chơi nhập vai hành động, trò chơi điện tử đối kháng, trò chơi phiêu lưu\r\nĐược các nhà phát triển SQUARE ENIX CO., LTD., Creative Business Unit III phát hành','2024-11-26 16:53:56','2024-11-26 16:53:56',223,'/assets/uploads/products/product-1732640036989-141837629.webp'),(76,12,'Máy quay chống rung DJI Osmo Pocket 3','ính năng nổi bật\r\n- Sở hữu cảm biến CMOS 1 inch\r\n- Quay video 4K/120fps và Slo-Mo\r\n- Tích hợp chế độ màu D-Log M và HLG 10-bit\r\n- Màn hình xoay 2\" linh hoạt\r\n- Công nghệ ActiveTrack 6.0\r\n- Khả năng lấy nét nhanh toàn điểm ảnh\r\n- Hệ thống chống rung 3 trục\r\n- 3 micro tích hợp, hỗ trợ giảm tiếng ồn của gió \r\n- Thời gian sử dụng lên đến 116 phút ','2024-11-26 16:56:28','2024-11-26 16:56:28',253,'/assets/uploads/products/product-1732640188941-327492187.webp'),(77,14,'USB Wifi siêu nhỏ chuẩn N tốc độ 150Mbps TP-Link TL- WN725N','Đặc điểm nổi bật\r\nTốc độ không dây lên tới 150Mbps trên băng tần 2.4 GHz\r\nKiểu dáng đẹp, thiết kế nhỏ gọn, khi cắm vào có thể để trong cổng USB của laptop\r\nBảo mật nâng cao: Hỗ trợ mã hóa WEP 64/128, WPA, PA2/WPA-PSK/WPA2-PSK(TKIP/AES)','2024-11-26 16:58:08','2024-11-26 16:58:08',269,'/assets/uploads/products/product-1732640288877-462633372.png'),(78,14,'Router Wifi TP-Link Archer C54 băng tần kép AC1200','INSERT INTO brands (name, description, logo_url) VALUES\r\n(\'Cisco\', \'Tập đoàn công nghệ Mỹ hàng đầu thế giới về thiết bị mạng và bảo mật doanh nghiệp\', NULL),\r\n(\'TP-Link\', \'Công ty Trung Quốc chuyên sản xuất thiết bị mạng giá rẻ cho người dùng và doanh nghiệp\', NULL),\r\n(\'NETGEAR\', \'Công ty Mỹ chuyên về thiết bị mạng không dây và giải pháp mạng thông minh\', NULL),\r\n(\'D-Link\', \'Tập đoàn Đài Loan cung cấp giải pháp mạng toàn diện cho gia đình và doanh nghiệp\', NULL),\r\n(\'Ubiquiti\', \'Công ty Mỹ nổi tiếng với thiết bị mạng chuyên nghiệp và giải pháp UniFi\', NULL),\r\n(\'MikroTik\', \'Công ty Latvia chuyên sản xuất thiết bị mạng chuyên nghiệp với giá thành hợp lý\', NULL),\r\n(\'ASUS Networking\', \'Bộ phận thiết bị mạng của ASUS, nổi tiếng với router gaming và mesh wifi\', NULL),\r\n(\'Aruba Networks\', \'Công ty con của HP Enterprise, chuyên về giải pháp mạng doanh nghiệp\', NULL),\r\n(\'Juniper Networks\', \'Tập đoàn Mỹ chuyên cung cấp thiết bị mạng cao cấp và bảo mật\', NULL),\r\n(\'Fortinet\', \'Công ty Mỹ chuyên về bảo mật mạng và thiết bị tường lửa (firewall)\', NULL),\r\n(\'PLANET Technology\', \'Công ty Đài Loan chuyên sản xuất switch công nghiệp và thiết bị mạng\', NULL),\r\n(\'EnGenius\', \'Thương hiệu Đài Loan chuyên về giải pháp wifi outdoor và trong nhà\', NULL),\r\n(\'Grandstream\', \'Công ty Mỹ chuyên về thiết bị VoIP và giải pháp truyền thông doanh nghiệp\', NULL),\r\n(\'Cambium Networks\', \'Công ty Mỹ chuyên về giải pháp mạng không dây cho doanh nghiệp\', NULL),\r\n(\'Ruckus Networks\', \'Thương hiệu của CommScope, chuyên về giải pháp wifi doanh nghiệp cao cấp\', NULL);','2024-11-26 17:00:01','2024-11-28 17:30:26',271,NULL),(79,14,'Bộ phát wifi di động Tenda 4G180 4G LTE AX300 wifi 6','Đặc điểm nổi bật\r\nWi-Fi 6 tốc độ cao: Mang lại trải nghiệm Wi-Fi nhanh hơn, ổn định hơn.\r\nHỗ trợ SIM toàn cầu: Tương thích với hơn 4100 nhà mạng, kết nối dễ dàng mọi nơi.\r\nPin dung lượng lớn 2100mAh: Sử dụng lâu dài, tiết kiệm năng lượng.\r\nQuản lý thông minh: Truy cập trình duyệt \'tendawifi.com\' để xem thông tin và cài đặt.\r\nBộ phát WiFi di động 4G LTE Tenda 4G180 AX300 hỗ trợ công nghệ Wi-Fi 6 với tốc độ truyền nhanh đến 286Mbps với thời lượng pin tối đa 8.5 tiếng đồng hồ. Thêm vào đó, sản phẩm thiết bị mạng Tenda này còn tích hợp cổng USB-C để bạn sạc dễ dàng hơn. Ngoài ra, người dùng có thể quản lý các thông tin qua thiết bị di động mà không cần sử dụng app.','2024-11-26 17:01:14','2024-11-28 16:09:03',273,'/assets/uploads/products/product-1732810143882-383458587.webp'),(80,14,'USB Wifi TP-Link T3U Plus băng tần kép AC1300','Đặc điểm nổi bật\r\nTrang bị băng tần kép: tốc độ 867 Mbps - 5 GHz và 400 Mbps - 2.4 GHz\r\nCông nghệ MU-MIMO cải thiện lưu lượng và hiệu quả của toàn mạng\r\nĂng-ten có thể điều chỉnh, đa hướng giúp bắt sóng và kết nối với Wifi xung quanh\r\nThiết kế nhỏ gọn, tiện lợi, dễ dàng tháo lắp và sử dụng','2024-11-26 17:02:29','2024-11-26 17:02:29',271,'/assets/uploads/products/product-1732640549429-623456889.webp'),(81,14,'Router Wifi 6 Gigibit băng tần kép TP-Link AX3000 Archer AX53','Router Wifi 6 gigabit TP-Link AX3000 Archer AX53 - Băng thông 6g tốc độ nhanh chóng\r\nRouter wifi 6 gigabit băng tần kép TP-Link AX3000 Archer AX53 là một sản phẩm tối ưu và là thiết bị wifi không thể thiếu trong mọi gia đình. Thiết bị này cho khả năng băng thông lên đến 5G với độ phủ sóng rộng và thông lượng lên đến 1201 Mbps nhanh hơn gấp 2 lần so với những Router wifi truyền thố','2024-11-26 17:03:23','2024-11-28 07:50:41',271,'/assets/uploads/products/product-1732780241473-62206240.webp'),(82,13,'Bộ kích sóng WiFi Tenda A9 chuẩn N tốc độ 300Mbps','Thiết bị mở rộng sóng Wi-Fi chuẩn N tốc độ 300Mbps Tenda A9 - Phủ sóng rộng, tín hiệu mạnh\r\nThiết bị mở rộng sóng Wi-Fi chuẩn N tốc độ 300Mbps Tenda A9 được thiết kế để tăng cường vùng phủ sóng rộng hơn với tốc độ ổn định. Thiết bị được sử dụng đơn giản, nên hứa hẹn sẽ là lựa chọn để loại bỏ điểm chết WiFi cho gia đình.','2024-11-26 17:04:27','2024-11-26 17:04:27',270,'/assets/uploads/products/product-1732640667631-766810431.webp'),(83,15,'Thiết bị theo dõi thông minh Samsung Galaxy Smart Tag','Đặc điểm nổi bật\r\nTương thích với các dòng điện thoại Samsung chạy Android 8 trở lên\r\nHiển thị vị trí thiết bị trên google map,điều hướng người dùng đến vị trí thiết bị thông qua GPS\r\nTích hợp loa cho phép phát ra chuông báo giúp dễ dàng tìm được thiết bị ở gần\r\nĐiều khiển các thiết bị thông minh chỉ với 1 thao tác bấm\r\nSử dụng pin CR2032 dễ dàng thay thế,có thể sử dụng liên tục trong khoảng 1 năm','2024-11-26 17:06:12','2024-11-28 17:30:16',212,NULL),(84,15,'Thiết bị phát hiện camera Baseus Heyo Series II','Đặc điểm nổi bật\r\nPhát hiện camera ẩn chính xác: Sử dụng công nghệ hồng ngoại tiên tiến với phạm vi lên đến 10 mét.\r\nCảnh báo nhanh chóng: Âm thanh và đèn LED cảnh báo mạnh mẽ ngay khi phát hiện camera.\r\nDễ sử dụng: Thiết kế nhỏ gọn, đơn giản, chỉ cần bật máy và quét.\r\nBảo vệ riêng tư hiệu quả: Giúp ngăn chặn xâm phạm không mong muốn, bảo vệ sự riêng tư của bạn.\r\nMáy dò camera Baseus Heyo Series II được trang bị công nghệ hồng ngoại thế hệ mới, mang lại khả năng phát hiện camera ẩn. Khi phát hiện camera, máy sẽ phát ra cảnh báo âm thanh mạnh mẽ và đèn LED nhấp nháy, giúp người dùng nhận diện nhanh chóng và phản ứng kịp thời. Đồng thời, thiết kế bên ngoài của máy cũng khá nhỏ gọn, cho phép người dùng có thể dễ dàng cầm theo bên người và kiểm tra, phát hiện camera ẩn trong nhiều môi trường khác nhau.','2024-11-26 17:07:35','2024-11-26 17:07:35',284,'/assets/uploads/products/product-1732640855504-294721296.webp'),(85,13,'Túi chống sốc Tomtoc 360 Protective kèm túi phụ kiện Macbook Pro 14 inch','Túi chống sốc TomToc 360 Protective (kèm phụ kiện) Macbook Pro 14 inch - Bảo vệ toàn diện\r\nTúi chống sốc TomToc 360 Protective (kèm phụ kiện) Macbook Pro 14 inch - món phụ kiện có thiết kế hiện đại, mang lại sự thoải mái và dễ di chuyển cho người. Đồng thời, phụ kiện túi xách Tomtoc còn có khả năng hạn chế hư tổn bên ngoài, bảo vệ chống sốc tăng cường khỏi các trường hợp rơi hay va đập.','2024-11-26 17:09:10','2024-11-28 03:20:12',220,'/assets/uploads/products/product-1732764012338-139238584.webp'),(86,13,'Combo túi chống sốc kèm túi phụ kiện Innostyle Guardiantech Macbook/Laptop 16 inch','Đặc điểm nổi bật\r\nTích hợp công nghệ chống va đập ArmoredEdge độc quyền, viền siêu đàn hồi và lớp đệm mềm mật độ cao\r\nĐược thiết kế với chất liệu vải cao cấp chống tràn, khóa kéo YKK, lớp lót mềm mại họa tiết kim cương tinh tế\r\nNgăn đựng phụ kiện đi kèm với hai túi lưới bên hông, cung cấp giải pháp gọn nhẹ và thời trang để sắp xếp an toàn\r\nQuai cầm thiết kế đặc biệt giúp túi giữ được form dáng gọn gàng, đồng thời giải quyết vấn đề mang theo laptop','2024-11-26 17:10:28','2024-11-26 17:10:28',217,'/assets/uploads/products/product-1732641028084-947107122.webp'),(87,13,'Ốp lưng MagSafe iPhone 16 Pro Max nhựa cứng viền dẻo Bayer II JM ','Ốp lưng MagSafe iPhone 16 Pro Max nhựa cứng viền dẻo Bayer II JM được thiết kế với chất liệu nhựa cứng viền dẻo, mang đến sự kết hợp hoàn hảo giữa tính thẩm mỹ và bảo vệ. Sản phẩm này hứa hẹn sẽ là một lựa chọn đáng cân nhắc cho những ai muốn giữ nguyên vẻ đẹp nguyên bản của chiếc iPhone 16 đồng thời đảm bảo an toàn cho thiết bị.','2024-11-28 17:34:23','2024-11-28 17:34:23',211,'/assets/uploads/products/product-1732815263928-219099701.jpg'),(88,13,'Ốp lưng MagSafe iPhone 16 Plus Nhựa Trong Apple ','1/4\r\nThế Giới Di Động cam kết\r\nchính sách bảo hành\r\nSản phẩm mới, chính hãng (Không bảo hành, đổi trả).\r\n\r\nBài viết đánh giá\r\nỐp lưng MagSafe iPhone 16 Plus Nhựa Trong Apple là một lựa chọn hoàn hảo cho những ai tìm kiếm sự bảo vệ tối ưu mà vẫn giữ được vẻ đẹp nguyên bản của dòng iPhone 16. Với thiết kế mỏng nhẹ, ốp lưng này không chỉ tạo cảm giác cầm nắm thoải mái mà còn giúp bạn dễ dàng thao tác với thiết bị.','2024-11-28 17:35:33','2024-11-28 17:35:33',211,'/assets/uploads/products/product-1732815333414-462396404.jpg'),(89,13,'Ốp lưng Magsafe iPhone 15 Pro Max Vải tinh dệt Apple ','Đặc điểm nổi bật\r\n\r\nThiết kế theo đúng kích cỡ của iPhone 15 Pro Max nên ốp lưng hoàn toàn vừa vặn, bảo vệ tốt.  \r\nMàu sắc thời thượng, các chi tiết được chăm chút kỹ càng cho tính thẩm mỹ cao. \r\nỐp lưng iPhone 15 Pro Max được làm từ chất liệu vải tinh dệt bền bỉ, bề mặt mềm mại, cầm nắm dễ chịu. \r\nNạp pin không dây qua ốp lưng Apple hiệu quả nhờ hỗ trợ sạc MagSafe. \r\nPhím điều khiển dạng nổi cho thao tác bấm chắc chắn, nhạy bén mà không hề có cảm giác đang dùng ốp. \r\nLưu ý: Thanh toán trước khi mở seal.','2024-11-28 17:36:33','2024-11-28 17:36:33',211,'/assets/uploads/products/product-1732815393496-691512346.jpg'),(90,4,'Laptop HP 240 G10 i5 1335U/16GB/512GB/Win11 (9H2E4PT) ','HP 240 G10 - 9H2E4PT là một sản phẩm laptop văn phòng từ hãng HP. Model này được đánh giá cao với các thiết kế hiện đại cùng mức giá rất phù hợp cho các người dùng học sinh, sinh viên hoặc người làm văn phòng. Cùng xem qua các thông số chi tiết của model này néh.\r\n\r\n','2024-11-28 17:40:17','2024-11-28 17:40:17',218,'/assets/uploads/products/product-1732815617082-91594078.jpg'),(91,8,'Loa Bluetooth Xiaomi Sound Pocket ','Loa bluetooth\r\nTổng công suất:\r\n5 W\r\nNguồn:\r\nPin 1000 mAh\r\nThời gian sử dụng:\r\nDùng khoảng 10 tiếng\r\nThời gian sạc:\r\nSạc khoảng 3 tiếng\r\nCông nghệ âm thanh:\r\nTrue Wireless Stereo\r\nPhím điều khiển:\r\nBật/Tắt bluetooth\r\nBật/Tắt nguồn\r\nNhận/Tắt cuộc gọi\r\nPhát/dừng chơi nhạc\r\nTăng/giảm âm lượng\r\nKết nối với nhiều loa\r\nTiện ích:\r\nKết nối nhiều loa\r\nChống nước, chống bụi IP67\r\nCó micro đàm thoại\r\nKết nối\r\nKết nối không dây:\r\nBluetooth 5.4\r\nCổng sạc:\r\nType-C\r\nKhoảng cách kết nối tối đa:\r\n25 m\r\nĐiều khiển bằng điện thoại:\r\nCó','2024-11-28 17:41:47','2024-11-28 17:41:47',213,'/assets/uploads/products/product-1732815707809-388626190.jpg'),(92,8,'Loa Bluetooth JBL Clip 5','Loa JBL Clip 5 sở hữu vẻ ngoài nhỏ gọn cùng tần số 120Hz-20 kHz, thời gian sử dụng lên tới 4-5 tiếng giúp mang lại khả năng phát nhạc hoàn hảo. Không chỉ vậy, sản phẩm cũng sở hữu kết nối bluetooth, jack cắm AUX và thẻ nhớ TF hỗ trợ đa dạng trải nghiệm của người dùng. ','2024-11-28 17:43:40','2024-11-28 17:43:40',224,'/assets/uploads/products/product-1732815820437-418988123.webp'),(93,8,'Loa Bluetooth JBL Go 4','Loa Bluetooth JBL Go 4 sở hữu âm thanh JBL Pro Sound mang lại âm trầm mạnh mẽ cùng viên pin cho thời gian sử dụng lên đến 7 giờ. Cùng với đó sản phẩm loa JBL còn được trang bị chuẩn kháng nước IP67 cùng với đó là thiết kế từ vật liệu tái chế với nhiều màu như đỏ, xanh, trắng, tím, đen. Để nâng cao các trải nghiệm âm thanh, loa còn được trang bị Auracast cho phép ghép đôi 2 loa JBL Go 4, nâng cao trải nghiệm giải trí.','2024-11-28 17:45:07','2024-11-28 17:45:07',224,'/assets/uploads/products/product-1732815907881-456377684.png'),(94,8,'Tai nghe Bluetooth True Wireless JBL Tour Pro 3','Tai nghe JBL Tour Pro 3 đem tới chất lượng âm thanh lôi cuốn hàng đầu với công nghệ JBL Pro Sound cao cấp cùng chống ồn chủ động (ANC) cực xịn. Mẫu tai nghe JBL mới này cũng được cải tiến về mặt thiết kế để có tạo hình nhỏ gọn, dễ đeo và không gây khó chịu khi nghe nhạc giải trí. Ngoài ra, màn hình cảm ứng sắc nét của tai nghe cũng được nâng cấp lên đến 1.57’’, cho phép truy cập nhanh vào các tính năng quan trọng chỉ bằng cách chạm nhẹ.','2024-11-28 17:46:46','2024-11-28 17:46:46',224,'/assets/uploads/products/product-1732816006280-659830775.webp'),(95,8,'Loa Bluetooth LG XBOOM GO XG2','Loa bluetooth LG XBOOM Go XG2 là thiết bị âm thanh di động với chất lượng âm thanh sống động với Sound Boost cho phép tùy chỉnh EQ để cá nhân hóa trải nghiệm nghe. Thiết nhỏ nhắn, dễ lắp đặt mà vẫn đảm bảo độ bền bỉ, đạt chuẩn quân sự của Hoa Kỳ. Đắm chìm trong âm nhạc mọi lúc, mọi nơi mà không lo thấm nước, dính bụi với tiêu chuẩn IP67. ','2024-11-28 17:47:56','2024-11-28 17:47:56',228,'/assets/uploads/products/product-1732816076704-485976413.webp'),(96,8,'Loa Bluetooth Sony SRS-XB100 Extra Bass','Loa Sony SRS-XB100 - Âm thanh sống động\r\nLoa Bluetooth Sony SRS-XB100 với thiết kế nhỏ gọn, năng động cùng với âm bass mạnh mẽ sẽ là một lựa chọn không thể bỏ qua. Với công nghệ hiện đại đặc trưng của hãng, sản phẩm loa Sony này sẽ mang lại cho bạn trải nghiệm âm thanh sôi động và hấp dẫn, cùng với tính di động tiện lợi.','2024-11-28 17:49:27','2024-11-28 17:49:27',228,'/assets/uploads/products/product-1732816167492-612429414.png'),(97,4,'Apple MacBook Air M2 2024 8CPU 8GPU 16GB 256GB I Chính hãng Apple Việt Nam','Apple Macbook Air M2 2022 16GB 256GB thiết kế siêu mỏng 1.13cm, trang bị chip M2 8 nhân GPU, 16 nhân Neural Engine, RAM khủng 16GB, SSD 256GB, màn hình IPS Liquid Retina Display cùng hệ thống 4 loa cho trải nghiệm đỉnh cao.','2024-11-28 17:52:13','2024-11-28 17:52:13',211,'/assets/uploads/products/product-1732816333964-65342061.jpg'),(98,5,'Laptop ASUS TUF Gaming A15 FA506NCR-HN047W','Đặc điểm nổi bật\r\nTrang bị bộ vi xử lý AMD Ryzen 7 7435HS, mang lại hiệu suất cao cho các tác vụ đa nhiệm và gaming.\r\nVới GPU NVIDIA RTX 3050 4GB, laptop có khả năng xử lý đồ họa mượt mà, lý tưởng cho game thủ và thiết kế đồ họa.\r\nMàn hình 15.6 inch Full HD với tần số quét 144Hz giúp hiển thị hình ảnh mượt mà và sống động trong các trò chơi.\r\n16GB RAM cho phép xử lý nhiều ứng dụng cùng lúc mà không gặp khó khăn, tăng cường trải nghiệm người dùng.\r\n512GB PCIe SSD cung cấp không gian lưu trữ rộng rãi và tốc độ truy xuất dữ liệu nhanh, giúp khởi động máy và ứng dụng nhanh chóng.\r\nLaptop Asus TUF Gaming A15 FA506NCR HN047W sử dụng bộ xử lý AMD Ryzen 7 7435HS Mobile Processor 3.1GHz kết hợp card đồ họa NVIDIA GeForce RTX 3050 mạnh mẽ. Sản phẩm sở hữu RAM DDR5 16GB cùng dung lượng ổ cứng SSD 512GB chuẩn kết nối tốc độ cao PCIe cho khả năng đa nhiệm tuyệt vời. Màn hình lớn 15.6 inch FullHD 144Hz chống loá mang tới chất lượng hình ảnh sắc nét và mượt mà trong từng chuyển động. ','2024-11-28 17:54:00','2024-11-28 17:54:00',220,'/assets/uploads/products/product-1732816440679-828887981.webp'),(99,5,'Laptop Acer Aspire 7 A715-76G-5806','Laptop Acer Aspire 7 A715 76G 5806 được trang bị bộ vi xử lý i5 12450H cùng card màn hình rời 4GB RTX3050 và dung lượng RAM 16GB, ổ cứng SSD 512 GB. Máy sở hữu màn hình 15.6 inch FHD với tần số 144Hz. Ngoài ra, sản phẩm laptop Acer Aspire còn nổi bật với thiết kế tối giản, bền bỉ nhờ vỏ nhựa cùng nắp lưng kim loại cứng cáp.','2024-11-28 17:55:46','2024-11-28 17:55:46',221,'/assets/uploads/products/product-1732816546655-716788227.png'),(100,5,'Laptop MSI Gaming Thin 15 B13UC-1411VN','Laptop MSI Gaming Thin 15 B13UC-1411VN sở hữu kích thước 359 x 254 x 21.7 mm và trọng lượng chỉ khoảng 1.86kg, thiết kế tinh giản nhưng vẫn bắt mắt. Laptop có CPU thế hệ 13 – Intel Core i7-13620H, card VGA RTX 3050 từ NVIDIA với công nghệ AI tích hợp. Vận hành êm ái và ổn định nhiệt độ với tản nhiệt Cooler Boost, xử lý nhanh chóng nhờ RAM 8GB, lưu trữ hiệu suất cao với SSD 512GB. Ngoài ra thế hệ laptop MSI Gaming này cũng có màn hình 15.6 inch lớn, tần số 144Hz và chất lượng FHD siêu nét.','2024-11-28 17:57:17','2024-11-28 17:57:17',222,'/assets/uploads/products/product-1732816637748-989465906.webp'),(101,5,'Laptop Lenovo ThinkPad E16 Gen 1 21JN00GJVN','Laptop Lenovo Thinkpad E16 Gen 1 21JN00GJVN sở hữu chipset Intel Core i5-13420H 8 nhân với tốc độ lên tới 4.6GHz, mang lại khả năng xử lý vượt trội. Đi kèm theo đó là thông số bộ nhớ RAM 8GB DDR4-3200, cung cấp trải nghiệm đa nhiệm mượt mà và có thể được mở rộng tối đa đến 40GB. Đồng thời, ổ cứng SSD trên máy cũng sở hữu dung lượng đạt tới 512GB PCIe 4.0x4, giúp truy xuất dữ liệu nhanh chóng và tăng tốc khởi động hệ thống.\r\n\r\n','2024-11-28 17:58:45','2024-11-28 17:58:45',219,'/assets/uploads/products/product-1732816725788-176587272.webp'),(102,13,'Củ sạc Apple 2 cổng Type-C 35W MNWP3ZA-A','Củ sạc nhanh Apple MNWP3ZA-A 35W 2 cổng Type C có thiết kế mới với công suất sạc lên đến 35W. Hãy cùng TSTOREE tìm hiểu rõ hơn về tính năng và điểm nổi bật của củ sạc này nhé!\r\n\r\n','2024-11-28 18:00:44','2024-11-28 18:00:44',211,'/assets/uploads/products/product-1732816844825-805072083.webp'),(103,13,'Củ sạc Samsung Type-C 45W kèm cáp C-C 5A 1.8M T4510','Củ sạc Type C Samsung T4510 45W có kèm cáp là củ sạc được mong đợi nhất trong thời điểm hiện tại. Bởi đây chính là phiên bản sạc dành cho mẫu điện thoại Samsung Galaxy S22 Ultra cực hot gần đây. Hãy xem điểm đặc biệt của củ sạc này là gì nhé!\r\n\r\n','2024-11-28 18:01:48','2024-11-28 18:01:48',212,'/assets/uploads/products/product-1732816908108-119086503.jpg'),(104,15,'Thiết bị phát Wifi di động TP-Link M7350','Bộ phát wifi di động 4G LTE TpLink M7350 thiết kế tiện lợi cho di chuyển cùng tính năng phát wifi vượt trội\r\nViệc sử dụng wifi là nhu cầu gần như thiết yếu của rất nhiều người, từ giải quyết công việc, học tập cho đến giải trí. Wifi sẽ khiến mọi thao tác và tìm kiếm của bạn nhanh hơn. Với bộ phát wifi di động 4G Lte Tplink M7350 bạn có thể thoải mái làm việc ở bất cứ đâu mà không cần phải lo lắng tìm kiếm những nơi có wifi nữa.\r\n\r\nThiết kế nhỏ gọn, chỉ 116g tiện lợi di chuyển cùng màn hình hiển thị tích hợp\r\nBộ phát wifi 4G Lte Tplink M7350 được thiết kế vô cùng nhỏ gọn với trọng lượng chỉ 116g và kích thước 106 x 66 x 16mm với kích thước này thì sản phẩm vô cùng tiện lợi cho người dùng khi mang theo công tác, du lịch hoặc mang theo để giải quyết nhu cầu sử dụng mạng wifi của mình. Với màu đen sang trọng và thiết kế một nút nguồn ở giữa khiến wifi di động 4G M7350 trở nên vô cùng tối giản','2024-11-28 18:06:23','2024-11-28 18:06:23',271,'/assets/uploads/products/product-1732817183132-816457034.webp'),(105,12,'Webcam Logitech Brio 4K Stream Edition','Webcam Logitech Brio 4K Stream Edition tích hợp góc quay rộng 90 độ cùng 2 cài đặt FOV bổ sung (65 độ và 78 độ) giúp bạn tùy chỉnh góc quay linh hoạt. Sản phẩm webcam lấy nét tự động cùng với khả năng thu phóng kỹ thuật số 5 lần chất lượng Full HD. Bên cạnh đó, công nghệ RightLight 3 cùng HDR cho hình ảnh sống động. Mic đa hướng kép tích hợp công nghệ lọc tiếng ồn tiên tiến loại bỏ tiếng ồn xung quanh hiệu quả.\r\n\r\n','2024-11-28 18:07:57','2024-11-28 18:07:57',265,'/assets/uploads/products/product-1732817277684-410841542.webp'),(106,12,'Webcam Logitech Brio Micro 300 FHD 1080P','Webcam tích hợp Micro Logitech Brio 300 FHD 1080p - Hình ảnh sắc nét, quay đa chiều \r\nWebcam tích hợp Micro Logitech Brio 300 FHD 1080p là chiếc camera dành cho máy tính cá nhân, có khả năng quay hình ảnh với độ phân giải cao ở nhiều góc độ. Thiết bị còn được trang bị cổng kết nối USB Type C phổ biến để kết nối nhanh chóng với các thiết bị thông minh khác. Hãy xem đoạn mô tả sau đây để hiểu rõ về dòng webcam này!\r\n\r\nĐảm bảo chất lượng ảnh, thiết kế cá tính thân thiện \r\nMicro Logitech Brio 300 FHD 1080p được tích hợp camera có độ phân giải FHD 1080p, giúp quạy chụp video hình ảnh với độ sắc nét cao. Thiết bị còn có khả năng tự động điều chỉnh ánh sáng để bạn luôn xinh đẹp trong mọi cuộc call video.\r\n\r\nWebcam Logitech Brio Micro 300 FHD 1080P\r\n\r\nWebcam có thiết kế hoàn thiện với chi tiết đốm lạ mắt, kết quả từ vật liệu nhựa tái chế thân thiện với môi trường. Ba màu sắc cá tính tha hồ cho bạn chọn lựa gồm có màu graphite, màu rose và màu off-white.\r\n\r\nMở rộng góc quay, âm thanh chân thật\r\nWebcam tích hợp Micro Logitech Brio 300 có thể xoay 90 độ và xoay ngang tối đa 360 độ. Do đó bạn có thể tùy chỉnh góc quay bất cứ lúc nào để thu được hình ảnh theo ý muốn.\r\n\r\nWebcam Logitech Brio Micro 300 FHD 1080P\r\n\r\nThiết bị còn được trang bị thêm micro giảm tiếng ồn công nghệ mới, giúp thu âm và truyền giọng nói chuẩn xác không lẫn tạp âm. Nhờ vậy bạn có thể thoải mái gọi điện nói chuyện với bất cứ ai hoặc thu âm, đọc truyện với chất lượng âm thanh chân thật nhất.\r\n\r\nSắm ngay Webcam tích hợp Micro Logitech Brio 300 chính hãng tại CellphoneS\r\nWebcam tích hợp Micro Logitech Brio 300 đã có mặt tại cửa hàng CellphoneS, khả năng thu quay hình vượt trội và có giá cực tốt. Kết nối ngay với chúng tôi để sẵn sàng trải nghiệm những tính năng hữu ích từ chiếc webcam này nhé! \r\n\r\n','2024-11-28 18:09:12','2024-11-28 18:09:12',265,'/assets/uploads/products/product-1732817352210-563690085.webp'),(107,10,'Bàn phím cơ Logitech G413 SE TKL Brown Switch White Led','Bàn phím cơ Logitech G413 SE TKL - Thiết kế bền bị, độ nhạy cao\r\nLogitech G413 SE TKL là một sản phẩm bàn phím cơ giá rẻ đang được rất nhiều người dùng quan tâm, săn đón. Để hiểu hơn về sản phẩm bàn phím cơ này, hãy cùng nhau theo dõi ngay bài viết sau đây của CellphoneS nhé!\r\n\r\nChất liệu hợp kim nhôm bền bỉ, chân đế có thể điều chỉnh độ cao\r\nBàn phím cơ Logitech G413 SE TKL được thiết kế kiểu dáng truyền thống full size cùng keycaps được hoàn thiện từ PBT bền bỉ. Vật liệu PBT với khả năng chống mài mòn mang lại một hiệu suất chơi game tối ưu.','2024-11-28 18:10:23','2024-11-28 18:10:23',265,'/assets/uploads/products/product-1732817423710-838550590.webp'),(108,6,'Phần mềm Microsoft Office 365 Family (12 tháng X 6 User)','Phần mềm Microsoft Office 365 Family – Sử dụng office bản quyền trên 5 thiết bị\r\nMicrosoft Office 365 Family là phần mềm Microsoft Office cao cấp hiện nay. Sở hữu tính năng lưu trữ đám mây, bảo mật chuyên nghiệp hơn, gói gọn trong một bộ phần mềmcho trải nghiệm văn phòng trở nên hoàn hảo hơn.\r\n\r\nTối đa 6 người dùng, đa dạng các phần mềm Microsoft\r\nPhần mềm Microsoft Office 365 Family dành cho tối đa 6 người dùng (6 tài khoản), đúng với hậu tố Family của gói phần mềm. Đây là gói thuê bao 365 ngày vì thế bạn không cần phải lo về việc gián đoạn sử dụng giữa chừng trong năm.','2024-11-28 18:11:54','2024-11-28 18:11:54',230,'/assets/uploads/products/product-1732817514124-700753446.webp');
/*!40000 ALTER TABLE `products` ENABLE KEYS */;
UNLOCK TABLES;

--
-- Table structure for table `productvariants`
--

DROP TABLE IF EXISTS `productvariants`;
/*!40101 SET @saved_cs_client     = @@character_set_client */;
/*!50503 SET character_set_client = utf8mb4 */;
CREATE TABLE `productvariants` (
  `id` int NOT NULL AUTO_INCREMENT,
  `product_id` int unsigned DEFAULT NULL,
  `name` varchar(255) NOT NULL,
  `price` bigint unsigned DEFAULT NULL,
  `sold_count` int DEFAULT '0',
  `initial_stock` int DEFAULT '0',
  PRIMARY KEY (`id`),
  KEY `product_id` (`product_id`),
  CONSTRAINT `productvariants_ibfk_1` FOREIGN KEY (`product_id`) REFERENCES `products` (`id`)
) ENGINE=InnoDB AUTO_INCREMENT=182 DEFAULT CHARSET=utf8mb4 COLLATE=utf8mb4_0900_ai_ci;
/*!40101 SET character_set_client = @saved_cs_client */;

--
-- Dumping data for table `productvariants`
--

LOCK TABLES `productvariants` WRITE;
/*!40000 ALTER TABLE `productvariants` DISABLE KEYS */;
INSERT INTO `productvariants` VALUES (1,1,'256 GB - Đen',33990000,20,20),(2,1,'512GB - Titan',45000000,15,15),(3,1,'1TB - Bạc',53000000,19,19),(4,2,'12GB 1TB',52990000,36,40),(5,2,'12GB 512GB',45899999,9,9),(6,2,'12GB 256GB',41890000,7,7),(10,4,'256GB',17290000,77,100),(11,4,'128GB ',1390000,3,9),(12,5,'Xanh Lá',11590000,20,20),(13,5,'Đen',12000000,1,1),(14,6,'256gb',22790000,5,9),(15,6,'128GB',19990000,5,5),(16,3,'1TB',40000000,2,2),(17,3,'512GB',34900000,15,15),(18,3,'256GB',26900000,10,10),(19,7,'12GB 256GB',39000000,2,2),(20,8,'Đen',4790000,64,100),(21,8,'Tím',4790000,19,19),(22,9,'12GB 1TB',38900000,20,20),(23,10,'256GB',15900000,28,28),(24,10,'512GB',15800000,1,1),(25,11,'6GB 128GB',4990000,2,2),(26,11,'8GB 256GB',5900000,1,1),(27,12,'Đen',16990000,2,2),(28,12,'Trắng',15990000,1,1),(29,13,'Đen ',4390000,21,21),(30,13,'Vàng Hồng',4590000,12,12),(31,14,'Find N3',41900000,12,12),(32,14,'Find N3 Flip',22900000,12,12),(33,15,'Đen',2890000,53,121),(34,15,'Xanh đương',2290000,8,12),(35,16,'Đen ',29000000,12,12),(36,16,'Trắng',29990000,1,1),(37,17,'Redmi Watch 5 Lite',1290000,12,12),(38,17,'Redmi Watch 5 Lite Active',790000,1,1),(39,18,'M5s 4GB 64GB',3500000,12,12),(40,18,'M5s 4GB 128GB',4900000,12,12),(41,19,'Tím',2790000,11,11),(42,20,'WIFI 5GB 256GB',12990000,12,12),(43,21,'5GB 512GB',30000000,1,1),(44,21,'WIFI 512GB',21900000,1,1),(45,22,'1TB',30490000,12,12),(46,22,'512GB',26000000,12,12),(47,23,'WIFI 256 GB',10000000,10,10),(48,24,'GT 5 Dây cao su ',4990000,12,12),(49,24,'GT 5G Dây titan',6790000,12,12),(50,25,'Vàng',8990000,9,12),(51,25,'Đen',8990000,13,13),(52,26,'Hồng',1390000,92,122),(53,26,'Đen',1290000,1,1),(54,27,'Redmi 5 lite',1290000,1,1),(55,28,'GT 5 PRO 42mm Gốm',12900000,1,1),(56,28,'GT 5 PRO 42mm Cao su ',7990000,12,990),(57,29,'Đen',1490000,13,13),(58,29,'Xám',1670000,5,5),(59,30,'I7 1255U 16GB 512GB 15.6FHD',15990000,12,12),(60,30,'I7 1255U 32GB 1TB 15.6FHD',22000000,2,2),(61,31,'RYZEN AI 9 365  32GB 1TB',32990000,11,11),(62,31,'U7 155H 16GB 1TB RTX3050',26900000,21,21),(63,32,'U7 155H 16GB 512GB ',21990000,1,1),(64,32,'I5 12450H 16GB 512GB',15900000,11,120),(65,33,'I7 1355 U 16GB 512GB',16900000,64,120),(66,33,'I3 N305 8GB 512GB',9390000,1,1),(67,34,'I7 1255U 16GB 512GB 14.0 FHD',15790000,21,21),(68,35,'I7 1255U 16GB 512GB',17990000,1,1),(69,35,'I5 1155G7 8GB 256GB Cảm ứng',12990000,2,2),(70,36,'i5 12450h 16gb 512gb',13990000,3,45),(71,37,'i5 12450h 16gb 512gb rtx 3050',17900000,21,21),(72,38,'i5 12450 16gb 512gb rtx 4050',19990000,2,2),(73,39,'16gb 512gb rtx 3050',17490000,1,2),(74,39,'8gb 512gb rtx 2050',15690000,21,21),(76,41,'i9 14900K / 32GB - 500GB / RTX 4070 Ti',89990000,95,121),(77,42,'i5 14600F / 16GB - 500GB / RTX 3060',23690000,12,12),(78,43,'i5 12400F / 16GB - 256GB / RTX 3060',17490000,12,12),(79,44,' G08 i5 12400F / 8GB - 256GB / RX 6600',13490000,20,20),(80,45,'R5 5600G / 8GB - 256GB',8190000,14,14),(82,47,'i7 14700F / 16GB - 256GB / RTX 3050',22990000,23,23),(83,48,'MB.GB.65',3190000,3,3),(84,49,'Xanh ',1190000,32,32),(85,49,'Trắng',1190000,2,2),(86,50,'RTX 3050 VENTUS 2X 6G OC',5490000,0,2),(87,51,'AG400 ARGB TNK',490000,10,10),(88,52,'Airpods 4',4590000,2,2),(89,52,'Airpods 3 ',3890000,2,2),(90,52,'Airpods 3 2022',3590000,3,3),(91,53,'Đen',250000,1,1),(92,53,'Tím',250000,2,2),(93,53,'Trắng',250000,3,3),(94,54,'Hồng Khói',6490000,20,20),(95,54,'Đen',6490000,11,11),(96,55,'airpods 2',2290000,17,24),(97,56,'Đen ',1190000,16,32),(98,56,'Tune Dream',1990000,32,32),(99,57,'Tune Flex - Chỉ có tại cửa hàng của chúng tôi ',1190000,29,29),(100,58,'JBL Flip 6',2590000,79,211),(101,58,'JBL Flip 6',2909222,32,32),(102,58,'JBL Flip 7',2290000,0,0),(104,60,'Đen',4490000,3,3),(105,61,'Go 2',799000,5,5),(106,61,'Go 4',1190000,6,6),(107,62,'DJI OSMO ACTION 4',5760000,34,34),(108,63,'Trắng',790000,0,22),(109,64,'Trắng',590000,0,22),(112,66,'Đen',24990000,20,20),(113,67,'Đen',790000,24,24),(114,67,'Trắng',790000,43,43),(115,68,'Xám',790000,24,320),(116,68,'Xanh',790000,2,2),(117,69,'Sony inzone h9',2195000,32,32),(118,70,'Đen ',940000,2,2),(119,71,'Xám',520000,4,4),(120,71,'Trắng',67000,3,3),(121,72,'Đen/Đỏ',1990000,3,3),(122,73,'Trắng',17890000,30,30),(123,74,'Đỏ',5990000,49,220),(124,75,'1',450000,21,430),(125,76,'Pocket 3',12490000,3,3),(126,77,'TL-WN725N',155000,3,3),(129,80,'Archer t3u plus',385000,9,32),(131,82,'Trắng',219000,3,3),(133,84,'Trắng',220000,32,32),(134,84,'Đen',220000,3,3),(137,86,'Đen',770000,2,2),(140,85,'Đen ',980000,0,10000),(141,85,'Xám',979000,0,444),(146,81,'ax53',1299000,0,4132),(147,40,' i3 12100F / 16GB - 256GB / GTX 165',10790000,0,22),(148,79,'WIFI 6',810000,0,23),(149,83,'Đen',999000,0,52),(150,78,'AC1200',420000,0,34),(151,87,'Trắng',260000,0,220),(152,88,'Nhựa ',1430000,0,21),(153,89,'Vải',990000,2,321),(154,90,' i5 1335U/16GB/512GB/Win11 (9H2E4PT)',16900000,0,21),(155,91,'Pocket',530000,0,21),(156,92,'Đỏ',1490000,0,23),(157,92,'Hồng',1490000,1,2),(158,92,'Camo',3223,0,221),(159,93,'Go 4',42000,0,33),(160,94,'Đen',5990000,0,32),(161,95,'Đen',790000,0,1110),(162,96,'Đen',990000,0,23),(163,96,'Cam',990000,0,654),(164,97,'8CPU 10GPU 16GB 512GB',29690000,0,32),(165,97,'8CPU 10GPU 16GB 256GB',24990000,0,32),(166,98,'R7 7435HS 16GB 512GB RTX 3050',19900000,0,343),(167,99,'I5 12450H 16GB 512GB RTX3050 ',18490000,1,2),(168,100,'I7 13620 8GB 512GB RTX3050',18990000,0,212),(169,101,'I5 13420 16GB 512GB 14.0 WUXGA',19990000,0,465),(170,102,'MW2K3ZA/A',1190000,0,22),(171,103,'T4510',850000,0,33),(172,104,'Đen',1390000,0,23),(173,105,'Đen',4690000,0,350),(174,106,'Trắng',1490000,1,65),(175,107,'SE TKL ',1490000,1,32),(176,108,'365 FAMILY',1490000,0,34),(178,46,'i5 12400F / 16GB - 256GB / RTX 4060',19790000,0,23),(180,65,'Xanh dương',720000,0,3211),(181,59,'Đen',1190000,0,322);
/*!40000 ALTER TABLE `productvariants` ENABLE KEYS */;
UNLOCK TABLES;

--
-- Table structure for table `recommendations`
--

DROP TABLE IF EXISTS `recommendations`;
/*!40101 SET @saved_cs_client     = @@character_set_client */;
/*!50503 SET character_set_client = utf8mb4 */;
CREATE TABLE `recommendations` (
  `id` int NOT NULL AUTO_INCREMENT,
  `user_id` int DEFAULT NULL,
  `product_id` int unsigned DEFAULT NULL,
  `score` float DEFAULT NULL,
  `source` enum('collaborative','popularity') DEFAULT NULL,
  `created_at` timestamp NULL DEFAULT CURRENT_TIMESTAMP,
  PRIMARY KEY (`id`),
  KEY `user_id` (`user_id`),
  KEY `product_id` (`product_id`),
  CONSTRAINT `recommendations_ibfk_1` FOREIGN KEY (`user_id`) REFERENCES `users` (`id`),
  CONSTRAINT `recommendations_ibfk_2` FOREIGN KEY (`product_id`) REFERENCES `products` (`id`)
) ENGINE=InnoDB DEFAULT CHARSET=utf8mb4 COLLATE=utf8mb4_0900_ai_ci;
/*!40101 SET character_set_client = @saved_cs_client */;

--
-- Dumping data for table `recommendations`
--

LOCK TABLES `recommendations` WRITE;
/*!40000 ALTER TABLE `recommendations` DISABLE KEYS */;
/*!40000 ALTER TABLE `recommendations` ENABLE KEYS */;
UNLOCK TABLES;

--
-- Table structure for table `review_replies`
--

DROP TABLE IF EXISTS `review_replies`;
/*!40101 SET @saved_cs_client     = @@character_set_client */;
/*!50503 SET character_set_client = utf8mb4 */;
CREATE TABLE `review_replies` (
  `id` int NOT NULL AUTO_INCREMENT,
  `review_id` int NOT NULL,
  `content` text NOT NULL,
  `created_at` timestamp NULL DEFAULT CURRENT_TIMESTAMP,
  `updated_at` timestamp NULL DEFAULT CURRENT_TIMESTAMP ON UPDATE CURRENT_TIMESTAMP,
  `user_type` enum('admin','customer') NOT NULL DEFAULT 'customer',
  `user_id` int NOT NULL,
  PRIMARY KEY (`id`),
  KEY `review_id` (`review_id`),
  KEY `user_id` (`user_id`),
  CONSTRAINT `review_replies_ibfk_1` FOREIGN KEY (`review_id`) REFERENCES `reviews` (`id`) ON DELETE CASCADE,
  CONSTRAINT `review_replies_ibfk_2` FOREIGN KEY (`user_id`) REFERENCES `users` (`id`)
) ENGINE=InnoDB AUTO_INCREMENT=10 DEFAULT CHARSET=utf8mb4 COLLATE=utf8mb4_0900_ai_ci;
/*!40101 SET character_set_client = @saved_cs_client */;

--
-- Dumping data for table `review_replies`
--

LOCK TABLES `review_replies` WRITE;
/*!40000 ALTER TABLE `review_replies` DISABLE KEYS */;
INSERT INTO `review_replies` VALUES (1,1369,'ok đó','2024-11-28 16:07:54','2024-11-28 16:07:54','admin',26),(2,1364,'cảm ơn bạn nhé ','2024-11-28 16:08:03','2024-11-28 16:08:03','admin',26),(3,1365,'hợp lý mà cho 1 sao à ní ','2024-11-28 16:08:13','2024-11-28 16:08:13','admin',26),(4,1366,'thanks','2024-11-28 16:08:20','2024-11-28 16:08:20','admin',26),(5,1367,'mong bạn ủng hộ shop ạ ','2024-11-28 16:08:30','2024-11-28 16:08:30','admin',26),(6,1362,'tks','2024-11-29 07:22:26','2024-11-29 07:22:26','admin',26),(7,1355,'cảm ơn bạn','2024-11-29 22:49:07','2024-11-29 22:49:07','admin',26),(8,1356,'ok','2024-11-29 22:56:50','2024-11-29 22:56:50','admin',26),(9,1355,'Mong bạn mua nữa=))\n','2024-11-29 22:57:26','2024-11-29 22:57:26','admin',26);
/*!40000 ALTER TABLE `review_replies` ENABLE KEYS */;
UNLOCK TABLES;

--
-- Table structure for table `reviews`
--

DROP TABLE IF EXISTS `reviews`;
/*!40101 SET @saved_cs_client     = @@character_set_client */;
/*!50503 SET character_set_client = utf8mb4 */;
CREATE TABLE `reviews` (
  `id` int NOT NULL AUTO_INCREMENT,
  `product_id` int unsigned NOT NULL,
  `user_id` int NOT NULL,
  `rating` tinyint NOT NULL,
  `comment` text,
  `created_at` timestamp NULL DEFAULT CURRENT_TIMESTAMP,
  `updated_at` timestamp NULL DEFAULT CURRENT_TIMESTAMP ON UPDATE CURRENT_TIMESTAMP,
  `is_verified` tinyint(1) DEFAULT '0',
  `order_id` int DEFAULT NULL,
  `edit_count` int DEFAULT '0',
  `images` json DEFAULT NULL,
  `helpful_count` int DEFAULT '0',
  `report_count` int DEFAULT '0',
  `status` enum('active','hidden','reported') DEFAULT 'active',
  PRIMARY KEY (`id`),
  UNIQUE KEY `user_product_order_review` (`user_id`,`product_id`,`order_id`),
  KEY `product_id` (`product_id`),
  KEY `user_id` (`user_id`),
  KEY `fk_review_order` (`order_id`),
  CONSTRAINT `fk_review_order` FOREIGN KEY (`order_id`) REFERENCES `orders` (`id`),
  CONSTRAINT `reviews_ibfk_1` FOREIGN KEY (`product_id`) REFERENCES `products` (`id`),
  CONSTRAINT `reviews_ibfk_2` FOREIGN KEY (`user_id`) REFERENCES `users` (`id`),
  CONSTRAINT `reviews_chk_1` CHECK ((`rating` between 1 and 5)),
  CONSTRAINT `reviews_rating_check` CHECK ((`rating` between 1 and 5))
) ENGINE=InnoDB AUTO_INCREMENT=1398 DEFAULT CHARSET=utf8mb4 COLLATE=utf8mb4_0900_ai_ci;
/*!40101 SET character_set_client = @saved_cs_client */;

--
-- Dumping data for table `reviews`
--

LOCK TABLES `reviews` WRITE;
/*!40000 ALTER TABLE `reviews` DISABLE KEYS */;
INSERT INTO `reviews` VALUES (21,50,33,5,'a','2024-11-26 17:31:15','2024-11-26 17:36:05',1,NULL,0,NULL,0,0,'active'),(22,26,30,3,'sản phẩm khá ok nhé, hiện tại k vấn đề gì cả','2024-11-27 07:58:58','2024-11-27 07:58:58',0,NULL,0,NULL,0,0,'active'),(23,68,31,4,'chơi game rất đã, k bị deplay','2024-11-27 08:02:05','2024-11-27 08:02:05',0,NULL,0,NULL,0,0,'active'),(24,60,31,5,'âm thanh rất sống động và êm','2024-11-27 08:02:28','2024-11-27 08:02:28',0,NULL,0,NULL,0,0,'active'),(25,48,31,3,'Đủ yêu cầu đáp ứng các game gensin impact','2024-11-27 08:04:48','2024-11-27 08:04:48',0,NULL,0,NULL,0,0,'active'),(26,28,30,5,'rất chắc tay , đẹp','2024-11-27 08:10:31','2024-11-27 08:10:31',0,NULL,0,NULL,0,0,'active'),(27,1,30,4,'mới mua , dùng rất thoải mái, mà mau hết pin quá à ^^','2024-11-27 08:12:01','2024-11-27 08:12:01',0,NULL,0,NULL,0,0,'active'),(28,1,31,5,'đẹp , lâu hết pin','2024-11-27 08:14:44','2024-11-27 08:14:44',0,NULL,0,NULL,0,0,'active'),(29,1,33,5,'Xịn nha','2024-11-27 08:18:21','2024-11-27 08:18:21',0,NULL,0,NULL,0,0,'active'),(30,44,33,4,'tuyệt cú mèo','2024-11-27 08:20:52','2024-11-27 08:20:52',0,NULL,0,NULL,0,0,'active'),(31,24,31,4,'đẹp','2024-11-27 08:38:21','2024-11-27 08:38:21',0,NULL,0,NULL,0,0,'active'),(32,64,34,4,'Sắc nét','2024-11-27 10:03:31','2024-11-27 10:03:31',0,NULL,0,NULL,0,0,'active'),(33,17,34,5,'Sang trọng','2024-11-27 10:03:51','2024-11-27 10:03:51',0,NULL,0,NULL,0,0,'active'),(34,69,34,4,'âm thanh rõ','2024-11-27 10:21:57','2024-11-27 10:21:57',0,NULL,0,NULL,0,0,'active'),(35,12,34,4,'pin trâu','2024-11-27 10:22:09','2024-11-27 10:22:09',0,NULL,0,NULL,0,0,'active'),(36,11,34,3,'pin dùng dc lâu','2024-11-27 10:22:26','2024-11-27 10:22:26',0,NULL,0,NULL,0,0,'active'),(37,83,35,5,'Thiết bị rất tốt','2024-11-27 10:29:47','2024-11-27 10:29:47',0,NULL,0,NULL,0,0,'active'),(38,63,35,4,'Pin trâu','2024-11-27 10:29:58','2024-11-27 10:29:58',0,NULL,0,NULL,0,0,'active'),(39,23,35,4,'mượt mà','2024-11-27 10:30:22','2024-11-27 10:30:22',0,NULL,0,NULL,0,0,'active'),(40,70,35,1,'tôi bị đứt dây, cho t đổi','2024-11-27 10:30:44','2024-11-27 10:30:44',0,NULL,0,NULL,0,0,'active'),(41,15,30,3,'pin trâu như con bò','2024-11-27 11:06:12','2024-11-27 11:06:12',0,NULL,0,NULL,0,0,'active'),(42,80,30,4,'tuyệt cú mèo nhe','2024-11-27 11:40:12','2024-11-27 11:40:12',0,NULL,0,NULL,0,0,'active'),(43,75,30,1,'ổn','2024-11-27 11:40:24','2024-11-27 11:40:24',0,NULL,0,NULL,0,0,'active'),(44,77,31,2,'phát mạng tốt','2024-11-27 11:42:43','2024-11-27 11:42:43',0,NULL,0,NULL,0,0,'active'),(45,22,31,1,'Ergonomic Car made with Granite for all-day superb support','2024-02-12 10:02:40','2024-11-27 12:48:33',0,NULL,0,NULL,0,0,'active'),(46,65,26,1,'Innovative Towels featuring runny technology and Steel construction','2024-09-29 08:58:20','2024-11-27 12:48:33',1,NULL,0,NULL,0,0,'active'),(47,27,33,4,'The Public-key optimizing capability Tuna offers reliable performance and pricey design','2024-01-19 14:01:03','2024-11-27 12:48:33',0,NULL,0,NULL,0,0,'active'),(48,27,35,4,'New Sausages model with 12 GB RAM, 193 GB storage, and hungry features','2024-02-04 08:52:14','2024-11-27 12:48:33',0,NULL,0,NULL,0,0,'active'),(49,56,34,4,'Ergonomic Chips made with Soft for all-day orderly support','2024-01-28 17:30:06','2024-11-27 12:48:33',0,NULL,0,NULL,0,0,'active'),(50,18,30,2,'The sleek and alarmed Computer comes with orange LED lighting for smart functionality','2024-07-31 04:48:02','2024-11-27 12:48:33',1,NULL,0,NULL,0,0,'active'),(51,85,26,5,'Professional-grade Hat perfect for essential training and recreational use','2024-02-28 18:54:40','2024-11-27 12:48:33',0,NULL,0,NULL,0,0,'active'),(52,21,32,2,'Our bear-friendly Soap ensures curly comfort for your pets','2024-10-16 03:19:19','2024-11-27 12:48:33',1,NULL,0,NULL,0,0,'active'),(53,14,33,5,'Stylish Pants designed to make you stand out with each looks','2024-06-24 01:05:45','2024-11-27 12:48:33',1,NULL,0,NULL,0,0,'active'),(54,83,27,5,'Experience the plum brilliance of our Computer, perfect for chubby environments','2024-07-12 22:47:11','2024-11-27 12:48:33',0,NULL,0,NULL,0,0,'active'),(55,37,27,5,'Experience the olive brilliance of our Salad, perfect for dual environments','2024-03-17 04:52:01','2024-11-27 12:48:33',0,NULL,0,NULL,0,0,'active'),(56,18,31,5,'Smith, Hills and Nikolaus\'s most advanced Bacon technology increases monthly capabilities','2024-01-28 06:18:24','2024-11-27 12:48:33',1,NULL,0,NULL,0,0,'active'),(57,30,33,3,'The Robust value-added forecast Bacon offers reliable performance and ordinary design','2024-01-01 09:22:00','2024-11-27 12:48:33',0,NULL,0,NULL,0,0,'active'),(58,29,34,4,'Ergonomic Salad made with Frozen for all-day quintessential support','2024-01-23 04:01:20','2024-11-27 12:48:33',1,NULL,0,NULL,0,0,'active'),(59,3,35,5,'Russel, Marks and Schinner\'s most advanced Shirt technology increases biodegradable capabilities','2024-03-31 07:45:01','2024-11-27 12:48:33',1,NULL,0,NULL,0,0,'active'),(60,40,35,1,'The Krystal Hat is the latest in a series of frugal products from Cruickshank, Batz and Aufderhar','2024-06-10 03:45:24','2024-11-27 12:48:33',0,NULL,0,NULL,0,0,'active'),(61,43,30,2,'Savor the savory essence in our Chicken, designed for circular culinary adventures','2024-07-30 03:45:11','2024-11-27 12:48:33',0,NULL,0,NULL,0,0,'active'),(62,36,33,1,'New salmon Pants with ergonomic design for unaware comfort','2024-02-13 11:04:49','2024-11-27 12:48:33',1,NULL,0,NULL,0,0,'active'),(63,62,28,1,'Our juicy-inspired Car brings a taste of luxury to your reckless lifestyle','2024-09-06 01:16:13','2024-11-27 12:48:33',1,NULL,0,NULL,0,0,'active'),(64,34,31,3,'Ergonomic Chair made with Fresh for all-day snappy support','2024-11-24 11:53:45','2024-11-27 12:48:33',1,NULL,0,NULL,0,0,'active'),(65,70,32,1,'Experience the indigo brilliance of our Shirt, perfect for nautical environments','2024-04-11 14:52:02','2024-11-27 12:48:33',0,NULL,0,NULL,0,0,'active'),(66,31,36,4,'Discover the fixed new Table with an exciting mix of Fresh ingredients','2024-07-29 11:25:25','2024-11-27 12:48:33',1,NULL,0,NULL,0,0,'active'),(67,73,27,5,'Featuring Californium-enhanced technology, our Soap offers unparalleled colorless performance','2024-07-10 20:21:39','2024-11-27 12:48:33',0,NULL,0,NULL,0,0,'active'),(68,23,32,3,'Generic Computer designed with Wooden for unwritten performance','2024-05-06 06:35:43','2024-11-27 12:48:33',1,NULL,0,NULL,0,0,'active'),(69,21,36,4,'Goyette - Murazik\'s most advanced Shoes technology increases grim capabilities','2024-02-04 15:15:17','2024-11-27 12:48:33',1,NULL,0,NULL,0,0,'active'),(70,26,32,5,'Featuring Dubnium-enhanced technology, our Chair offers unparalleled corrupt performance','2024-11-06 10:46:33','2024-11-27 12:48:33',1,NULL,0,NULL,0,0,'active'),(71,50,34,2,'Savor the creamy essence in our Pants, designed for cloudy culinary adventures','2024-06-11 16:00:16','2024-11-27 12:48:33',1,NULL,0,NULL,0,0,'active'),(72,74,26,1,'The sleek and witty Pizza comes with salmon LED lighting for smart functionality','2024-10-29 17:55:17','2024-11-27 12:48:33',1,NULL,0,NULL,0,0,'active'),(73,70,26,5,'Experience the ivory brilliance of our Salad, perfect for merry environments','2024-03-14 14:22:49','2024-11-27 12:48:33',0,NULL,0,NULL,0,0,'active'),(74,20,30,5,'Savor the rich essence in our Shirt, designed for stable culinary adventures','2024-10-22 20:08:54','2024-11-27 12:48:33',0,NULL,0,NULL,0,0,'active'),(75,71,32,2,'Discover the bat-like agility of our Chips, perfect for precious users','2024-05-21 15:40:49','2024-11-27 12:48:33',0,NULL,0,NULL,0,0,'active'),(76,29,27,4,'Ergonomic Hat made with Concrete for all-day nippy support','2024-10-08 23:42:42','2024-11-27 12:48:33',1,NULL,0,NULL,0,0,'active'),(77,33,35,1,'Practical Sausages designed with Wooden for baggy performance','2024-06-24 05:59:33','2024-11-27 12:48:33',0,NULL,0,NULL,0,0,'active'),(78,86,32,4,'The plum Keyboard combines Albania aesthetics with Seaborgium-based durability','2023-12-26 22:14:16','2024-11-27 12:48:33',1,NULL,0,NULL,0,0,'active'),(79,74,36,3,'The Decentralized client-server analyzer Pizza offers reliable performance and self-assured design','2024-06-24 10:08:57','2024-11-27 12:48:33',1,NULL,0,NULL,0,0,'active'),(80,71,27,3,'New Salad model with 37 GB RAM, 805 GB storage, and incomplete features','2024-05-31 19:24:37','2024-11-27 12:48:33',0,NULL,0,NULL,0,0,'active'),(81,52,28,5,'Our zesty-inspired Pants brings a taste of luxury to your impractical lifestyle','2024-10-01 22:42:17','2024-11-27 12:48:33',0,NULL,0,NULL,0,0,'active'),(82,38,28,3,'Discover the smoggy new Tuna with an exciting mix of Frozen ingredients','2024-08-15 01:25:15','2024-11-27 12:48:33',1,NULL,0,NULL,0,0,'active'),(83,51,33,1,'New Salad model with 41 GB RAM, 197 GB storage, and outgoing features','2024-11-14 03:47:44','2024-11-27 12:48:33',1,NULL,0,NULL,0,0,'active'),(84,46,36,4,'The Krystel Computer is the latest in a series of marvelous products from Hilpert - Rice','2024-07-04 18:26:48','2024-11-27 12:48:33',0,NULL,0,NULL,0,0,'active'),(85,45,33,5,'New Salad model with 60 GB RAM, 209 GB storage, and scared features','2024-03-29 10:49:16','2024-11-27 12:48:33',1,NULL,0,NULL,0,0,'active'),(86,32,34,1,'Handcrafted Shoes designed with Plastic for marvelous performance','2024-07-20 15:06:05','2024-11-27 12:48:33',1,NULL,0,NULL,0,0,'active'),(87,2,27,5,'Featuring Titanium-enhanced technology, our Pizza offers unparalleled stale performance','2024-09-30 23:42:45','2024-11-27 12:48:33',0,NULL,0,NULL,0,0,'active'),(88,46,31,5,'New teal Hat with ergonomic design for dense comfort','2024-05-06 06:05:23','2024-11-27 12:48:33',0,NULL,0,NULL,0,0,'active'),(89,81,34,5,'The red Shirt combines Ireland aesthetics with Tungsten-based durability','2024-10-22 07:19:02','2024-11-27 12:48:33',1,NULL,0,NULL,0,0,'active'),(90,71,35,3,'Our crispy-inspired Hat brings a taste of luxury to your jealous lifestyle','2024-03-05 10:47:38','2024-11-27 12:48:33',1,NULL,0,NULL,0,0,'active'),(91,61,33,2,'Ergonomic Shirt made with Concrete for all-day nice support','2024-11-21 22:30:27','2024-11-27 12:48:33',1,NULL,0,NULL,0,0,'active'),(92,74,27,4,'Our panda-friendly Pants ensures sandy comfort for your pets','2023-11-30 21:38:09','2024-11-27 12:48:34',0,NULL,0,NULL,0,0,'active'),(93,72,35,3,'Featuring Scandium-enhanced technology, our Shirt offers unparalleled practical performance','2024-01-26 11:11:45','2024-11-27 12:48:34',0,NULL,0,NULL,0,0,'active'),(94,14,26,1,'Discover the genuine new Mouse with an exciting mix of Fresh ingredients','2024-10-11 12:34:28','2024-11-27 12:48:34',1,NULL,0,NULL,0,0,'active'),(95,13,34,3,'Featuring Europium-enhanced technology, our Shoes offers unparalleled unwieldy performance','2023-12-07 23:26:02','2024-11-27 12:48:34',0,NULL,0,NULL,0,0,'active'),(96,18,34,1,'Discover the talkative new Soap with an exciting mix of Steel ingredients','2023-12-01 16:26:12','2024-11-27 12:48:34',1,NULL,0,NULL,0,0,'active'),(97,76,30,5,'Savor the crunchy essence in our Pizza, designed for crowded culinary adventures','2024-05-18 01:55:22','2024-11-27 12:48:34',1,NULL,0,NULL,0,0,'active'),(98,83,26,3,'The sleek and parched Pants comes with lavender LED lighting for smart functionality','2024-08-12 10:12:19','2024-11-27 12:48:34',1,NULL,0,NULL,0,0,'active'),(99,6,31,3,'Introducing the Sao Tome and Principe-inspired Chips, blending hidden style with local craftsmanship','2024-08-18 18:29:30','2024-11-27 12:48:34',1,NULL,0,NULL,0,0,'active'),(100,67,35,5,'Collier and Sons\'s most advanced Ball technology increases each capabilities','2024-05-28 14:05:38','2024-11-27 12:48:34',0,NULL,0,NULL,0,0,'active'),(101,30,34,5,'The sleek and lavish Tuna comes with grey LED lighting for smart functionality','2024-10-05 09:12:29','2024-11-27 12:48:34',1,NULL,0,NULL,0,0,'active'),(102,28,34,1,'The cyan Ball combines Guam aesthetics with Beryllium-based durability','2024-07-10 11:10:32','2024-11-27 12:48:34',0,NULL,0,NULL,0,0,'active'),(103,42,30,4,'Kozey - Veum\'s most advanced Fish technology increases vain capabilities','2024-08-05 21:48:32','2024-11-27 12:48:34',1,NULL,0,NULL,0,0,'active'),(104,65,34,1,'Professional-grade Table perfect for adolescent training and recreational use','2024-03-30 17:44:27','2024-11-27 12:48:34',0,NULL,0,NULL,0,0,'active'),(105,35,31,3,'The Kyler Pants is the latest in a series of sudden products from Kuhic Group','2024-03-14 04:46:09','2024-11-27 12:48:34',1,NULL,0,NULL,0,0,'active'),(106,39,32,5,'The violet Pizza combines Chad aesthetics with Plutonium-based durability','2024-10-14 18:39:43','2024-11-27 12:48:34',0,NULL,0,NULL,0,0,'active'),(107,8,36,4,'Our delicious-inspired Salad brings a taste of luxury to your familiar lifestyle','2024-11-19 19:34:44','2024-11-27 12:48:34',1,NULL,0,NULL,0,0,'active'),(108,45,36,4,'The lavender Pants combines Germany aesthetics with Yttrium-based durability','2024-04-30 06:07:45','2024-11-27 12:48:34',1,NULL,0,NULL,0,0,'active'),(109,6,36,4,'Our crispy-inspired Hat brings a taste of luxury to your only lifestyle','2024-03-18 13:32:45','2024-11-27 12:48:34',1,NULL,0,NULL,0,0,'active'),(110,57,30,1,'Our fluffy-inspired Hat brings a taste of luxury to your delirious lifestyle','2024-06-02 23:22:19','2024-11-27 12:48:34',1,NULL,0,NULL,0,0,'active'),(111,10,35,2,'Professional-grade Shirt perfect for powerless training and recreational use','2024-07-01 12:03:58','2024-11-27 12:48:34',0,NULL,0,NULL,0,0,'active'),(112,61,30,1,'New red Hat with ergonomic design for rewarding comfort','2024-04-11 20:38:03','2024-11-27 12:48:34',1,NULL,0,NULL,0,0,'active'),(113,50,35,3,'Stylish Soap designed to make you stand out with lucky looks','2024-10-08 21:51:05','2024-11-27 12:48:34',1,NULL,0,NULL,0,0,'active'),(114,38,32,3,'Introducing the Costa Rica-inspired Pants, blending first style with local craftsmanship','2024-05-18 00:26:54','2024-11-27 12:48:34',0,NULL,0,NULL,0,0,'active'),(115,78,34,2,'The Marilie Shirt is the latest in a series of extra-large products from Orn and Sons','2024-04-25 18:51:38','2024-11-27 12:48:34',1,NULL,0,NULL,0,0,'active'),(116,65,27,5,'Savor the savory essence in our Salad, designed for oval culinary adventures','2024-11-21 15:03:26','2024-11-27 12:48:34',1,NULL,0,NULL,0,0,'active'),(117,4,35,2,'Introducing the Montserrat-inspired Shoes, blending blank style with local craftsmanship','2024-08-02 04:18:51','2024-11-27 12:48:34',1,NULL,0,NULL,0,0,'active'),(118,9,34,3,'The sleek and helpful Chicken comes with orange LED lighting for smart functionality','2024-09-24 00:34:57','2024-11-27 12:48:34',0,NULL,0,NULL,0,0,'active'),(119,9,30,5,'Dickinson - Brakus\'s most advanced Cheese technology increases helpless capabilities','2024-04-29 12:58:37','2024-11-27 12:48:34',1,NULL,0,NULL,0,0,'active'),(120,41,30,2,'Introducing the Moldova-inspired Ball, blending alienated style with local craftsmanship','2024-11-14 02:52:06','2024-11-27 12:48:34',1,NULL,0,NULL,0,0,'active'),(121,86,26,1,'The sleek and uneven Gloves comes with orchid LED lighting for smart functionality','2024-06-24 19:39:26','2024-11-27 12:48:34',1,NULL,0,NULL,0,0,'active'),(122,86,27,4,'The Kirstin Pants is the latest in a series of rubbery products from Nikolaus, Pouros and Schroeder','2023-12-11 16:46:00','2024-11-27 12:48:34',1,NULL,0,NULL,0,0,'active'),(123,59,33,3,'The turquoise Tuna combines France aesthetics with Copernicium-based durability','2024-08-15 01:53:43','2024-11-27 12:48:34',0,NULL,0,NULL,0,0,'active'),(124,6,34,1,'Savor the crispy essence in our Table, designed for elderly culinary adventures','2024-04-01 11:26:49','2024-11-27 12:48:34',1,NULL,0,NULL,0,0,'active'),(125,22,35,5,'New violet Chips with ergonomic design for meaty comfort','2024-10-20 02:58:18','2024-11-27 12:48:34',0,NULL,0,NULL,0,0,'active'),(126,14,35,4,'The sleek and concrete Keyboard comes with violet LED lighting for smart functionality','2024-01-09 07:59:02','2024-11-27 12:48:34',1,NULL,0,NULL,0,0,'active'),(127,9,33,2,'Savor the tender essence in our Shirt, designed for responsible culinary adventures','2024-01-19 07:37:57','2024-11-27 12:48:34',0,NULL,0,NULL,0,0,'active'),(128,55,33,1,'The Extended impactful instruction set Sausages offers reliable performance and twin design','2024-10-06 11:25:10','2024-11-27 12:48:34',0,NULL,0,NULL,0,0,'active'),(129,77,28,5,'Hayes Group\'s most advanced Chair technology increases bony capabilities','2024-09-08 01:49:32','2024-11-27 12:48:34',0,NULL,0,NULL,0,0,'active'),(130,63,36,2,'New magenta Chair with ergonomic design for sleepy comfort','2024-07-07 15:28:14','2024-11-27 12:48:34',0,NULL,0,NULL,0,0,'active'),(131,47,27,2,'New Cheese model with 58 GB RAM, 3 GB storage, and graceful features','2024-10-01 08:44:14','2024-11-27 12:48:34',0,NULL,0,NULL,0,0,'active'),(132,26,27,2,'Featuring Osmium-enhanced technology, our Bike offers unparalleled parched performance','2024-11-20 14:18:35','2024-11-27 12:48:34',1,NULL,0,NULL,0,0,'active'),(133,18,28,4,'New Chair model with 76 GB RAM, 598 GB storage, and ambitious features','2024-09-19 12:38:47','2024-11-27 12:48:34',0,NULL,0,NULL,0,0,'active'),(134,81,30,4,'The sleek and far Salad comes with violet LED lighting for smart functionality','2024-08-11 21:58:38','2024-11-27 12:48:34',1,NULL,0,NULL,0,0,'active'),(135,72,34,2,'New Pants model with 36 GB RAM, 232 GB storage, and subdued features','2023-11-29 07:14:31','2024-11-27 12:48:34',0,NULL,0,NULL,0,0,'active'),(136,46,28,3,'Savor the savory essence in our Tuna, designed for bony culinary adventures','2024-10-11 13:47:56','2024-11-27 12:48:34',0,NULL,0,NULL,0,0,'active'),(137,49,27,5,'New olive Tuna with ergonomic design for enchanting comfort','2024-09-24 13:41:41','2024-11-27 12:48:34',1,NULL,0,NULL,0,0,'active'),(138,29,36,4,'Our spicy-inspired Keyboard brings a taste of luxury to your rough lifestyle','2024-03-08 09:52:10','2024-11-27 12:48:34',0,NULL,0,NULL,0,0,'active'),(139,52,32,2,'Featuring Plutonium-enhanced technology, our Mouse offers unparalleled sizzling performance','2024-04-05 19:07:10','2024-11-27 12:48:34',0,NULL,0,NULL,0,0,'active'),(140,66,30,5,'Discover the timely new Ball with an exciting mix of Frozen ingredients','2024-10-12 08:21:23','2024-11-27 12:48:34',1,NULL,0,NULL,0,0,'active'),(141,26,33,5,'Runolfsdottir - Ullrich\'s most advanced Ball technology increases clumsy capabilities','2024-10-27 18:53:02','2024-11-27 12:48:34',1,NULL,0,NULL,0,0,'active'),(142,69,27,1,'Our bee-friendly Hat ensures limited comfort for your pets','2024-01-09 03:51:00','2024-11-27 12:48:34',0,NULL,0,NULL,0,0,'active'),(143,45,34,2,'Professional-grade Chair perfect for noteworthy training and recreational use','2024-01-22 17:27:34','2024-11-27 12:48:34',0,NULL,0,NULL,0,0,'active'),(144,63,32,2,'Savor the sour essence in our Chicken, designed for flashy culinary adventures','2024-09-13 02:16:06','2024-11-27 12:48:34',0,NULL,0,NULL,0,0,'active'),(145,2,34,2,'Featuring Manganese-enhanced technology, our Mouse offers unparalleled honorable performance','2024-09-27 15:23:31','2024-11-27 12:48:34',0,NULL,0,NULL,0,0,'active'),(146,58,27,4,'Discover the spirited new Towels with an exciting mix of Granite ingredients','2024-10-20 09:45:11','2024-11-27 12:48:34',0,NULL,0,NULL,0,0,'active'),(147,72,28,5,'Experience the lime brilliance of our Tuna, perfect for educated environments','2024-07-26 16:56:03','2024-11-27 12:48:34',0,NULL,0,NULL,0,0,'active'),(148,20,36,3,'Ergonomic Table made with Concrete for all-day unconscious support','2023-12-13 03:13:44','2024-11-27 12:48:34',0,NULL,0,NULL,0,0,'active'),(149,26,35,5,'The Alysson Hat is the latest in a series of glass products from Harris - Walker','2024-02-05 10:28:01','2024-11-27 12:48:34',1,NULL,0,NULL,0,0,'active'),(150,7,34,3,'Small Mouse designed with Soft for ragged performance','2023-12-24 23:20:04','2024-11-27 12:48:34',0,NULL,0,NULL,0,0,'active'),(151,68,34,5,'Discover the rabbit-like agility of our Cheese, perfect for untimely users','2024-03-07 04:16:29','2024-11-27 12:48:34',1,NULL,0,NULL,0,0,'active'),(152,85,34,5,'Our salty-inspired Towels brings a taste of luxury to your fuzzy lifestyle','2024-11-09 13:06:40','2024-11-27 12:48:34',0,NULL,0,NULL,0,0,'active'),(153,61,27,3,'The sleek and svelte Ball comes with green LED lighting for smart functionality','2024-06-30 12:46:00','2024-11-27 12:48:34',0,NULL,0,NULL,0,0,'active'),(154,38,36,3,'Experience the azure brilliance of our Chips, perfect for yellow environments','2024-07-22 14:39:34','2024-11-27 12:48:34',0,NULL,0,NULL,0,0,'active'),(155,78,31,3,'New Tuna model with 12 GB RAM, 890 GB storage, and qualified features','2024-06-26 13:05:45','2024-11-27 12:48:34',1,NULL,0,NULL,0,0,'active'),(156,23,26,4,'Discover the unkempt new Pants with an exciting mix of Granite ingredients','2023-12-19 16:10:02','2024-11-27 12:48:34',1,NULL,0,NULL,0,0,'active'),(157,37,30,1,'Professional-grade Bacon perfect for candid training and recreational use','2024-11-27 07:52:10','2024-11-27 12:48:34',1,NULL,0,NULL,0,0,'active'),(158,25,35,5,'New teal Mouse with ergonomic design for alarmed comfort','2024-11-12 18:43:00','2024-11-27 12:48:34',0,NULL,0,NULL,0,0,'active'),(159,69,31,5,'Stylish Keyboard designed to make you stand out with austere looks','2024-08-01 23:54:10','2024-11-27 12:48:34',0,NULL,0,NULL,0,0,'active'),(160,26,28,5,'The Stephan Chicken is the latest in a series of drab products from Yundt, Zboncak and Tillman','2024-03-18 17:39:15','2024-11-27 12:48:34',1,NULL,0,NULL,0,0,'active'),(161,51,28,1,'Our bitter-inspired Pants brings a taste of luxury to your alienated lifestyle','2024-02-13 15:45:34','2024-11-27 12:48:34',0,NULL,0,NULL,0,0,'active'),(162,46,35,4,'New fuchsia Towels with ergonomic design for zealous comfort','2024-10-18 00:46:19','2024-11-27 12:48:34',1,NULL,0,NULL,0,0,'active'),(163,33,28,5,'New Chicken model with 20 GB RAM, 424 GB storage, and emotional features','2024-08-08 22:13:30','2024-11-27 12:48:34',1,NULL,0,NULL,0,0,'active'),(164,37,34,4,'Professional-grade Shirt perfect for smug training and recreational use','2024-10-23 10:34:59','2024-11-27 12:48:34',0,NULL,0,NULL,0,0,'active'),(165,60,28,3,'Our crispy-inspired Fish brings a taste of luxury to your ripe lifestyle','2024-01-11 01:12:06','2024-11-27 12:48:34',0,NULL,0,NULL,0,0,'active'),(166,76,34,2,'The Bethany Pizza is the latest in a series of mealy products from Berge, Barrows and Ondricka','2024-08-13 19:32:15','2024-11-27 12:48:34',0,NULL,0,NULL,0,0,'active'),(167,18,33,3,'Our rabbit-friendly Table ensures faraway comfort for your pets','2024-04-06 23:55:35','2024-11-27 12:48:34',0,NULL,0,NULL,0,0,'active'),(168,16,33,5,'Professional-grade Car perfect for well-made training and recreational use','2024-10-05 03:57:59','2024-11-27 12:48:34',0,NULL,0,NULL,0,0,'active'),(169,43,31,5,'Our salty-inspired Bike brings a taste of luxury to your sentimental lifestyle','2024-09-11 10:00:23','2024-11-27 12:48:34',1,NULL,0,NULL,0,0,'active'),(170,78,28,1,'New ivory Computer with ergonomic design for unknown comfort','2024-06-24 13:50:44','2024-11-27 12:48:34',0,NULL,0,NULL,0,0,'active'),(171,80,35,3,'Wisoky, Grady and Stanton\'s most advanced Mouse technology increases royal capabilities','2024-11-03 00:48:37','2024-11-27 12:48:34',0,NULL,0,NULL,0,0,'active'),(172,38,26,4,'Awesome Table designed with Rubber for physical performance','2024-03-29 21:20:25','2024-11-27 12:48:34',0,NULL,0,NULL,0,0,'active'),(173,41,36,4,'The Josefa Chicken is the latest in a series of imaginative products from Gottlieb, Kessler and Kohler','2024-10-28 01:48:53','2024-11-27 12:48:34',1,NULL,0,NULL,0,0,'active'),(174,44,27,5,'The Florian Sausages is the latest in a series of avaricious products from Satterfield, McLaughlin and Schmidt','2024-07-30 06:40:41','2024-11-27 12:48:34',0,NULL,0,NULL,0,0,'active'),(175,2,31,2,'Savor the sour essence in our Mouse, designed for unripe culinary adventures','2024-06-25 13:31:01','2024-11-27 12:48:34',1,NULL,0,NULL,0,0,'active'),(176,62,30,5,'Stylish Chips designed to make you stand out with last looks','2024-09-11 13:25:34','2024-11-27 12:48:34',1,NULL,0,NULL,0,0,'active'),(177,56,26,4,'Innovative Towels featuring actual technology and Cotton construction','2024-05-26 21:41:04','2024-11-27 12:48:34',0,NULL,0,NULL,0,0,'active'),(178,60,33,2,'Savor the smoky essence in our Mouse, designed for rusty culinary adventures','2023-12-30 04:18:49','2024-11-27 12:48:34',1,NULL,0,NULL,0,0,'active'),(179,64,26,2,'The magenta Fish combines Ireland aesthetics with Uranium-based durability','2024-10-03 02:17:16','2024-11-27 12:48:34',0,NULL,0,NULL,0,0,'active'),(180,34,26,5,'Our rabbit-friendly Bacon ensures yearly comfort for your pets','2024-08-20 08:51:07','2024-11-27 12:48:34',1,NULL,0,NULL,0,0,'active'),(181,36,28,4,'Our peacock-friendly Bacon ensures different comfort for your pets','2024-11-24 02:17:59','2024-11-27 12:48:34',1,NULL,0,NULL,0,0,'active'),(182,25,34,5,'Stylish Chicken designed to make you stand out with cute looks','2024-05-03 01:32:18','2024-11-27 12:48:34',1,NULL,0,NULL,0,0,'active'),(183,4,34,4,'Innovative Ball featuring some technology and Frozen construction','2024-01-17 16:34:13','2024-11-27 12:48:34',1,NULL,0,NULL,0,0,'active'),(184,24,34,5,'Experience the teal brilliance of our Car, perfect for regular environments','2024-06-06 09:39:19','2024-11-27 12:48:34',1,NULL,0,NULL,0,0,'active'),(185,37,31,1,'Innovative Cheese featuring productive technology and Granite construction','2024-05-10 13:28:17','2024-11-27 12:48:34',1,NULL,0,NULL,0,0,'active'),(186,44,28,2,'The Immersive user-facing interface Tuna offers reliable performance and magnificent design','2024-03-12 02:30:09','2024-11-27 12:48:34',0,NULL,0,NULL,0,0,'active'),(187,66,35,3,'The turquoise Pants combines Guinea-Bissau aesthetics with Scandium-based durability','2023-12-25 10:59:58','2024-11-27 12:48:34',1,NULL,0,NULL,0,0,'active'),(188,60,30,5,'Stylish Chair designed to make you stand out with lined looks','2024-06-21 03:47:09','2024-11-27 12:48:34',1,NULL,0,NULL,0,0,'active'),(189,10,32,5,'Innovative Pizza featuring failing technology and Frozen construction','2024-05-06 00:56:58','2024-11-27 12:48:34',1,NULL,0,NULL,0,0,'active'),(190,58,26,4,'Introducing the Mongolia-inspired Table, blending outlandish style with local craftsmanship','2024-04-03 02:24:32','2024-11-27 12:48:34',0,NULL,0,NULL,0,0,'active'),(191,28,27,4,'Volkman, Bergnaum and Huels\'s most advanced Hat technology increases direct capabilities','2023-12-11 13:40:00','2024-11-27 12:48:34',0,NULL,0,NULL,0,0,'active'),(192,45,28,3,'Refined Shirt designed with Wooden for medium performance','2023-12-22 00:14:56','2024-11-27 12:48:34',0,NULL,0,NULL,0,0,'active'),(193,17,30,3,'New sky blue Bacon with ergonomic design for hasty comfort','2024-07-12 05:44:12','2024-11-27 12:48:34',1,NULL,0,NULL,0,0,'active'),(194,57,26,1,'The sleek and elliptical Gloves comes with ivory LED lighting for smart functionality','2024-05-10 14:25:52','2024-11-27 12:48:34',0,NULL,0,NULL,0,0,'active'),(195,42,36,1,'Stylish Chips designed to make you stand out with feline looks','2024-02-02 17:01:54','2024-11-27 12:48:34',1,NULL,0,NULL,0,0,'active'),(196,79,36,5,'Innovative Chicken featuring whispered technology and Frozen construction','2024-09-18 10:50:50','2024-11-27 12:48:34',1,NULL,0,NULL,0,0,'active'),(197,13,30,4,'Innovative Sausages featuring oddball technology and Granite construction','2024-10-23 01:14:05','2024-11-27 12:48:34',1,NULL,0,NULL,0,0,'active'),(198,46,34,4,'New lime Bacon with ergonomic design for lawful comfort','2024-05-25 18:10:54','2024-11-27 12:48:34',0,NULL,0,NULL,0,0,'active'),(199,82,32,5,'Innovative Cheese featuring angelic technology and Cotton construction','2024-11-19 18:09:01','2024-11-27 12:48:34',0,NULL,0,NULL,0,0,'active'),(200,34,36,1,'The Automated national help-desk Cheese offers reliable performance and devoted design','2024-04-07 11:48:47','2024-11-27 12:48:34',0,NULL,0,NULL,0,0,'active'),(201,25,32,4,'Innovative Pants featuring esteemed technology and Concrete construction','2024-03-27 06:01:09','2024-11-27 12:48:34',1,NULL,0,NULL,0,0,'active'),(202,18,35,3,'Goyette, Jacobs and Fahey\'s most advanced Pizza technology increases massive capabilities','2024-08-22 00:50:42','2024-11-27 12:48:34',0,NULL,0,NULL,0,0,'active'),(203,47,33,2,'Our zebra-friendly Chips ensures beneficial comfort for your pets','2024-03-02 14:43:44','2024-11-27 12:48:34',0,NULL,0,NULL,0,0,'active'),(204,81,27,5,'The Terence Gloves is the latest in a series of agitated products from Hammes, Hayes and Koss','2024-05-03 15:27:48','2024-11-27 12:48:34',1,NULL,0,NULL,0,0,'active'),(205,79,28,1,'The sleek and jumbo Sausages comes with plum LED lighting for smart functionality','2024-06-11 05:35:54','2024-11-27 12:48:34',1,NULL,0,NULL,0,0,'active'),(206,10,36,1,'Introducing the British Indian Ocean Territory (Chagos Archipelago)-inspired Car, blending dual style with local craftsmanship','2024-10-02 21:56:32','2024-11-27 12:48:34',1,NULL,0,NULL,0,0,'active'),(207,56,32,3,'Featuring Scandium-enhanced technology, our Chair offers unparalleled buttery performance','2024-07-18 08:37:56','2024-11-27 12:48:34',1,NULL,0,NULL,0,0,'active'),(208,32,31,3,'Featuring Cadmium-enhanced technology, our Sausages offers unparalleled excited performance','2024-07-11 02:33:52','2024-11-27 12:48:34',1,NULL,0,NULL,0,0,'active'),(209,56,31,3,'The green Car combines Liberia aesthetics with Rubidium-based durability','2024-09-27 05:05:54','2024-11-27 12:48:34',0,NULL,0,NULL,0,0,'active'),(210,33,32,5,'The plum Keyboard combines Lebanon aesthetics with Radium-based durability','2023-12-06 03:11:03','2024-11-27 12:48:34',0,NULL,0,NULL,0,0,'active'),(211,73,32,2,'Larkin Group\'s most advanced Computer technology increases lucky capabilities','2024-05-05 23:59:43','2024-11-27 12:48:34',1,NULL,0,NULL,0,0,'active'),(212,79,30,4,'New magenta Sausages with ergonomic design for ignorant comfort','2024-04-25 19:14:12','2024-11-27 12:48:34',1,NULL,0,NULL,0,0,'active'),(213,59,35,3,'Professional-grade Towels perfect for fortunate training and recreational use','2024-05-19 13:25:05','2024-11-27 12:48:35',0,NULL,0,NULL,0,0,'active'),(214,16,30,2,'Discover the turtle-like agility of our Ball, perfect for elderly users','2024-04-09 07:55:05','2024-11-27 12:48:35',1,NULL,0,NULL,0,0,'active'),(215,49,31,3,'Innovative Bacon featuring important technology and Steel construction','2024-03-16 20:52:28','2024-11-27 12:48:35',1,NULL,0,NULL,0,0,'active'),(216,3,34,1,'The Graham Bacon is the latest in a series of stormy products from Shanahan, Becker and Sanford','2024-03-05 18:48:16','2024-11-27 12:48:35',0,NULL,0,NULL,0,0,'active'),(217,25,36,4,'Professional-grade Shoes perfect for dreary training and recreational use','2024-02-12 21:10:50','2024-11-27 12:48:35',0,NULL,0,NULL,0,0,'active'),(218,42,27,2,'New lavender Bike with ergonomic design for shallow comfort','2024-09-05 06:30:31','2024-11-27 12:48:35',1,NULL,0,NULL,0,0,'active'),(219,52,34,1,'Discover the kangaroo-like agility of our Pants, perfect for colorless users','2024-11-15 05:17:11','2024-11-27 12:48:35',1,NULL,0,NULL,0,0,'active'),(220,7,28,3,'Our fresh-inspired Keyboard brings a taste of luxury to your rapid lifestyle','2024-04-14 00:09:31','2024-11-27 12:48:35',0,NULL,0,NULL,0,0,'active'),(221,60,26,5,'New Shirt model with 86 GB RAM, 206 GB storage, and hateful features','2024-07-01 11:37:19','2024-11-27 12:48:35',1,NULL,0,NULL,0,0,'active'),(222,40,27,2,'New Soap model with 73 GB RAM, 623 GB storage, and granular features','2024-01-05 08:49:50','2024-11-27 12:48:35',0,NULL,0,NULL,0,0,'active'),(223,10,31,2,'The black Bacon combines Germany aesthetics with Nickel-based durability','2023-12-30 04:53:20','2024-11-27 12:48:35',0,NULL,0,NULL,0,0,'active'),(224,1,30,4,'Thiết kế đẹp, xứng đáng với giá tiền','2023-12-30 07:40:14','2024-11-27 23:39:15',1,NULL,0,NULL,0,0,'active'),(225,28,30,3,'Sản phẩm tạm được, chưa như mong đợi','2023-09-09 01:29:13','2024-11-27 23:39:15',1,NULL,0,NULL,0,0,'active'),(226,26,30,4,'Máy chạy mượt, pin trâu','2023-11-30 01:50:03','2024-11-27 23:39:15',1,NULL,0,NULL,0,0,'active'),(227,19,30,3,'Phần mềm còn nhiều lỗi','2024-01-20 15:12:41','2024-11-27 23:39:15',1,NULL,0,NULL,0,0,'active'),(228,68,31,4,'Máy chạy mượt, pin trâu','2024-04-05 20:43:15','2024-11-27 23:39:15',1,NULL,0,NULL,0,0,'active'),(229,60,31,4,'Sẽ ủng hộ shop lần sau','2023-10-22 21:57:16','2024-11-27 23:39:15',1,NULL,0,NULL,0,0,'active'),(230,44,33,5,'Chất lượng tuyệt vời, đáng đồng tiền','2024-07-25 01:20:14','2024-11-27 23:39:15',1,NULL,0,NULL,0,0,'active'),(231,24,31,4,'Rất hài lòng với sản phẩm này','2023-09-14 05:36:53','2024-11-27 23:39:15',1,NULL,0,NULL,0,0,'active'),(232,1,33,4,'Chất lượng tuyệt vời, đáng đồng tiền','2023-10-10 14:34:35','2024-11-27 23:39:15',1,NULL,0,NULL,0,0,'active'),(233,17,34,5,'Sẽ ủng hộ shop lần sau','2024-06-10 00:21:47','2024-11-27 23:39:15',1,NULL,0,NULL,0,0,'active'),(234,64,34,3,'Giao hàng hơi chậm','2023-11-16 03:10:32','2024-11-27 23:39:15',1,NULL,0,NULL,0,0,'active'),(235,12,34,4,'Camera chụp đẹp, màu sắc tự nhiên','2023-09-16 21:44:21','2024-11-27 23:39:15',1,NULL,0,NULL,0,0,'active'),(236,12,34,5,'Sẽ ủng hộ shop lần sau','2024-01-12 18:14:19','2024-11-27 23:39:15',1,NULL,0,NULL,0,0,'active'),(237,83,35,3,'Giao hàng hơi chậm','2024-10-24 04:00:40','2024-11-27 23:39:15',1,NULL,0,NULL,0,0,'active'),(238,23,35,5,'Thiết kế đẹp, xứng đáng với giá tiền','2024-08-25 18:55:56','2024-11-27 23:39:15',1,NULL,0,NULL,0,0,'active'),(239,13,30,4,'Thiết kế đẹp, xứng đáng với giá tiền','2023-10-16 15:46:49','2024-11-27 23:39:15',1,NULL,0,NULL,0,0,'active'),(240,26,30,3,'Chất lượng không tương xứng giá tiền','2023-12-04 19:15:42','2024-11-27 23:39:15',1,NULL,0,NULL,0,0,'active'),(241,15,30,5,'Sản phẩm rất tốt, đúng như mô tả','2024-10-18 04:39:56','2024-11-27 23:39:15',1,NULL,0,NULL,0,0,'active'),(242,74,30,4,'Rất hài lòng với sản phẩm này','2024-03-08 16:59:22','2024-11-27 23:39:15',1,NULL,0,NULL,0,0,'active'),(243,80,30,5,'Rất hài lòng với sản phẩm này','2024-09-20 20:02:24','2024-11-27 23:39:15',1,NULL,0,NULL,0,0,'active'),(244,75,30,3,'Chất lượng bình thường, giá hơi cao','2024-02-20 03:30:32','2024-11-27 23:39:15',1,NULL,0,NULL,0,0,'active'),(245,1,31,5,'Camera chụp đẹp, màu sắc tự nhiên','2024-09-20 20:54:42','2024-11-27 23:39:15',1,NULL,0,NULL,0,0,'active'),(246,26,33,4,'Sẽ ủng hộ shop lần sau','2024-08-18 11:51:47','2024-11-27 23:39:15',1,NULL,0,NULL,0,0,'active'),(247,1,30,5,'Giao hàng nhanh, đóng gói cẩn thận','2024-10-25 11:14:58','2024-11-27 23:41:50',1,NULL,0,NULL,0,0,'active'),(248,26,30,3,'Phần mềm còn nhiều lỗi','2024-02-04 19:04:07','2024-11-27 23:41:50',1,NULL,0,NULL,0,0,'active'),(249,60,31,4,'Sản phẩm rất tốt, đúng như mô tả','2024-07-09 03:01:36','2024-11-27 23:41:51',1,NULL,0,NULL,0,0,'active'),(250,1,33,4,'Rất hài lòng với sản phẩm này','2023-09-24 02:56:41','2024-11-27 23:41:51',1,NULL,0,NULL,0,0,'active'),(251,24,31,4,'Camera chụp đẹp, màu sắc tự nhiên','2024-02-25 03:09:25','2024-11-27 23:41:51',1,NULL,0,NULL,0,0,'active'),(252,1,33,3,'Màn hình dễ bị xước','2024-10-20 08:36:06','2024-11-27 23:41:51',1,NULL,0,NULL,0,0,'active'),(253,1,27,3,'Phần mềm còn nhiều lỗi','2024-09-06 17:26:43','2024-11-27 23:41:51',1,NULL,0,NULL,0,0,'active'),(254,17,34,5,'Sẽ ủng hộ shop lần sau','2024-11-13 19:52:40','2024-11-27 23:41:51',1,NULL,0,NULL,0,0,'active'),(255,69,34,5,'Chất lượng tuyệt vời, đáng đồng tiền','2024-11-20 00:55:08','2024-11-27 23:41:51',1,NULL,0,NULL,0,0,'active'),(256,12,34,4,'Máy chạy mượt, pin trâu','2023-11-13 05:24:02','2024-11-27 23:41:51',1,NULL,0,NULL,0,0,'active'),(257,83,35,5,'Hàng chính hãng, yên tâm sử dụng','2024-09-16 01:27:08','2024-11-27 23:41:51',1,NULL,0,NULL,0,0,'active'),(258,63,35,4,'Sẽ ủng hộ shop lần sau','2023-10-21 09:10:01','2024-11-27 23:41:51',1,NULL,0,NULL,0,0,'active'),(259,70,35,4,'Rất hài lòng với sản phẩm này','2024-05-05 11:36:43','2024-11-27 23:41:51',1,NULL,0,NULL,0,0,'active'),(260,13,30,3,'Màn hình dễ bị xước','2023-11-27 03:52:04','2024-11-27 23:41:51',1,NULL,0,NULL,0,0,'active'),(261,74,30,5,'Camera chụp đẹp, màu sắc tự nhiên','2023-11-16 22:07:02','2024-11-27 23:41:51',1,NULL,0,NULL,0,0,'active'),(262,26,30,5,'Giao hàng nhanh, đóng gói cẩn thận','2024-03-14 00:18:21','2024-11-27 23:41:51',1,NULL,0,NULL,0,0,'active'),(263,74,30,5,'Sẽ ủng hộ shop lần sau','2024-06-06 11:05:01','2024-11-27 23:41:51',1,NULL,0,NULL,0,0,'active'),(264,80,30,3,'Pin tụt nhanh, hơi thất vọng','2024-11-04 15:20:01','2024-11-27 23:41:51',1,NULL,0,NULL,0,0,'active'),(265,75,30,4,'Camera chụp đẹp, màu sắc tự nhiên','2024-06-25 15:08:55','2024-11-27 23:41:51',1,NULL,0,NULL,0,0,'active'),(266,77,31,5,'Hàng chính hãng, yên tâm sử dụng','2023-12-18 08:53:09','2024-11-27 23:41:51',1,NULL,0,NULL,0,0,'active'),(267,1,31,5,'Thiết kế đẹp, xứng đáng với giá tiền','2024-08-04 07:16:19','2024-11-27 23:41:51',1,NULL,0,NULL,0,0,'active'),(268,26,33,3,'Màn hình dễ bị xước','2023-11-25 03:44:43','2024-11-27 23:41:51',1,NULL,0,NULL,0,0,'active'),(269,1,26,4,'Sản phẩm rất tốt, đáng tiền','2024-11-28 07:05:48','2024-11-28 07:05:48',0,NULL,0,NULL,0,0,'active'),(270,3,26,5,'Chất lượng sản phẩm tuyệt vời, giao hàng nhanh','2024-11-28 07:05:48','2024-11-28 07:05:48',0,NULL,0,NULL,0,0,'active'),(271,37,26,1,'Chơi game mượt, không bị lag','2024-11-28 07:05:48','2024-11-28 07:05:48',0,NULL,0,NULL,0,0,'active'),(272,48,26,4,'Mình rất hài lòng với sản phẩm này','2024-11-28 07:05:48','2024-11-28 07:05:48',0,NULL,0,NULL,0,0,'active'),(273,51,26,5,'Chơi game mượt, không bị lag','2024-11-28 07:05:48','2024-11-28 07:05:48',0,NULL,0,NULL,0,0,'active'),(274,54,26,5,'Chụp ảnh đẹp, xử lý nhanh','2024-11-28 07:05:48','2024-11-28 07:05:48',0,NULL,0,NULL,0,0,'active'),(275,72,26,4,'Mua làm quà tặng, người nhận rất thích','2024-11-28 07:05:48','2024-11-28 07:05:48',0,NULL,0,NULL,0,0,'active'),(276,15,27,4,'Sản phẩm rất tốt, đáng tiền','2024-11-28 07:05:48','2024-11-28 07:05:48',0,NULL,0,NULL,0,0,'active'),(277,24,27,5,'Sản phẩm dùng ổn định, pin trâu','2024-11-28 07:05:48','2024-11-28 07:05:48',0,NULL,0,NULL,0,0,'active'),(278,27,27,1,'Giá cả hợp lý, sẽ ủng hộ shop dài dài','2024-11-28 07:05:48','2024-11-28 07:05:48',0,NULL,0,NULL,0,0,'active'),(279,42,27,2,'Mua làm quà tặng, người nhận rất thích','2024-11-28 07:05:48','2024-11-28 07:05:48',0,NULL,0,NULL,0,0,'active'),(280,49,27,3,'Thiết kế đẹp, hoàn thiện tốt','2024-11-28 07:05:48','2024-11-28 07:05:48',0,NULL,0,NULL,0,0,'active'),(281,52,27,5,'Đóng gói cẩn thận, sản phẩm như mô tả','2024-11-28 07:05:48','2024-11-28 07:05:48',0,NULL,0,NULL,0,0,'active'),(282,62,27,5,'Sản phẩm dùng ổn định, pin trâu','2024-11-28 07:05:48','2024-11-28 07:05:48',0,NULL,0,NULL,0,0,'active'),(283,84,27,2,'Điện thoại đẹp, chạy mượt, pin trâu','2024-11-28 07:05:48','2024-11-28 07:05:48',0,NULL,0,NULL,0,0,'active'),(284,25,28,5,'Điện thoại đẹp, chạy mượt, pin trâu','2024-11-28 07:05:48','2024-11-28 07:05:48',0,NULL,0,NULL,0,0,'active'),(285,37,28,4,'Mình rất hài lòng với sản phẩm này','2024-11-28 07:05:48','2024-11-28 07:05:48',0,NULL,0,NULL,0,0,'active'),(286,42,28,2,'Điện thoại đẹp, chạy mượt, pin trâu','2024-11-28 07:05:48','2024-11-28 07:05:48',0,NULL,0,NULL,0,0,'active'),(287,48,28,4,'Giá cả hợp lý, sẽ ủng hộ shop dài dài','2024-11-28 07:05:48','2024-11-28 07:05:48',0,NULL,0,NULL,0,0,'active'),(288,63,28,1,'Giá cả hợp lý, sẽ ủng hộ shop dài dài','2024-11-28 07:05:48','2024-11-28 07:05:48',0,NULL,0,NULL,0,0,'active'),(289,64,28,5,'Màn hình hiển thị sắc nét, cấu hình mạnh mẽ','2024-11-28 07:05:48','2024-11-28 07:05:48',0,NULL,0,NULL,0,0,'active'),(290,74,28,1,'Shop tư vấn nhiệt tình, sản phẩm chính hãng','2024-11-28 07:05:48','2024-11-28 07:05:48',0,NULL,0,NULL,0,0,'active'),(291,2,30,2,'Giá cả hợp lý, sẽ ủng hộ shop dài dài','2024-11-28 07:05:48','2024-11-28 07:05:48',0,NULL,0,NULL,0,0,'active'),(292,5,30,4,'Rất hài lòng với sản phẩm này','2024-11-28 07:05:48','2024-11-28 07:05:48',0,NULL,0,NULL,0,0,'active'),(293,7,30,4,'Chất lượng sản phẩm tuyệt vời, giao hàng nhanh','2024-11-28 07:05:48','2024-11-28 07:05:48',0,NULL,0,NULL,0,0,'active'),(294,15,30,4,'Mua làm quà tặng, người nhận rất thích','2024-11-28 07:05:48','2024-11-28 07:05:48',0,NULL,0,NULL,0,0,'active'),(295,20,30,5,'Thiết kế đẹp, hoàn thiện tốt','2024-11-28 07:05:48','2024-11-28 07:05:48',0,NULL,0,NULL,0,0,'active'),(296,51,30,3,'Chất lượng sản phẩm tuyệt vời, giao hàng nhanh','2024-11-28 07:05:48','2024-11-28 07:05:48',0,NULL,0,NULL,0,0,'active'),(297,59,30,4,'Rất hài lòng với sản phẩm này','2024-11-28 07:05:48','2024-11-28 07:05:48',0,NULL,0,NULL,0,0,'active'),(298,63,30,1,'Chơi game mượt, không bị lag','2024-11-28 07:05:48','2024-11-28 07:05:48',0,NULL,0,NULL,0,0,'active'),(299,76,30,4,'Mình rất hài lòng với sản phẩm này','2024-11-28 07:05:48','2024-11-28 07:05:48',0,NULL,0,NULL,0,0,'active'),(300,86,30,2,'Rất hài lòng với sản phẩm này','2024-11-28 07:05:48','2024-11-28 07:05:48',0,NULL,0,NULL,0,0,'active'),(301,3,31,5,'Sản phẩm dùng ổn định, pin trâu','2024-11-28 07:05:48','2024-11-28 07:05:48',0,NULL,0,NULL,0,0,'active'),(302,28,31,4,'Sản phẩm rất tốt, đáng tiền','2024-11-28 07:05:48','2024-11-28 07:05:48',0,NULL,0,NULL,0,0,'active'),(303,75,31,5,'Camera chụp đẹp, pin trâu, rất đáng mua','2024-11-28 07:05:48','2024-11-28 07:05:48',0,NULL,0,NULL,0,0,'active'),(304,3,32,5,'Sản phẩm dùng ổn định, pin trâu','2024-11-28 07:05:48','2024-11-28 07:05:48',0,NULL,0,NULL,0,0,'active'),(305,12,32,4,'Chất lượng sản phẩm tuyệt vời, giao hàng nhanh','2024-11-28 07:05:48','2024-11-28 07:05:48',0,NULL,0,NULL,0,0,'active'),(306,29,32,5,'Rất hài lòng với sản phẩm này','2024-11-28 07:05:48','2024-11-28 07:05:48',0,NULL,0,NULL,0,0,'active'),(307,30,32,3,'Mình rất hài lòng với sản phẩm này','2024-11-28 07:05:48','2024-11-28 07:05:48',0,NULL,0,NULL,0,0,'active'),(308,49,32,4,'Mua làm quà tặng, người nhận rất thích','2024-11-28 07:05:48','2024-11-28 07:05:48',0,NULL,0,NULL,0,0,'active'),(309,50,32,4,'Giá cả hợp lý, sẽ ủng hộ shop dài dài','2024-11-28 07:05:48','2024-11-28 07:05:48',0,NULL,0,NULL,0,0,'active'),(310,64,32,4,'Giá cả hợp lý, sẽ ủng hộ shop dài dài','2024-11-28 07:05:48','2024-11-28 07:05:48',0,NULL,0,NULL,0,0,'active'),(311,74,32,3,'Chất lượng sản phẩm tuyệt vời, giao hàng nhanh','2024-11-28 07:05:48','2024-11-28 07:05:48',0,NULL,0,NULL,0,0,'active'),(312,75,32,3,'Đóng gói cẩn thận, sản phẩm như mô tả','2024-11-28 07:05:48','2024-11-28 07:05:48',0,NULL,0,NULL,0,0,'active'),(313,83,32,4,'Sản phẩm dùng ổn định, pin trâu','2024-11-28 07:05:48','2024-11-28 07:05:48',0,NULL,0,NULL,0,0,'active'),(314,5,33,4,'Chơi game mượt, không bị lag','2024-11-28 07:05:48','2024-11-28 07:05:48',0,NULL,0,NULL,0,0,'active'),(315,7,33,1,'Chơi game mượt, không bị lag','2024-11-28 07:05:48','2024-11-28 07:05:48',0,NULL,0,NULL,0,0,'active'),(316,21,33,2,'Chơi game mượt, không bị lag','2024-11-28 07:05:48','2024-11-28 07:05:48',0,NULL,0,NULL,0,0,'active'),(317,33,33,4,'Chụp ảnh đẹp, xử lý nhanh','2024-11-28 07:05:48','2024-11-28 07:05:48',0,NULL,0,NULL,0,0,'active'),(318,37,33,3,'Màn hình hiển thị sắc nét, cấu hình mạnh mẽ','2024-11-28 07:05:48','2024-11-28 07:05:48',0,NULL,0,NULL,0,0,'active'),(319,51,33,2,'Rất hài lòng với sản phẩm này','2024-11-28 07:05:48','2024-11-28 07:05:48',0,NULL,0,NULL,0,0,'active'),(320,57,33,3,'Thiết kế đẹp, hoàn thiện tốt','2024-11-28 07:05:48','2024-11-28 07:05:48',0,NULL,0,NULL,0,0,'active'),(321,69,33,4,'Rất hài lòng với sản phẩm này','2024-11-28 07:05:48','2024-11-28 07:05:48',0,NULL,0,NULL,0,0,'active'),(322,74,33,5,'Mình rất hài lòng với sản phẩm này','2024-11-28 07:05:48','2024-11-28 07:05:48',0,NULL,0,NULL,0,0,'active'),(323,13,34,4,'Điện thoại đẹp, chạy mượt, pin trâu','2024-11-28 07:05:48','2024-11-28 07:05:48',0,NULL,0,NULL,0,0,'active'),(324,33,34,1,'Chơi game mượt, không bị lag','2024-11-28 07:05:48','2024-11-28 07:05:48',0,NULL,0,NULL,0,0,'active'),(325,72,34,1,'Chụp ảnh đẹp, xử lý nhanh','2024-11-28 07:05:48','2024-11-28 07:05:48',0,NULL,0,NULL,0,0,'active'),(326,77,34,5,'Chất lượng sản phẩm tuyệt vời, giao hàng nhanh','2024-11-28 07:05:48','2024-11-28 07:05:48',0,NULL,0,NULL,0,0,'active'),(327,82,34,1,'Camera chụp đẹp, pin trâu, rất đáng mua','2024-11-28 07:05:48','2024-11-28 07:05:48',0,NULL,0,NULL,0,0,'active'),(328,5,35,1,'Giá cả hợp lý, sẽ ủng hộ shop dài dài','2024-11-28 07:05:48','2024-11-28 07:05:48',0,NULL,0,NULL,0,0,'active'),(329,7,35,2,'Rất hài lòng với sản phẩm này','2024-11-28 07:05:48','2024-11-28 07:05:48',0,NULL,0,NULL,0,0,'active'),(330,10,35,2,'Shop tư vấn nhiệt tình, sản phẩm chính hãng','2024-11-28 07:05:48','2024-11-28 07:05:48',0,NULL,0,NULL,0,0,'active'),(331,11,35,5,'Sản phẩm rất tốt, đáng tiền','2024-11-28 07:05:48','2024-11-28 07:05:48',0,NULL,0,NULL,0,0,'active'),(332,42,35,1,'Chơi game mượt, không bị lag','2024-11-28 07:05:48','2024-11-28 07:05:48',0,NULL,0,NULL,0,0,'active'),(333,45,35,4,'Mình rất hài lòng với sản phẩm này','2024-11-28 07:05:48','2024-11-28 07:05:48',0,NULL,0,NULL,0,0,'active'),(334,47,35,5,'Màn hình hiển thị sắc nét, cấu hình mạnh mẽ','2024-11-28 07:05:48','2024-11-28 07:05:48',0,NULL,0,NULL,0,0,'active'),(335,53,35,3,'Camera chụp đẹp, pin trâu, rất đáng mua','2024-11-28 07:05:48','2024-11-28 07:05:48',0,NULL,0,NULL,0,0,'active'),(336,71,35,3,'Thiết kế đẹp, hoàn thiện tốt','2024-11-28 07:05:48','2024-11-28 07:05:48',0,NULL,0,NULL,0,0,'active'),(337,6,36,4,'Thiết kế đẹp, hoàn thiện tốt','2024-11-28 07:05:48','2024-11-28 07:05:48',0,NULL,0,NULL,0,0,'active'),(338,18,36,5,'Sản phẩm rất tốt, đáng tiền','2024-11-28 07:05:48','2024-11-28 07:05:48',0,NULL,0,NULL,0,0,'active'),(339,22,36,5,'Shop tư vấn nhiệt tình, sản phẩm chính hãng','2024-11-28 07:05:48','2024-11-28 07:05:48',0,NULL,0,NULL,0,0,'active'),(340,23,36,3,'Đóng gói cẩn thận, sản phẩm như mô tả','2024-11-28 07:05:48','2024-11-28 07:05:48',0,NULL,0,NULL,0,0,'active'),(341,39,36,2,'Chụp ảnh đẹp, xử lý nhanh','2024-11-28 07:05:48','2024-11-28 07:05:48',0,NULL,0,NULL,0,0,'active'),(342,46,36,1,'Sản phẩm rất tốt, đáng tiền','2024-11-28 07:05:48','2024-11-28 07:05:48',0,NULL,0,NULL,0,0,'active'),(343,52,36,1,'Mình rất hài lòng với sản phẩm này','2024-11-28 07:05:48','2024-11-28 07:05:48',0,NULL,0,NULL,0,0,'active'),(344,54,36,5,'Màn hình hiển thị sắc nét, cấu hình mạnh mẽ','2024-11-28 07:05:48','2024-11-28 07:05:48',0,NULL,0,NULL,0,0,'active'),(345,55,36,4,'Chất lượng sản phẩm tuyệt vời, giao hàng nhanh','2024-11-28 07:05:48','2024-11-28 07:05:48',0,NULL,0,NULL,0,0,'active'),(346,56,36,2,'Đóng gói cẩn thận, sản phẩm như mô tả','2024-11-28 07:05:48','2024-11-28 07:05:48',0,NULL,0,NULL,0,0,'active'),(347,59,36,2,'Camera chụp đẹp, pin trâu, rất đáng mua','2024-11-28 07:05:48','2024-11-28 07:05:48',0,NULL,0,NULL,0,0,'active'),(348,65,36,1,'Sản phẩm rất tốt, đáng tiền','2024-11-28 07:05:48','2024-11-28 07:05:48',0,NULL,0,NULL,0,0,'active'),(349,70,36,5,'Shop tư vấn nhiệt tình, sản phẩm chính hãng','2024-11-28 07:05:48','2024-11-28 07:05:48',0,NULL,0,NULL,0,0,'active'),(350,74,36,2,'Rất hài lòng với sản phẩm này','2024-11-28 07:05:48','2024-11-28 07:05:48',0,NULL,0,NULL,0,0,'active'),(351,10,37,2,'Mình rất hài lòng với sản phẩm này','2024-11-28 07:05:48','2024-11-28 07:05:48',0,NULL,0,NULL,0,0,'active'),(352,19,37,2,'Mình rất hài lòng với sản phẩm này','2024-11-28 07:05:48','2024-11-28 07:05:48',0,NULL,0,NULL,0,0,'active'),(353,23,37,1,'Giá cả hợp lý, sẽ ủng hộ shop dài dài','2024-11-28 07:05:48','2024-11-28 07:05:48',0,NULL,0,NULL,0,0,'active'),(354,47,37,2,'Giá cả hợp lý, sẽ ủng hộ shop dài dài','2024-11-28 07:05:48','2024-11-28 07:05:48',0,NULL,0,NULL,0,0,'active'),(355,49,37,4,'Chất lượng sản phẩm tuyệt vời, giao hàng nhanh','2024-11-28 07:05:48','2024-11-28 07:05:48',0,NULL,0,NULL,0,0,'active'),(356,61,37,2,'Mua làm quà tặng, người nhận rất thích','2024-11-28 07:05:48','2024-11-28 07:05:48',0,NULL,0,NULL,0,0,'active'),(357,69,37,4,'Chụp ảnh đẹp, xử lý nhanh','2024-11-28 07:05:48','2024-11-28 07:05:48',0,NULL,0,NULL,0,0,'active'),(358,78,37,4,'Sản phẩm dùng ổn định, pin trâu','2024-11-28 07:05:48','2024-11-28 07:05:48',0,NULL,0,NULL,0,0,'active'),(359,79,37,3,'Điện thoại đẹp, chạy mượt, pin trâu','2024-11-28 07:05:48','2024-11-28 07:05:48',0,NULL,0,NULL,0,0,'active'),(360,86,37,1,'Sản phẩm rất tốt, đáng tiền','2024-11-28 07:05:48','2024-11-28 07:05:48',0,NULL,0,NULL,0,0,'active'),(361,8,38,5,'Điện thoại đẹp, chạy mượt, pin trâu','2024-11-28 07:05:48','2024-11-28 07:05:48',0,NULL,0,NULL,0,0,'active'),(362,16,38,5,'Đóng gói cẩn thận, sản phẩm như mô tả','2024-11-28 07:05:48','2024-11-28 07:05:48',0,NULL,0,NULL,0,0,'active'),(363,17,38,1,'Giá cả hợp lý, sẽ ủng hộ shop dài dài','2024-11-28 07:05:48','2024-11-28 07:05:48',0,NULL,0,NULL,0,0,'active'),(364,25,38,2,'Điện thoại đẹp, chạy mượt, pin trâu','2024-11-28 07:05:48','2024-11-28 07:05:48',0,NULL,0,NULL,0,0,'active'),(365,36,38,4,'Chất lượng sản phẩm tuyệt vời, giao hàng nhanh','2024-11-28 07:05:48','2024-11-28 07:05:48',0,NULL,0,NULL,0,0,'active'),(366,39,38,3,'Màn hình hiển thị sắc nét, cấu hình mạnh mẽ','2024-11-28 07:05:48','2024-11-28 07:05:48',0,NULL,0,NULL,0,0,'active'),(367,44,38,5,'Giá cả hợp lý, sẽ ủng hộ shop dài dài','2024-11-28 07:05:48','2024-11-28 07:05:48',0,NULL,0,NULL,0,0,'active'),(368,61,38,2,'Chơi game mượt, không bị lag','2024-11-28 07:05:48','2024-11-28 07:05:48',0,NULL,0,NULL,0,0,'active'),(369,80,38,1,'Shop tư vấn nhiệt tình, sản phẩm chính hãng','2024-11-28 07:05:48','2024-11-28 07:05:48',0,NULL,0,NULL,0,0,'active'),(370,7,39,1,'Đóng gói cẩn thận, sản phẩm như mô tả','2024-11-28 07:05:48','2024-11-28 07:05:48',0,NULL,0,NULL,0,0,'active'),(371,15,39,1,'Sản phẩm dùng ổn định, pin trâu','2024-11-28 07:05:48','2024-11-28 07:05:48',0,NULL,0,NULL,0,0,'active'),(372,19,39,2,'Mua làm quà tặng, người nhận rất thích','2024-11-28 07:05:48','2024-11-28 07:05:48',0,NULL,0,NULL,0,0,'active'),(373,21,39,3,'Giá cả hợp lý, sẽ ủng hộ shop dài dài','2024-11-28 07:05:48','2024-11-28 07:05:48',0,NULL,0,NULL,0,0,'active'),(374,46,39,1,'Thiết kế đẹp, hoàn thiện tốt','2024-11-28 07:05:48','2024-11-28 07:05:48',0,NULL,0,NULL,0,0,'active'),(375,47,39,5,'Shop tư vấn nhiệt tình, sản phẩm chính hãng','2024-11-28 07:05:48','2024-11-28 07:05:48',0,NULL,0,NULL,0,0,'active'),(376,49,39,4,'Chất lượng sản phẩm tuyệt vời, giao hàng nhanh','2024-11-28 07:05:48','2024-11-28 07:05:48',0,NULL,0,NULL,0,0,'active'),(377,62,39,4,'Giá cả hợp lý, sẽ ủng hộ shop dài dài','2024-11-28 07:05:48','2024-11-28 07:05:48',0,NULL,0,NULL,0,0,'active'),(378,69,39,2,'Chụp ảnh đẹp, xử lý nhanh','2024-11-28 07:05:48','2024-11-28 07:05:48',0,NULL,0,NULL,0,0,'active'),(379,73,39,2,'Chơi game mượt, không bị lag','2024-11-28 07:05:48','2024-11-28 07:05:48',0,NULL,0,NULL,0,0,'active'),(380,86,39,1,'Sản phẩm rất tốt, đáng tiền','2024-11-28 07:05:48','2024-11-28 07:05:48',0,NULL,0,NULL,0,0,'active'),(381,6,40,2,'Mua làm quà tặng, người nhận rất thích','2024-11-28 07:05:48','2024-11-28 07:05:48',0,NULL,0,NULL,0,0,'active'),(382,15,40,4,'Shop tư vấn nhiệt tình, sản phẩm chính hãng','2024-11-28 07:05:48','2024-11-28 07:05:48',0,NULL,0,NULL,0,0,'active'),(383,35,40,2,'Đóng gói cẩn thận, sản phẩm như mô tả','2024-11-28 07:05:48','2024-11-28 07:05:48',0,NULL,0,NULL,0,0,'active'),(384,37,40,2,'Điện thoại đẹp, chạy mượt, pin trâu','2024-11-28 07:05:48','2024-11-28 07:05:48',0,NULL,0,NULL,0,0,'active'),(385,47,40,4,'Điện thoại đẹp, chạy mượt, pin trâu','2024-11-28 07:05:48','2024-11-28 07:05:48',0,NULL,0,NULL,0,0,'active'),(386,54,40,1,'Đóng gói cẩn thận, sản phẩm như mô tả','2024-11-28 07:05:48','2024-11-28 07:05:48',0,NULL,0,NULL,0,0,'active'),(387,64,40,2,'Chất lượng sản phẩm tuyệt vời, giao hàng nhanh','2024-11-28 07:05:48','2024-11-28 07:05:48',0,NULL,0,NULL,0,0,'active'),(388,67,40,3,'Chơi game mượt, không bị lag','2024-11-28 07:05:48','2024-11-28 07:05:48',0,NULL,0,NULL,0,0,'active'),(389,69,40,5,'Điện thoại đẹp, chạy mượt, pin trâu','2024-11-28 07:05:48','2024-11-28 07:05:48',0,NULL,0,NULL,0,0,'active'),(390,76,40,4,'Chất lượng sản phẩm tuyệt vời, giao hàng nhanh','2024-11-28 07:05:48','2024-11-28 07:05:48',0,NULL,0,NULL,0,0,'active'),(391,83,40,2,'Thiết kế đẹp, hoàn thiện tốt','2024-11-28 07:05:48','2024-11-28 07:05:48',0,NULL,0,NULL,0,0,'active'),(392,22,41,4,'Điện thoại đẹp, chạy mượt, pin trâu','2024-11-28 07:05:48','2024-11-28 07:05:48',0,NULL,0,NULL,0,0,'active'),(393,54,41,2,'Thiết kế đẹp, hoàn thiện tốt','2024-11-28 07:05:48','2024-11-28 07:05:48',0,NULL,0,NULL,0,0,'active'),(394,58,41,5,'Shop tư vấn nhiệt tình, sản phẩm chính hãng','2024-11-28 07:05:48','2024-11-28 07:05:48',0,NULL,0,NULL,0,0,'active'),(395,61,41,1,'Mình rất hài lòng với sản phẩm này','2024-11-28 07:05:48','2024-11-28 07:05:48',0,NULL,0,NULL,0,0,'active'),(396,63,41,4,'Chất lượng sản phẩm tuyệt vời, giao hàng nhanh','2024-11-28 07:05:48','2024-11-28 07:05:48',0,NULL,0,NULL,0,0,'active'),(397,66,41,4,'Chất lượng sản phẩm tuyệt vời, giao hàng nhanh','2024-11-28 07:05:48','2024-11-28 07:05:48',0,NULL,0,NULL,0,0,'active'),(398,30,42,2,'Chơi game mượt, không bị lag','2024-11-28 07:05:48','2024-11-28 07:05:48',0,NULL,0,NULL,0,0,'active'),(399,37,42,2,'Đóng gói cẩn thận, sản phẩm như mô tả','2024-11-28 07:05:48','2024-11-28 07:05:48',0,NULL,0,NULL,0,0,'active'),(400,47,42,4,'Chất lượng sản phẩm tuyệt vời, giao hàng nhanh','2024-11-28 07:05:48','2024-11-28 07:05:48',0,NULL,0,NULL,0,0,'active'),(401,50,42,1,'Màn hình hiển thị sắc nét, cấu hình mạnh mẽ','2024-11-28 07:05:48','2024-11-28 07:05:48',0,NULL,0,NULL,0,0,'active'),(402,53,42,2,'Sản phẩm rất tốt, đáng tiền','2024-11-28 07:05:48','2024-11-28 07:05:48',0,NULL,0,NULL,0,0,'active'),(403,54,42,4,'Chất lượng sản phẩm tuyệt vời, giao hàng nhanh','2024-11-28 07:05:48','2024-11-28 07:05:48',0,NULL,0,NULL,0,0,'active'),(404,58,42,1,'Chơi game mượt, không bị lag','2024-11-28 07:05:48','2024-11-28 07:05:48',0,NULL,0,NULL,0,0,'active'),(405,59,42,2,'Rất hài lòng với sản phẩm này','2024-11-28 07:05:48','2024-11-28 07:05:48',0,NULL,0,NULL,0,0,'active'),(406,77,42,2,'Rất hài lòng với sản phẩm này','2024-11-28 07:05:48','2024-11-28 07:05:48',0,NULL,0,NULL,0,0,'active'),(407,83,42,1,'Chụp ảnh đẹp, xử lý nhanh','2024-11-28 07:05:48','2024-11-28 07:05:48',0,NULL,0,NULL,0,0,'active'),(408,1,43,5,'Chụp ảnh đẹp, xử lý nhanh','2024-11-28 07:05:48','2024-11-28 07:05:48',0,NULL,0,NULL,0,0,'active'),(409,15,43,2,'Sản phẩm rất tốt, đáng tiền','2024-11-28 07:05:48','2024-11-28 07:05:48',0,NULL,0,NULL,0,0,'active'),(410,16,43,2,'Shop tư vấn nhiệt tình, sản phẩm chính hãng','2024-11-28 07:05:48','2024-11-28 07:05:48',0,NULL,0,NULL,0,0,'active'),(411,19,43,5,'Điện thoại đẹp, chạy mượt, pin trâu','2024-11-28 07:05:48','2024-11-28 07:05:48',0,NULL,0,NULL,0,0,'active'),(412,60,43,1,'Đóng gói cẩn thận, sản phẩm như mô tả','2024-11-28 07:05:48','2024-11-28 07:05:48',0,NULL,0,NULL,0,0,'active'),(413,61,43,4,'Điện thoại đẹp, chạy mượt, pin trâu','2024-11-28 07:05:48','2024-11-28 07:05:48',0,NULL,0,NULL,0,0,'active'),(414,64,43,3,'Sản phẩm rất tốt, đáng tiền','2024-11-28 07:05:48','2024-11-28 07:05:48',0,NULL,0,NULL,0,0,'active'),(415,83,43,5,'Chụp ảnh đẹp, xử lý nhanh','2024-11-28 07:05:48','2024-11-28 07:05:48',0,NULL,0,NULL,0,0,'active'),(416,85,43,1,'Chất lượng sản phẩm tuyệt vời, giao hàng nhanh','2024-11-28 07:05:48','2024-11-28 07:05:48',0,NULL,0,NULL,0,0,'active'),(417,1,44,4,'Giá cả hợp lý, sẽ ủng hộ shop dài dài','2024-11-28 07:05:48','2024-11-28 07:05:48',0,NULL,0,NULL,0,0,'active'),(418,27,44,2,'Mình rất hài lòng với sản phẩm này','2024-11-28 07:05:48','2024-11-28 07:05:48',0,NULL,0,NULL,0,0,'active'),(419,28,44,4,'Chơi game mượt, không bị lag','2024-11-28 07:05:48','2024-11-28 07:05:48',0,NULL,0,NULL,0,0,'active'),(420,45,44,1,'Giá cả hợp lý, sẽ ủng hộ shop dài dài','2024-11-28 07:05:48','2024-11-28 07:05:48',0,NULL,0,NULL,0,0,'active'),(421,53,44,2,'Thiết kế đẹp, hoàn thiện tốt','2024-11-28 07:05:48','2024-11-28 07:05:48',0,NULL,0,NULL,0,0,'active'),(422,56,44,1,'Shop tư vấn nhiệt tình, sản phẩm chính hãng','2024-11-28 07:05:48','2024-11-28 07:05:48',0,NULL,0,NULL,0,0,'active'),(423,59,44,3,'Mình rất hài lòng với sản phẩm này','2024-11-28 07:05:48','2024-11-28 07:05:48',0,NULL,0,NULL,0,0,'active'),(424,70,44,5,'Đóng gói cẩn thận, sản phẩm như mô tả','2024-11-28 07:05:48','2024-11-28 07:05:48',0,NULL,0,NULL,0,0,'active'),(425,6,45,5,'Mua làm quà tặng, người nhận rất thích','2024-11-28 07:05:48','2024-11-28 07:05:48',0,NULL,0,NULL,0,0,'active'),(426,7,45,3,'Rất hài lòng với sản phẩm này','2024-11-28 07:05:48','2024-11-28 07:05:48',0,NULL,0,NULL,0,0,'active'),(427,9,45,4,'Giá cả hợp lý, sẽ ủng hộ shop dài dài','2024-11-28 07:05:48','2024-11-28 07:05:48',0,NULL,0,NULL,0,0,'active'),(428,11,45,2,'Đóng gói cẩn thận, sản phẩm như mô tả','2024-11-28 07:05:48','2024-11-28 07:05:48',0,NULL,0,NULL,0,0,'active'),(429,14,45,4,'Mua làm quà tặng, người nhận rất thích','2024-11-28 07:05:48','2024-11-28 07:05:48',0,NULL,0,NULL,0,0,'active'),(430,17,45,4,'Mình rất hài lòng với sản phẩm này','2024-11-28 07:05:48','2024-11-28 07:05:48',0,NULL,0,NULL,0,0,'active'),(431,18,45,2,'Giá cả hợp lý, sẽ ủng hộ shop dài dài','2024-11-28 07:05:48','2024-11-28 07:05:48',0,NULL,0,NULL,0,0,'active'),(432,27,45,1,'Chụp ảnh đẹp, xử lý nhanh','2024-11-28 07:05:48','2024-11-28 07:05:48',0,NULL,0,NULL,0,0,'active'),(433,39,45,1,'Camera chụp đẹp, pin trâu, rất đáng mua','2024-11-28 07:05:48','2024-11-28 07:05:48',0,NULL,0,NULL,0,0,'active'),(434,42,45,5,'Sản phẩm dùng ổn định, pin trâu','2024-11-28 07:05:48','2024-11-28 07:05:48',0,NULL,0,NULL,0,0,'active'),(435,49,45,4,'Chơi game mượt, không bị lag','2024-11-28 07:05:48','2024-11-28 07:05:48',0,NULL,0,NULL,0,0,'active'),(436,63,45,1,'Chơi game mượt, không bị lag','2024-11-28 07:05:48','2024-11-28 07:05:48',0,NULL,0,NULL,0,0,'active'),(437,66,45,3,'Mình rất hài lòng với sản phẩm này','2024-11-28 07:05:48','2024-11-28 07:05:48',0,NULL,0,NULL,0,0,'active'),(438,69,45,2,'Thiết kế đẹp, hoàn thiện tốt','2024-11-28 07:05:48','2024-11-28 07:05:48',0,NULL,0,NULL,0,0,'active'),(439,72,45,3,'Màn hình hiển thị sắc nét, cấu hình mạnh mẽ','2024-11-28 07:05:48','2024-11-28 07:05:48',0,NULL,0,NULL,0,0,'active'),(440,78,45,2,'Đóng gói cẩn thận, sản phẩm như mô tả','2024-11-28 07:05:48','2024-11-28 07:05:48',0,NULL,0,NULL,0,0,'active'),(441,5,46,5,'Camera chụp đẹp, pin trâu, rất đáng mua','2024-11-28 07:05:48','2024-11-28 07:05:48',0,NULL,0,NULL,0,0,'active'),(442,6,46,2,'Sản phẩm dùng ổn định, pin trâu','2024-11-28 07:05:48','2024-11-28 07:05:48',0,NULL,0,NULL,0,0,'active'),(443,12,46,1,'Sản phẩm dùng ổn định, pin trâu','2024-11-28 07:05:48','2024-11-28 07:05:48',0,NULL,0,NULL,0,0,'active'),(444,14,46,3,'Sản phẩm rất tốt, đáng tiền','2024-11-28 07:05:48','2024-11-28 07:05:48',0,NULL,0,NULL,0,0,'active'),(445,31,46,5,'Chơi game mượt, không bị lag','2024-11-28 07:05:48','2024-11-28 07:05:48',0,NULL,0,NULL,0,0,'active'),(446,32,46,3,'Điện thoại đẹp, chạy mượt, pin trâu','2024-11-28 07:05:48','2024-11-28 07:05:48',0,NULL,0,NULL,0,0,'active'),(447,34,46,3,'Mua làm quà tặng, người nhận rất thích','2024-11-28 07:05:48','2024-11-28 07:05:48',0,NULL,0,NULL,0,0,'active'),(448,38,46,5,'Sản phẩm dùng ổn định, pin trâu','2024-11-28 07:05:48','2024-11-28 07:05:48',0,NULL,0,NULL,0,0,'active'),(449,41,46,1,'Màn hình hiển thị sắc nét, cấu hình mạnh mẽ','2024-11-28 07:05:48','2024-11-28 07:05:48',0,NULL,0,NULL,0,0,'active'),(450,45,46,5,'Chụp ảnh đẹp, xử lý nhanh','2024-11-28 07:05:48','2024-11-28 07:05:48',0,NULL,0,NULL,0,0,'active'),(451,49,46,5,'Mua làm quà tặng, người nhận rất thích','2024-11-28 07:05:48','2024-11-28 07:05:48',0,NULL,0,NULL,0,0,'active'),(452,54,46,5,'Đóng gói cẩn thận, sản phẩm như mô tả','2024-11-28 07:05:48','2024-11-28 07:05:48',0,NULL,0,NULL,0,0,'active'),(453,57,46,3,'Mình rất hài lòng với sản phẩm này','2024-11-28 07:05:48','2024-11-28 07:05:48',0,NULL,0,NULL,0,0,'active'),(454,69,46,1,'Chụp ảnh đẹp, xử lý nhanh','2024-11-28 07:05:48','2024-11-28 07:05:48',0,NULL,0,NULL,0,0,'active'),(455,70,46,5,'Thiết kế đẹp, hoàn thiện tốt','2024-11-28 07:05:48','2024-11-28 07:05:48',0,NULL,0,NULL,0,0,'active'),(456,73,46,3,'Chơi game mượt, không bị lag','2024-11-28 07:05:48','2024-11-28 07:05:48',0,NULL,0,NULL,0,0,'active'),(457,74,46,2,'Shop tư vấn nhiệt tình, sản phẩm chính hãng','2024-11-28 07:05:48','2024-11-28 07:05:48',0,NULL,0,NULL,0,0,'active'),(458,1,47,5,'Chụp ảnh đẹp, xử lý nhanh','2024-11-28 07:05:48','2024-11-28 07:05:48',0,NULL,0,NULL,0,0,'active'),(459,13,47,3,'Điện thoại đẹp, chạy mượt, pin trâu','2024-11-28 07:05:48','2024-11-28 07:05:48',0,NULL,0,NULL,0,0,'active'),(460,14,47,1,'Mình rất hài lòng với sản phẩm này','2024-11-28 07:05:48','2024-11-28 07:05:48',0,NULL,0,NULL,0,0,'active'),(461,16,47,3,'Màn hình hiển thị sắc nét, cấu hình mạnh mẽ','2024-11-28 07:05:48','2024-11-28 07:05:48',0,NULL,0,NULL,0,0,'active'),(462,27,47,5,'Điện thoại đẹp, chạy mượt, pin trâu','2024-11-28 07:05:48','2024-11-28 07:05:48',0,NULL,0,NULL,0,0,'active'),(463,40,47,1,'Sản phẩm rất tốt, đáng tiền','2024-11-28 07:05:48','2024-11-28 07:05:48',0,NULL,0,NULL,0,0,'active'),(464,60,47,4,'Màn hình hiển thị sắc nét, cấu hình mạnh mẽ','2024-11-28 07:05:48','2024-11-28 07:05:48',0,NULL,0,NULL,0,0,'active'),(465,64,47,4,'Chơi game mượt, không bị lag','2024-11-28 07:05:48','2024-11-28 07:05:48',0,NULL,0,NULL,0,0,'active'),(466,73,47,5,'Mua làm quà tặng, người nhận rất thích','2024-11-28 07:05:48','2024-11-28 07:05:48',0,NULL,0,NULL,0,0,'active'),(467,75,47,5,'Camera chụp đẹp, pin trâu, rất đáng mua','2024-11-28 07:05:48','2024-11-28 07:05:48',0,NULL,0,NULL,0,0,'active'),(468,80,47,1,'Mua làm quà tặng, người nhận rất thích','2024-11-28 07:05:48','2024-11-28 07:05:48',0,NULL,0,NULL,0,0,'active'),(469,32,48,3,'Giá cả hợp lý, sẽ ủng hộ shop dài dài','2024-11-28 07:05:48','2024-11-28 07:05:48',0,NULL,0,NULL,0,0,'active'),(470,42,48,3,'Sản phẩm rất tốt, đáng tiền','2024-11-28 07:05:48','2024-11-28 07:05:48',0,NULL,0,NULL,0,0,'active'),(471,70,48,3,'Chụp ảnh đẹp, xử lý nhanh','2024-11-28 07:05:48','2024-11-28 07:05:48',0,NULL,0,NULL,0,0,'active'),(472,74,48,3,'Mình rất hài lòng với sản phẩm này','2024-11-28 07:05:48','2024-11-28 07:05:48',0,NULL,0,NULL,0,0,'active'),(473,75,48,2,'Chụp ảnh đẹp, xử lý nhanh','2024-11-28 07:05:48','2024-11-28 07:05:48',0,NULL,0,NULL,0,0,'active'),(474,77,48,4,'Rất hài lòng với sản phẩm này','2024-11-28 07:05:48','2024-11-28 07:05:48',0,NULL,0,NULL,0,0,'active'),(475,84,48,5,'Shop tư vấn nhiệt tình, sản phẩm chính hãng','2024-11-28 07:05:48','2024-11-28 07:05:48',0,NULL,0,NULL,0,0,'active'),(476,18,49,4,'Shop tư vấn nhiệt tình, sản phẩm chính hãng','2024-11-28 07:05:48','2024-11-28 07:05:48',0,NULL,0,NULL,0,0,'active'),(477,23,49,4,'Shop tư vấn nhiệt tình, sản phẩm chính hãng','2024-11-28 07:05:48','2024-11-28 07:05:48',0,NULL,0,NULL,0,0,'active'),(478,32,49,4,'Điện thoại đẹp, chạy mượt, pin trâu','2024-11-28 07:05:48','2024-11-28 07:05:48',0,NULL,0,NULL,0,0,'active'),(479,50,49,4,'Chơi game mượt, không bị lag','2024-11-28 07:05:48','2024-11-28 07:05:48',0,NULL,0,NULL,0,0,'active'),(480,62,49,3,'Thiết kế đẹp, hoàn thiện tốt','2024-11-28 07:05:48','2024-11-28 07:05:48',0,NULL,0,NULL,0,0,'active'),(481,68,49,3,'Sản phẩm dùng ổn định, pin trâu','2024-11-28 07:05:48','2024-11-28 07:05:48',0,NULL,0,NULL,0,0,'active'),(482,73,49,1,'Rất hài lòng với sản phẩm này','2024-11-28 07:05:48','2024-11-28 07:05:48',0,NULL,0,NULL,0,0,'active'),(483,13,50,1,'Chất lượng sản phẩm tuyệt vời, giao hàng nhanh','2024-11-28 07:05:48','2024-11-28 07:05:48',0,NULL,0,NULL,0,0,'active'),(484,17,50,1,'Chụp ảnh đẹp, xử lý nhanh','2024-11-28 07:05:48','2024-11-28 07:05:48',0,NULL,0,NULL,0,0,'active'),(485,22,50,3,'Chơi game mượt, không bị lag','2024-11-28 07:05:48','2024-11-28 07:05:48',0,NULL,0,NULL,0,0,'active'),(486,23,50,5,'Điện thoại đẹp, chạy mượt, pin trâu','2024-11-28 07:05:48','2024-11-28 07:05:48',0,NULL,0,NULL,0,0,'active'),(487,47,50,5,'Chơi game mượt, không bị lag','2024-11-28 07:05:48','2024-11-28 07:05:48',0,NULL,0,NULL,0,0,'active'),(488,53,50,1,'Mình rất hài lòng với sản phẩm này','2024-11-28 07:05:48','2024-11-28 07:05:48',0,NULL,0,NULL,0,0,'active'),(489,57,50,3,'Shop tư vấn nhiệt tình, sản phẩm chính hãng','2024-11-28 07:05:48','2024-11-28 07:05:48',0,NULL,0,NULL,0,0,'active'),(490,66,50,2,'Thiết kế đẹp, hoàn thiện tốt','2024-11-28 07:05:48','2024-11-28 07:05:48',0,NULL,0,NULL,0,0,'active'),(491,85,50,5,'Rất hài lòng với sản phẩm này','2024-11-28 07:05:48','2024-11-28 07:05:48',0,NULL,0,NULL,0,0,'active'),(492,2,51,1,'Điện thoại đẹp, chạy mượt, pin trâu','2024-11-28 07:05:48','2024-11-28 07:05:48',0,NULL,0,NULL,0,0,'active'),(493,3,51,2,'Sản phẩm dùng ổn định, pin trâu','2024-11-28 07:05:48','2024-11-28 07:05:48',0,NULL,0,NULL,0,0,'active'),(494,6,51,5,'Mua làm quà tặng, người nhận rất thích','2024-11-28 07:05:48','2024-11-28 07:05:48',0,NULL,0,NULL,0,0,'active'),(495,9,51,4,'Thiết kế đẹp, hoàn thiện tốt','2024-11-28 07:05:48','2024-11-28 07:05:48',0,NULL,0,NULL,0,0,'active'),(496,18,51,1,'Giá cả hợp lý, sẽ ủng hộ shop dài dài','2024-11-28 07:05:48','2024-11-28 07:05:48',0,NULL,0,NULL,0,0,'active'),(497,19,51,3,'Rất hài lòng với sản phẩm này','2024-11-28 07:05:48','2024-11-28 07:05:48',0,NULL,0,NULL,0,0,'active'),(498,27,51,4,'Mua làm quà tặng, người nhận rất thích','2024-11-28 07:05:48','2024-11-28 07:05:48',0,NULL,0,NULL,0,0,'active'),(499,28,51,1,'Rất hài lòng với sản phẩm này','2024-11-28 07:05:48','2024-11-28 07:05:48',0,NULL,0,NULL,0,0,'active'),(500,31,51,1,'Chơi game mượt, không bị lag','2024-11-28 07:05:48','2024-11-28 07:05:48',0,NULL,0,NULL,0,0,'active'),(501,49,51,2,'Shop tư vấn nhiệt tình, sản phẩm chính hãng','2024-11-28 07:05:48','2024-11-28 07:05:48',0,NULL,0,NULL,0,0,'active'),(502,66,51,3,'Sản phẩm rất tốt, đáng tiền','2024-11-28 07:05:48','2024-11-28 07:05:48',0,NULL,0,NULL,0,0,'active'),(503,80,51,3,'Thiết kế đẹp, hoàn thiện tốt','2024-11-28 07:05:48','2024-11-28 07:05:48',0,NULL,0,NULL,0,0,'active'),(504,83,51,3,'Sản phẩm rất tốt, đáng tiền','2024-11-28 07:05:48','2024-11-28 07:05:48',0,NULL,0,NULL,0,0,'active'),(505,3,52,5,'Sản phẩm rất tốt, đáng tiền','2024-11-28 07:05:48','2024-11-28 07:05:48',0,NULL,0,NULL,0,0,'active'),(506,4,52,2,'Sản phẩm dùng ổn định, pin trâu','2024-11-28 07:05:48','2024-11-28 07:05:48',0,NULL,0,NULL,0,0,'active'),(507,17,52,2,'Đóng gói cẩn thận, sản phẩm như mô tả','2024-11-28 07:05:48','2024-11-28 07:05:48',0,NULL,0,NULL,0,0,'active'),(508,20,52,3,'Thiết kế đẹp, hoàn thiện tốt','2024-11-28 07:05:48','2024-11-28 07:05:48',0,NULL,0,NULL,0,0,'active'),(509,36,52,4,'Sản phẩm rất tốt, đáng tiền','2024-11-28 07:05:48','2024-11-28 07:05:48',0,NULL,0,NULL,0,0,'active'),(510,38,52,5,'Camera chụp đẹp, pin trâu, rất đáng mua','2024-11-28 07:05:48','2024-11-28 07:05:48',0,NULL,0,NULL,0,0,'active'),(511,46,52,5,'Thiết kế đẹp, hoàn thiện tốt','2024-11-28 07:05:48','2024-11-28 07:05:48',0,NULL,0,NULL,0,0,'active'),(512,53,52,3,'Rất hài lòng với sản phẩm này','2024-11-28 07:05:48','2024-11-28 07:05:48',0,NULL,0,NULL,0,0,'active'),(513,56,52,3,'Sản phẩm rất tốt, đáng tiền','2024-11-28 07:05:48','2024-11-28 07:05:48',0,NULL,0,NULL,0,0,'active'),(514,73,52,5,'Mua làm quà tặng, người nhận rất thích','2024-11-28 07:05:48','2024-11-28 07:05:48',0,NULL,0,NULL,0,0,'active'),(515,78,52,3,'Camera chụp đẹp, pin trâu, rất đáng mua','2024-11-28 07:05:48','2024-11-28 07:05:48',0,NULL,0,NULL,0,0,'active'),(516,9,53,5,'Giá cả hợp lý, sẽ ủng hộ shop dài dài','2024-11-28 07:05:48','2024-11-28 07:05:48',0,NULL,0,NULL,0,0,'active'),(517,18,53,1,'Shop tư vấn nhiệt tình, sản phẩm chính hãng','2024-11-28 07:05:48','2024-11-28 07:05:48',0,NULL,0,NULL,0,0,'active'),(518,19,53,1,'Điện thoại đẹp, chạy mượt, pin trâu','2024-11-28 07:05:48','2024-11-28 07:05:48',0,NULL,0,NULL,0,0,'active'),(519,20,53,3,'Màn hình hiển thị sắc nét, cấu hình mạnh mẽ','2024-11-28 07:05:48','2024-11-28 07:05:48',0,NULL,0,NULL,0,0,'active'),(520,21,53,5,'Sản phẩm rất tốt, đáng tiền','2024-11-28 07:05:48','2024-11-28 07:05:48',0,NULL,0,NULL,0,0,'active'),(521,38,53,3,'Điện thoại đẹp, chạy mượt, pin trâu','2024-11-28 07:05:48','2024-11-28 07:05:48',0,NULL,0,NULL,0,0,'active'),(522,48,53,5,'Đóng gói cẩn thận, sản phẩm như mô tả','2024-11-28 07:05:48','2024-11-28 07:05:48',0,NULL,0,NULL,0,0,'active'),(523,59,53,5,'Điện thoại đẹp, chạy mượt, pin trâu','2024-11-28 07:05:48','2024-11-28 07:05:48',0,NULL,0,NULL,0,0,'active'),(524,68,53,4,'Mình rất hài lòng với sản phẩm này','2024-11-28 07:05:48','2024-11-28 07:05:48',0,NULL,0,NULL,0,0,'active'),(525,70,53,5,'Chụp ảnh đẹp, xử lý nhanh','2024-11-28 07:05:48','2024-11-28 07:05:48',0,NULL,0,NULL,0,0,'active'),(526,77,53,3,'Chơi game mượt, không bị lag','2024-11-28 07:05:48','2024-11-28 07:05:48',0,NULL,0,NULL,0,0,'active'),(527,84,53,2,'Điện thoại đẹp, chạy mượt, pin trâu','2024-11-28 07:05:48','2024-11-28 07:05:48',0,NULL,0,NULL,0,0,'active'),(528,86,53,2,'Shop tư vấn nhiệt tình, sản phẩm chính hãng','2024-11-28 07:05:48','2024-11-28 07:05:48',0,NULL,0,NULL,0,0,'active'),(529,17,54,3,'Điện thoại đẹp, chạy mượt, pin trâu','2024-11-28 07:05:48','2024-11-28 07:05:48',0,NULL,0,NULL,0,0,'active'),(530,37,54,2,'Điện thoại đẹp, chạy mượt, pin trâu','2024-11-28 07:05:48','2024-11-28 07:05:48',0,NULL,0,NULL,0,0,'active'),(531,47,54,4,'Camera chụp đẹp, pin trâu, rất đáng mua','2024-11-28 07:05:48','2024-11-28 07:05:48',0,NULL,0,NULL,0,0,'active'),(532,58,54,2,'Điện thoại đẹp, chạy mượt, pin trâu','2024-11-28 07:05:48','2024-11-28 07:05:48',0,NULL,0,NULL,0,0,'active'),(533,69,54,3,'Màn hình hiển thị sắc nét, cấu hình mạnh mẽ','2024-11-28 07:05:48','2024-11-28 07:05:48',0,NULL,0,NULL,0,0,'active'),(534,85,54,1,'Chất lượng sản phẩm tuyệt vời, giao hàng nhanh','2024-11-28 07:05:48','2024-11-28 07:05:48',0,NULL,0,NULL,0,0,'active'),(535,5,55,3,'Rất hài lòng với sản phẩm này','2024-11-28 07:05:48','2024-11-28 07:05:48',0,NULL,0,NULL,0,0,'active'),(536,10,55,2,'Điện thoại đẹp, chạy mượt, pin trâu','2024-11-28 07:05:48','2024-11-28 07:05:48',0,NULL,0,NULL,0,0,'active'),(537,32,55,1,'Chất lượng sản phẩm tuyệt vời, giao hàng nhanh','2024-11-28 07:05:48','2024-11-28 07:05:48',0,NULL,0,NULL,0,0,'active'),(538,33,55,5,'Camera chụp đẹp, pin trâu, rất đáng mua','2024-11-28 07:05:48','2024-11-28 07:05:48',0,NULL,0,NULL,0,0,'active'),(539,34,55,3,'Rất hài lòng với sản phẩm này','2024-11-28 07:05:48','2024-11-28 07:05:48',0,NULL,0,NULL,0,0,'active'),(540,51,55,5,'Chụp ảnh đẹp, xử lý nhanh','2024-11-28 07:05:48','2024-11-28 07:05:48',0,NULL,0,NULL,0,0,'active'),(541,54,55,2,'Giá cả hợp lý, sẽ ủng hộ shop dài dài','2024-11-28 07:05:48','2024-11-28 07:05:48',0,NULL,0,NULL,0,0,'active'),(542,59,55,1,'Màn hình hiển thị sắc nét, cấu hình mạnh mẽ','2024-11-28 07:05:48','2024-11-28 07:05:48',0,NULL,0,NULL,0,0,'active'),(543,64,55,4,'Chất lượng sản phẩm tuyệt vời, giao hàng nhanh','2024-11-28 07:05:48','2024-11-28 07:05:48',0,NULL,0,NULL,0,0,'active'),(544,70,55,2,'Mình rất hài lòng với sản phẩm này','2024-11-28 07:05:48','2024-11-28 07:05:48',0,NULL,0,NULL,0,0,'active'),(545,75,55,2,'Thiết kế đẹp, hoàn thiện tốt','2024-11-28 07:05:48','2024-11-28 07:05:48',0,NULL,0,NULL,0,0,'active'),(546,80,55,1,'Chơi game mượt, không bị lag','2024-11-28 07:05:48','2024-11-28 07:05:48',0,NULL,0,NULL,0,0,'active'),(547,82,55,4,'Điện thoại đẹp, chạy mượt, pin trâu','2024-11-28 07:05:48','2024-11-28 07:05:48',0,NULL,0,NULL,0,0,'active'),(548,3,56,4,'Sản phẩm rất tốt, đáng tiền','2024-11-28 07:05:48','2024-11-28 07:05:48',0,NULL,0,NULL,0,0,'active'),(549,6,56,3,'Giá cả hợp lý, sẽ ủng hộ shop dài dài','2024-11-28 07:05:48','2024-11-28 07:05:48',0,NULL,0,NULL,0,0,'active'),(550,18,56,2,'Mua làm quà tặng, người nhận rất thích','2024-11-28 07:05:48','2024-11-28 07:05:48',0,NULL,0,NULL,0,0,'active'),(551,19,56,5,'Chơi game mượt, không bị lag','2024-11-28 07:05:48','2024-11-28 07:05:48',0,NULL,0,NULL,0,0,'active'),(552,22,56,1,'Chất lượng sản phẩm tuyệt vời, giao hàng nhanh','2024-11-28 07:05:48','2024-11-28 07:05:48',0,NULL,0,NULL,0,0,'active'),(553,25,56,4,'Đóng gói cẩn thận, sản phẩm như mô tả','2024-11-28 07:05:48','2024-11-28 07:05:48',0,NULL,0,NULL,0,0,'active'),(554,29,56,2,'Mua làm quà tặng, người nhận rất thích','2024-11-28 07:05:48','2024-11-28 07:05:48',0,NULL,0,NULL,0,0,'active'),(555,31,56,3,'Rất hài lòng với sản phẩm này','2024-11-28 07:05:48','2024-11-28 07:05:48',0,NULL,0,NULL,0,0,'active'),(556,35,56,5,'Camera chụp đẹp, pin trâu, rất đáng mua','2024-11-28 07:05:48','2024-11-28 07:05:48',0,NULL,0,NULL,0,0,'active'),(557,38,56,5,'Điện thoại đẹp, chạy mượt, pin trâu','2024-11-28 07:05:48','2024-11-28 07:05:48',0,NULL,0,NULL,0,0,'active'),(558,41,56,5,'Điện thoại đẹp, chạy mượt, pin trâu','2024-11-28 07:05:48','2024-11-28 07:05:48',0,NULL,0,NULL,0,0,'active'),(559,49,56,2,'Đóng gói cẩn thận, sản phẩm như mô tả','2024-11-28 07:05:48','2024-11-28 07:05:48',0,NULL,0,NULL,0,0,'active'),(560,58,56,5,'Sản phẩm rất tốt, đáng tiền','2024-11-28 07:05:48','2024-11-28 07:05:48',0,NULL,0,NULL,0,0,'active'),(561,61,56,2,'Sản phẩm dùng ổn định, pin trâu','2024-11-28 07:05:48','2024-11-28 07:05:48',0,NULL,0,NULL,0,0,'active'),(562,62,56,1,'Sản phẩm rất tốt, đáng tiền','2024-11-28 07:05:48','2024-11-28 07:05:48',0,NULL,0,NULL,0,0,'active'),(563,73,56,2,'Đóng gói cẩn thận, sản phẩm như mô tả','2024-11-28 07:05:48','2024-11-28 07:05:48',0,NULL,0,NULL,0,0,'active'),(780,4,26,2,'Giá hơi cao so với chất lượng','2024-11-28 07:05:53','2024-11-28 07:05:53',0,NULL,0,NULL,0,0,'active'),(781,48,26,1,'Sản phẩm không đáng giá tiền','2024-11-28 07:05:53','2024-11-28 07:05:53',0,NULL,0,NULL,0,0,'active'),(782,49,26,1,'Pin tụt nhanh, không như mong đợi','2024-11-28 07:05:53','2024-11-28 07:05:53',0,NULL,0,NULL,0,0,'active'),(783,40,27,2,'Giá hơi cao so với chất lượng','2024-11-28 07:05:53','2024-11-28 07:05:53',0,NULL,0,NULL,0,0,'active'),(784,67,27,1,'Sản phẩm không đáng giá tiền','2024-11-28 07:05:53','2024-11-28 07:05:53',0,NULL,0,NULL,0,0,'active'),(785,17,28,2,'Máy hay bị lag, không mượt','2024-11-28 07:05:53','2024-11-28 07:05:53',0,NULL,0,NULL,0,0,'active'),(786,43,28,1,'Pin tụt nhanh, không như mong đợi','2024-11-28 07:05:53','2024-11-28 07:05:53',0,NULL,0,NULL,0,0,'active'),(787,48,28,1,'Máy hay bị lag, không mượt','2024-11-28 07:05:53','2024-11-28 07:05:53',0,NULL,0,NULL,0,0,'active'),(788,76,28,1,'Camera chụp không đẹp như quảng cáo','2024-11-28 07:05:53','2024-11-28 07:05:53',0,NULL,0,NULL,0,0,'active'),(789,7,30,2,'Camera chụp không đẹp như quảng cáo','2024-11-28 07:05:53','2024-11-28 07:05:53',0,NULL,0,NULL,0,0,'active'),(790,16,30,2,'Giá hơi cao so với chất lượng','2024-11-28 07:05:53','2024-11-28 07:05:53',0,NULL,0,NULL,0,0,'active'),(791,19,30,1,'Camera chụp không đẹp như quảng cáo','2024-11-28 07:05:53','2024-11-28 07:05:53',0,NULL,0,NULL,0,0,'active'),(792,3,31,1,'Máy hay bị lag, không mượt','2024-11-28 07:05:53','2024-11-28 07:05:53',0,NULL,0,NULL,0,0,'active'),(793,28,32,1,'Pin tụt nhanh, không như mong đợi','2024-11-28 07:05:53','2024-11-28 07:05:53',0,NULL,0,NULL,0,0,'active'),(794,48,32,1,'Pin tụt nhanh, không như mong đợi','2024-11-28 07:05:53','2024-11-28 07:05:53',0,NULL,0,NULL,0,0,'active'),(795,13,34,1,'Sản phẩm không đáng giá tiền','2024-11-28 07:05:53','2024-11-28 07:05:53',0,NULL,0,NULL,0,0,'active'),(796,62,34,1,'Máy hay bị lag, không mượt','2024-11-28 07:05:53','2024-11-28 07:05:53',0,NULL,0,NULL,0,0,'active'),(797,11,35,2,'Giá hơi cao so với chất lượng','2024-11-28 07:05:53','2024-11-28 07:05:53',0,NULL,0,NULL,0,0,'active'),(798,86,35,2,'Camera chụp không đẹp như quảng cáo','2024-11-28 07:05:53','2024-11-28 07:05:53',0,NULL,0,NULL,0,0,'active'),(799,86,37,2,'Giá hơi cao so với chất lượng','2024-11-28 07:05:53','2024-11-28 07:05:53',0,NULL,0,NULL,0,0,'active'),(800,8,38,2,'Sản phẩm không đáng giá tiền','2024-11-28 07:05:53','2024-11-28 07:05:53',0,NULL,0,NULL,0,0,'active'),(801,44,38,1,'Camera chụp không đẹp như quảng cáo','2024-11-28 07:05:53','2024-11-28 07:05:53',0,NULL,0,NULL,0,0,'active'),(802,48,38,2,'Pin tụt nhanh, không như mong đợi','2024-11-28 07:05:53','2024-11-28 07:05:53',0,NULL,0,NULL,0,0,'active'),(803,20,39,1,'Camera chụp không đẹp như quảng cáo','2024-11-28 07:05:53','2024-11-28 07:05:53',0,NULL,0,NULL,0,0,'active'),(804,75,39,1,'Giá hơi cao so với chất lượng','2024-11-28 07:05:53','2024-11-28 07:05:53',0,NULL,0,NULL,0,0,'active'),(805,66,40,1,'Pin tụt nhanh, không như mong đợi','2024-11-28 07:05:53','2024-11-28 07:05:53',0,NULL,0,NULL,0,0,'active'),(806,54,41,1,'Máy hay bị lag, không mượt','2024-11-28 07:05:53','2024-11-28 07:05:53',0,NULL,0,NULL,0,0,'active'),(807,27,42,2,'Máy hay bị lag, không mượt','2024-11-28 07:05:53','2024-11-28 07:05:53',0,NULL,0,NULL,0,0,'active'),(808,29,42,2,'Máy hay bị lag, không mượt','2024-11-28 07:05:53','2024-11-28 07:05:53',0,NULL,0,NULL,0,0,'active'),(809,45,42,2,'Camera chụp không đẹp như quảng cáo','2024-11-28 07:05:53','2024-11-28 07:05:53',0,NULL,0,NULL,0,0,'active'),(810,83,42,1,'Giá hơi cao so với chất lượng','2024-11-28 07:05:53','2024-11-28 07:05:53',0,NULL,0,NULL,0,0,'active'),(811,56,43,2,'Pin tụt nhanh, không như mong đợi','2024-11-28 07:05:53','2024-11-28 07:05:53',0,NULL,0,NULL,0,0,'active'),(812,64,43,2,'Pin tụt nhanh, không như mong đợi','2024-11-28 07:05:53','2024-11-28 07:05:53',0,NULL,0,NULL,0,0,'active'),(813,83,43,2,'Máy hay bị lag, không mượt','2024-11-28 07:05:53','2024-11-28 07:05:53',0,NULL,0,NULL,0,0,'active'),(814,5,44,2,'Sản phẩm không đáng giá tiền','2024-11-28 07:05:53','2024-11-28 07:05:53',0,NULL,0,NULL,0,0,'active'),(815,27,44,2,'Giá hơi cao so với chất lượng','2024-11-28 07:05:53','2024-11-28 07:05:53',0,NULL,0,NULL,0,0,'active'),(816,7,45,2,'Giá hơi cao so với chất lượng','2024-11-28 07:05:53','2024-11-28 07:05:53',0,NULL,0,NULL,0,0,'active'),(817,27,45,1,'Pin tụt nhanh, không như mong đợi','2024-11-28 07:05:53','2024-11-28 07:05:53',0,NULL,0,NULL,0,0,'active'),(818,11,46,1,'Giá hơi cao so với chất lượng','2024-11-28 07:05:53','2024-11-28 07:05:53',0,NULL,0,NULL,0,0,'active'),(819,32,46,2,'Sản phẩm không đáng giá tiền','2024-11-28 07:05:53','2024-11-28 07:05:53',0,NULL,0,NULL,0,0,'active'),(820,50,46,1,'Pin tụt nhanh, không như mong đợi','2024-11-28 07:05:53','2024-11-28 07:05:53',0,NULL,0,NULL,0,0,'active'),(821,70,46,1,'Pin tụt nhanh, không như mong đợi','2024-11-28 07:05:53','2024-11-28 07:05:53',0,NULL,0,NULL,0,0,'active'),(822,78,46,2,'Máy hay bị lag, không mượt','2024-11-28 07:05:53','2024-11-28 07:05:53',0,NULL,0,NULL,0,0,'active'),(823,1,47,2,'Máy hay bị lag, không mượt','2024-11-28 07:05:53','2024-11-28 07:05:53',0,NULL,0,NULL,0,0,'active'),(824,19,47,2,'Giá hơi cao so với chất lượng','2024-11-28 07:05:53','2024-11-28 07:05:53',0,NULL,0,NULL,0,0,'active'),(825,33,47,2,'Pin tụt nhanh, không như mong đợi','2024-11-28 07:05:53','2024-11-28 07:05:53',0,NULL,0,NULL,0,0,'active'),(826,52,47,2,'Giá hơi cao so với chất lượng','2024-11-28 07:05:53','2024-11-28 07:05:53',0,NULL,0,NULL,0,0,'active'),(827,65,47,2,'Giá hơi cao so với chất lượng','2024-11-28 07:05:53','2024-11-28 07:05:53',0,NULL,0,NULL,0,0,'active'),(828,7,48,2,'Pin tụt nhanh, không như mong đợi','2024-11-28 07:05:53','2024-11-28 07:05:53',0,NULL,0,NULL,0,0,'active'),(829,33,49,1,'Camera chụp không đẹp như quảng cáo','2024-11-28 07:05:53','2024-11-28 07:05:53',0,NULL,0,NULL,0,0,'active'),(843,1,49,4,'Shop tư vấn nhiệt tình','2024-11-28 07:10:36','2024-11-28 07:10:36',0,NULL,0,NULL,0,0,'active'),(844,1,47,5,'Mình rất hài lòng với sản phẩm','2024-11-28 07:10:36','2024-11-28 07:10:36',0,NULL,0,NULL,0,0,'active'),(845,1,38,3,'Sản phẩm rất tốt, đáng tiền','2024-11-28 07:10:36','2024-11-28 07:10:36',0,NULL,0,NULL,0,0,'active'),(846,1,36,5,'Chất lượng sản phẩm tuyệt vời','2024-11-28 07:10:36','2024-11-28 07:10:36',0,NULL,0,NULL,0,0,'active'),(847,2,52,5,'Shop tư vấn nhiệt tình','2024-11-28 07:10:36','2024-11-28 07:10:36',0,NULL,0,NULL,0,0,'active'),(848,2,50,4,'Mình rất hài lòng với sản phẩm','2024-11-28 07:10:36','2024-11-28 07:10:36',0,NULL,0,NULL,0,0,'active'),(849,3,55,5,'Mình rất hài lòng với sản phẩm','2024-11-28 07:10:36','2024-11-28 07:10:36',0,NULL,0,NULL,0,0,'active'),(850,3,52,5,'Sản phẩm rất tốt, đáng tiền','2024-11-28 07:10:36','2024-11-28 07:10:36',0,NULL,0,NULL,0,0,'active'),(851,3,32,3,'Cấu hình mạnh mẽ, chạy mượt','2024-11-28 07:10:36','2024-11-28 07:10:36',0,NULL,0,NULL,0,0,'active'),(852,3,28,4,'Rất hài lòng, sẽ ủng hộ tiếp','2024-11-28 07:10:36','2024-11-28 07:10:36',0,NULL,0,NULL,0,0,'active'),(853,3,27,5,'Đóng gói cẩn thận, hàng chính hãng','2024-11-28 07:10:36','2024-11-28 07:10:36',0,NULL,0,NULL,0,0,'active'),(854,4,45,3,'Rất hài lòng, sẽ ủng hộ tiếp','2024-11-28 07:10:36','2024-11-28 07:10:36',0,NULL,0,NULL,0,0,'active'),(855,4,32,4,'Mình rất hài lòng với sản phẩm','2024-11-28 07:10:36','2024-11-28 07:10:36',0,NULL,0,NULL,0,0,'active'),(856,5,44,5,'Cấu hình mạnh mẽ, chạy mượt','2024-11-28 07:10:36','2024-11-28 07:10:36',0,NULL,0,NULL,0,0,'active'),(857,5,41,5,'Rất hài lòng, sẽ ủng hộ tiếp','2024-11-28 07:10:36','2024-11-28 07:10:36',0,NULL,0,NULL,0,0,'active'),(858,5,35,3,'Mình rất hài lòng với sản phẩm','2024-11-28 07:10:36','2024-11-28 07:10:36',0,NULL,0,NULL,0,0,'active'),(859,5,32,4,'Cấu hình mạnh mẽ, chạy mượt','2024-11-28 07:10:36','2024-11-28 07:10:36',0,NULL,0,NULL,0,0,'active'),(860,5,30,4,'Sản phẩm rất tốt, đáng tiền','2024-11-28 07:10:36','2024-11-28 07:10:36',0,NULL,0,NULL,0,0,'active'),(861,5,26,5,'Chất lượng sản phẩm tuyệt vời','2024-11-28 07:10:36','2024-11-28 07:10:36',0,NULL,0,NULL,0,0,'active'),(862,6,46,3,'Chất lượng sản phẩm tuyệt vời','2024-11-28 07:10:36','2024-11-28 07:10:36',0,NULL,0,NULL,0,0,'active'),(863,6,45,3,'Giá cả hợp lý, sẽ ủng hộ shop','2024-11-28 07:10:36','2024-11-28 07:10:36',0,NULL,0,NULL,0,0,'active'),(864,6,43,4,'Chất lượng sản phẩm tuyệt vời','2024-11-28 07:10:36','2024-11-28 07:10:36',0,NULL,0,NULL,0,0,'active'),(865,6,42,3,'Giá cả hợp lý, sẽ ủng hộ shop','2024-11-28 07:10:36','2024-11-28 07:10:36',0,NULL,0,NULL,0,0,'active'),(866,6,36,3,'Đóng gói cẩn thận, hàng chính hãng','2024-11-28 07:10:36','2024-11-28 07:10:36',0,NULL,0,NULL,0,0,'active'),(867,7,47,3,'Mình rất hài lòng với sản phẩm','2024-11-28 07:10:36','2024-11-28 07:10:36',0,NULL,0,NULL,0,0,'active'),(868,7,39,5,'Sản phẩm dùng rất ổn định','2024-11-28 07:10:36','2024-11-28 07:10:36',0,NULL,0,NULL,0,0,'active'),(869,7,36,5,'Chất lượng sản phẩm tuyệt vời','2024-11-28 07:10:36','2024-11-28 07:10:36',0,NULL,0,NULL,0,0,'active'),(870,7,31,4,'Sản phẩm dùng rất ổn định','2024-11-28 07:10:36','2024-11-28 07:10:36',0,NULL,0,NULL,0,0,'active'),(871,7,27,5,'Sản phẩm dùng rất ổn định','2024-11-28 07:10:36','2024-11-28 07:10:36',0,NULL,0,NULL,0,0,'active'),(872,8,40,3,'Đóng gói cẩn thận, hàng chính hãng','2024-11-28 07:10:36','2024-11-28 07:10:36',0,NULL,0,NULL,0,0,'active'),(873,8,34,4,'Thiết kế đẹp, hoàn thiện tốt','2024-11-28 07:10:36','2024-11-28 07:10:36',0,NULL,0,NULL,0,0,'active'),(874,8,28,5,'Chất lượng sản phẩm tuyệt vời','2024-11-28 07:10:36','2024-11-28 07:10:36',0,NULL,0,NULL,0,0,'active'),(875,8,27,4,'Shop tư vấn nhiệt tình','2024-11-28 07:10:36','2024-11-28 07:10:36',0,NULL,0,NULL,0,0,'active'),(876,9,33,3,'Cấu hình mạnh mẽ, chạy mượt','2024-11-28 07:10:36','2024-11-28 07:10:36',0,NULL,0,NULL,0,0,'active'),(877,10,54,4,'Giá cả hợp lý, sẽ ủng hộ shop','2024-11-28 07:10:36','2024-11-28 07:10:36',0,NULL,0,NULL,0,0,'active'),(878,10,37,5,'Giá cả hợp lý, sẽ ủng hộ shop','2024-11-28 07:10:36','2024-11-28 07:10:36',0,NULL,0,NULL,0,0,'active'),(879,11,49,4,'Shop tư vấn nhiệt tình','2024-11-28 07:10:36','2024-11-28 07:10:36',0,NULL,0,NULL,0,0,'active'),(880,11,46,3,'Mình rất hài lòng với sản phẩm','2024-11-28 07:10:36','2024-11-28 07:10:36',0,NULL,0,NULL,0,0,'active'),(881,11,45,4,'Giá cả hợp lý, sẽ ủng hộ shop','2024-11-28 07:10:36','2024-11-28 07:10:36',0,NULL,0,NULL,0,0,'active'),(882,11,37,4,'Đóng gói cẩn thận, hàng chính hãng','2024-11-28 07:10:36','2024-11-28 07:10:36',0,NULL,0,NULL,0,0,'active'),(883,11,27,3,'Mình rất hài lòng với sản phẩm','2024-11-28 07:10:36','2024-11-28 07:10:36',0,NULL,0,NULL,0,0,'active'),(884,12,32,4,'Sản phẩm rất tốt, đáng tiền','2024-11-28 07:10:36','2024-11-28 07:10:36',0,NULL,0,NULL,0,0,'active'),(885,12,31,5,'Mình rất hài lòng với sản phẩm','2024-11-28 07:10:36','2024-11-28 07:10:36',0,NULL,0,NULL,0,0,'active'),(886,13,41,5,'Rất hài lòng, sẽ ủng hộ tiếp','2024-11-28 07:10:36','2024-11-28 07:10:36',0,NULL,0,NULL,0,0,'active'),(887,13,40,3,'Sản phẩm rất tốt, đáng tiền','2024-11-28 07:10:36','2024-11-28 07:10:36',0,NULL,0,NULL,0,0,'active'),(888,14,38,3,'Thiết kế đẹp, hoàn thiện tốt','2024-11-28 07:10:36','2024-11-28 07:10:36',0,NULL,0,NULL,0,0,'active'),(889,14,32,5,'Chất lượng sản phẩm tuyệt vời','2024-11-28 07:10:36','2024-11-28 07:10:36',0,NULL,0,NULL,0,0,'active'),(890,14,27,5,'Giá cả hợp lý, sẽ ủng hộ shop','2024-11-28 07:10:36','2024-11-28 07:10:36',0,NULL,0,NULL,0,0,'active'),(891,15,48,5,'Cấu hình mạnh mẽ, chạy mượt','2024-11-28 07:10:36','2024-11-28 07:10:36',0,NULL,0,NULL,0,0,'active'),(892,15,46,5,'Sản phẩm rất tốt, đáng tiền','2024-11-28 07:10:36','2024-11-28 07:10:36',0,NULL,0,NULL,0,0,'active'),(893,15,28,5,'Sản phẩm dùng rất ổn định','2024-11-28 07:10:36','2024-11-28 07:10:36',0,NULL,0,NULL,0,0,'active'),(894,16,46,3,'Đóng gói cẩn thận, hàng chính hãng','2024-11-28 07:10:36','2024-11-28 07:10:36',0,NULL,0,NULL,0,0,'active'),(895,16,39,4,'Sản phẩm rất tốt, đáng tiền','2024-11-28 07:10:36','2024-11-28 07:10:36',0,NULL,0,NULL,0,0,'active'),(896,16,33,3,'Mình rất hài lòng với sản phẩm','2024-11-28 07:10:36','2024-11-28 07:10:36',0,NULL,0,NULL,0,0,'active'),(897,16,28,5,'Đóng gói cẩn thận, hàng chính hãng','2024-11-28 07:10:36','2024-11-28 07:10:36',0,NULL,0,NULL,0,0,'active'),(898,18,40,4,'Chất lượng sản phẩm tuyệt vời','2024-11-28 07:10:36','2024-11-28 07:10:36',0,NULL,0,NULL,0,0,'active'),(899,19,52,5,'Mình rất hài lòng với sản phẩm','2024-11-28 07:10:36','2024-11-28 07:10:36',0,NULL,0,NULL,0,0,'active'),(900,19,43,5,'Chất lượng sản phẩm tuyệt vời','2024-11-28 07:10:36','2024-11-28 07:10:36',0,NULL,0,NULL,0,0,'active'),(901,19,35,3,'Sản phẩm rất tốt, đáng tiền','2024-11-28 07:10:36','2024-11-28 07:10:36',0,NULL,0,NULL,0,0,'active'),(902,19,30,3,'Thiết kế đẹp, hoàn thiện tốt','2024-11-28 07:10:36','2024-11-28 07:10:36',0,NULL,0,NULL,0,0,'active'),(903,19,27,4,'Shop tư vấn nhiệt tình','2024-11-28 07:10:36','2024-11-28 07:10:36',0,NULL,0,NULL,0,0,'active'),(904,20,49,4,'Giá cả hợp lý, sẽ ủng hộ shop','2024-11-28 07:10:36','2024-11-28 07:10:36',0,NULL,0,NULL,0,0,'active'),(905,21,56,5,'Mình rất hài lòng với sản phẩm','2024-11-28 07:10:36','2024-11-28 07:10:36',0,NULL,0,NULL,0,0,'active'),(906,21,53,3,'Đóng gói cẩn thận, hàng chính hãng','2024-11-28 07:10:36','2024-11-28 07:10:36',0,NULL,0,NULL,0,0,'active'),(907,21,40,5,'Mình rất hài lòng với sản phẩm','2024-11-28 07:10:36','2024-11-28 07:10:36',0,NULL,0,NULL,0,0,'active'),(908,21,39,3,'Sản phẩm dùng rất ổn định','2024-11-28 07:10:36','2024-11-28 07:10:36',0,NULL,0,NULL,0,0,'active'),(909,21,35,5,'Chất lượng sản phẩm tuyệt vời','2024-11-28 07:10:36','2024-11-28 07:10:36',0,NULL,0,NULL,0,0,'active'),(910,21,31,4,'Sản phẩm rất tốt, đáng tiền','2024-11-28 07:10:36','2024-11-28 07:10:36',0,NULL,0,NULL,0,0,'active'),(911,22,45,5,'Cấu hình mạnh mẽ, chạy mượt','2024-11-28 07:10:36','2024-11-28 07:10:36',0,NULL,0,NULL,0,0,'active'),(912,22,43,5,'Đóng gói cẩn thận, hàng chính hãng','2024-11-28 07:10:36','2024-11-28 07:10:36',0,NULL,0,NULL,0,0,'active'),(913,22,42,5,'Rất hài lòng, sẽ ủng hộ tiếp','2024-11-28 07:10:36','2024-11-28 07:10:36',0,NULL,0,NULL,0,0,'active'),(914,23,51,3,'Chất lượng sản phẩm tuyệt vời','2024-11-28 07:10:36','2024-11-28 07:10:36',0,NULL,0,NULL,0,0,'active'),(915,23,50,5,'Chất lượng sản phẩm tuyệt vời','2024-11-28 07:10:36','2024-11-28 07:10:36',0,NULL,0,NULL,0,0,'active'),(916,23,48,3,'Rất hài lòng, sẽ ủng hộ tiếp','2024-11-28 07:10:36','2024-11-28 07:10:36',0,NULL,0,NULL,0,0,'active'),(917,23,30,5,'Shop tư vấn nhiệt tình','2024-11-28 07:10:36','2024-11-28 07:10:36',0,NULL,0,NULL,0,0,'active'),(918,17,54,4,'Sản phẩm dùng rất ổn định','2024-11-28 07:10:36','2024-11-28 07:10:36',0,NULL,0,NULL,0,0,'active'),(919,24,38,3,'Sản phẩm rất tốt, đáng tiền','2024-11-28 07:10:36','2024-11-28 07:10:36',0,NULL,0,NULL,0,0,'active'),(920,24,30,5,'Sản phẩm rất tốt, đáng tiền','2024-11-28 07:10:36','2024-11-28 07:10:36',0,NULL,0,NULL,0,0,'active'),(921,25,50,3,'Sản phẩm rất tốt, đáng tiền','2024-11-28 07:10:36','2024-11-28 07:10:36',0,NULL,0,NULL,0,0,'active'),(922,25,28,3,'Cấu hình mạnh mẽ, chạy mượt','2024-11-28 07:10:36','2024-11-28 07:10:36',0,NULL,0,NULL,0,0,'active'),(923,26,50,3,'Cấu hình mạnh mẽ, chạy mượt','2024-11-28 07:10:36','2024-11-28 07:10:36',0,NULL,0,NULL,0,0,'active'),(924,26,49,4,'Chất lượng sản phẩm tuyệt vời','2024-11-28 07:10:36','2024-11-28 07:10:36',0,NULL,0,NULL,0,0,'active'),(925,26,35,4,'Sản phẩm dùng rất ổn định','2024-11-28 07:10:36','2024-11-28 07:10:36',0,NULL,0,NULL,0,0,'active'),(926,26,27,5,'Giá cả hợp lý, sẽ ủng hộ shop','2024-11-28 07:10:36','2024-11-28 07:10:36',0,NULL,0,NULL,0,0,'active'),(927,27,35,3,'Sản phẩm rất tốt, đáng tiền','2024-11-28 07:10:36','2024-11-28 07:10:36',0,NULL,0,NULL,0,0,'active'),(928,28,48,4,'Sản phẩm dùng rất ổn định','2024-11-28 07:10:36','2024-11-28 07:10:36',0,NULL,0,NULL,0,0,'active'),(929,28,44,4,'Shop tư vấn nhiệt tình','2024-11-28 07:10:36','2024-11-28 07:10:36',0,NULL,0,NULL,0,0,'active'),(930,28,41,4,'Thiết kế đẹp, hoàn thiện tốt','2024-11-28 07:10:36','2024-11-28 07:10:36',0,NULL,0,NULL,0,0,'active'),(931,28,32,4,'Sản phẩm dùng rất ổn định','2024-11-28 07:10:36','2024-11-28 07:10:36',0,NULL,0,NULL,0,0,'active'),(932,29,39,5,'Cấu hình mạnh mẽ, chạy mượt','2024-11-28 07:10:36','2024-11-28 07:10:36',0,NULL,0,NULL,0,0,'active'),(933,30,53,3,'Mình rất hài lòng với sản phẩm','2024-11-28 07:10:36','2024-11-28 07:10:36',0,NULL,0,NULL,0,0,'active'),(934,30,50,5,'Cấu hình mạnh mẽ, chạy mượt','2024-11-28 07:10:36','2024-11-28 07:10:36',0,NULL,0,NULL,0,0,'active'),(935,30,39,3,'Chất lượng sản phẩm tuyệt vời','2024-11-28 07:10:36','2024-11-28 07:10:36',0,NULL,0,NULL,0,0,'active'),(936,30,38,3,'Mình rất hài lòng với sản phẩm','2024-11-28 07:10:36','2024-11-28 07:10:36',0,NULL,0,NULL,0,0,'active'),(937,30,28,3,'Giá cả hợp lý, sẽ ủng hộ shop','2024-11-28 07:10:36','2024-11-28 07:10:36',0,NULL,0,NULL,0,0,'active'),(938,31,56,5,'Shop tư vấn nhiệt tình','2024-11-28 07:10:36','2024-11-28 07:10:36',0,NULL,0,NULL,0,0,'active'),(939,31,51,4,'Giá cả hợp lý, sẽ ủng hộ shop','2024-11-28 07:10:36','2024-11-28 07:10:36',0,NULL,0,NULL,0,0,'active'),(940,32,56,4,'Giá cả hợp lý, sẽ ủng hộ shop','2024-11-28 07:10:36','2024-11-28 07:10:36',0,NULL,0,NULL,0,0,'active'),(941,32,49,4,'Cấu hình mạnh mẽ, chạy mượt','2024-11-28 07:10:36','2024-11-28 07:10:36',0,NULL,0,NULL,0,0,'active'),(942,32,26,4,'Mình rất hài lòng với sản phẩm','2024-11-28 07:10:36','2024-11-28 07:10:36',0,NULL,0,NULL,0,0,'active'),(943,33,36,4,'Thiết kế đẹp, hoàn thiện tốt','2024-11-28 07:10:36','2024-11-28 07:10:36',0,NULL,0,NULL,0,0,'active'),(944,33,34,4,'Shop tư vấn nhiệt tình','2024-11-28 07:10:36','2024-11-28 07:10:36',0,NULL,0,NULL,0,0,'active'),(945,34,28,3,'Sản phẩm rất tốt, đáng tiền','2024-11-28 07:10:36','2024-11-28 07:10:36',0,NULL,0,NULL,0,0,'active'),(946,35,42,4,'Sản phẩm rất tốt, đáng tiền','2024-11-28 07:10:36','2024-11-28 07:10:36',0,NULL,0,NULL,0,0,'active'),(947,35,40,3,'Cấu hình mạnh mẽ, chạy mượt','2024-11-28 07:10:36','2024-11-28 07:10:36',0,NULL,0,NULL,0,0,'active'),(948,36,42,5,'Mình rất hài lòng với sản phẩm','2024-11-28 07:10:36','2024-11-28 07:10:36',0,NULL,0,NULL,0,0,'active'),(949,36,41,3,'Chất lượng sản phẩm tuyệt vời','2024-11-28 07:10:36','2024-11-28 07:10:36',0,NULL,0,NULL,0,0,'active'),(950,36,40,4,'Mình rất hài lòng với sản phẩm','2024-11-28 07:10:36','2024-11-28 07:10:36',0,NULL,0,NULL,0,0,'active'),(951,36,27,3,'Chất lượng sản phẩm tuyệt vời','2024-11-28 07:10:36','2024-11-28 07:10:36',0,NULL,0,NULL,0,0,'active'),(952,37,40,3,'Giá cả hợp lý, sẽ ủng hộ shop','2024-11-28 07:10:36','2024-11-28 07:10:36',0,NULL,0,NULL,0,0,'active'),(953,37,33,3,'Chất lượng sản phẩm tuyệt vời','2024-11-28 07:10:36','2024-11-28 07:10:36',0,NULL,0,NULL,0,0,'active'),(954,37,30,4,'Cấu hình mạnh mẽ, chạy mượt','2024-11-28 07:10:36','2024-11-28 07:10:36',0,NULL,0,NULL,0,0,'active'),(955,37,26,5,'Cấu hình mạnh mẽ, chạy mượt','2024-11-28 07:10:36','2024-11-28 07:10:36',0,NULL,0,NULL,0,0,'active'),(956,38,30,4,'Sản phẩm rất tốt, đáng tiền','2024-11-28 07:10:36','2024-11-28 07:10:36',0,NULL,0,NULL,0,0,'active'),(957,39,56,3,'Chất lượng sản phẩm tuyệt vời','2024-11-28 07:10:36','2024-11-28 07:10:36',0,NULL,0,NULL,0,0,'active'),(958,39,45,4,'Cấu hình mạnh mẽ, chạy mượt','2024-11-28 07:10:36','2024-11-28 07:10:36',0,NULL,0,NULL,0,0,'active'),(959,39,34,5,'Cấu hình mạnh mẽ, chạy mượt','2024-11-28 07:10:36','2024-11-28 07:10:36',0,NULL,0,NULL,0,0,'active'),(960,40,54,5,'Rất hài lòng, sẽ ủng hộ tiếp','2024-11-28 07:10:36','2024-11-28 07:10:36',0,NULL,0,NULL,0,0,'active'),(961,40,53,3,'Cấu hình mạnh mẽ, chạy mượt','2024-11-28 07:10:36','2024-11-28 07:10:36',0,NULL,0,NULL,0,0,'active'),(962,41,49,3,'Rất hài lòng, sẽ ủng hộ tiếp','2024-11-28 07:10:36','2024-11-28 07:10:36',0,NULL,0,NULL,0,0,'active'),(963,41,45,3,'Mình rất hài lòng với sản phẩm','2024-11-28 07:10:36','2024-11-28 07:10:36',0,NULL,0,NULL,0,0,'active'),(964,41,28,3,'Rất hài lòng, sẽ ủng hộ tiếp','2024-11-28 07:10:36','2024-11-28 07:10:36',0,NULL,0,NULL,0,0,'active'),(965,42,52,3,'Giá cả hợp lý, sẽ ủng hộ shop','2024-11-28 07:10:36','2024-11-28 07:10:36',0,NULL,0,NULL,0,0,'active'),(966,42,50,4,'Sản phẩm dùng rất ổn định','2024-11-28 07:10:36','2024-11-28 07:10:36',0,NULL,0,NULL,0,0,'active'),(967,42,43,4,'Chất lượng sản phẩm tuyệt vời','2024-11-28 07:10:36','2024-11-28 07:10:36',0,NULL,0,NULL,0,0,'active'),(968,42,42,5,'Đóng gói cẩn thận, hàng chính hãng','2024-11-28 07:10:36','2024-11-28 07:10:36',0,NULL,0,NULL,0,0,'active'),(969,42,35,4,'Cấu hình mạnh mẽ, chạy mượt','2024-11-28 07:10:36','2024-11-28 07:10:36',0,NULL,0,NULL,0,0,'active'),(970,43,37,5,'Thiết kế đẹp, hoàn thiện tốt','2024-11-28 07:10:36','2024-11-28 07:10:36',0,NULL,0,NULL,0,0,'active'),(971,44,30,5,'Sản phẩm dùng rất ổn định','2024-11-28 07:10:36','2024-11-28 07:10:36',0,NULL,0,NULL,0,0,'active'),(972,45,43,4,'Rất hài lòng, sẽ ủng hộ tiếp','2024-11-28 07:10:36','2024-11-28 07:10:36',0,NULL,0,NULL,0,0,'active'),(973,45,41,5,'Chất lượng sản phẩm tuyệt vời','2024-11-28 07:10:36','2024-11-28 07:10:36',0,NULL,0,NULL,0,0,'active'),(974,47,54,5,'Cấu hình mạnh mẽ, chạy mượt','2024-11-28 07:10:36','2024-11-28 07:10:36',0,NULL,0,NULL,0,0,'active'),(975,47,50,3,'Shop tư vấn nhiệt tình','2024-11-28 07:10:36','2024-11-28 07:10:36',0,NULL,0,NULL,0,0,'active'),(976,47,43,4,'Sản phẩm rất tốt, đáng tiền','2024-11-28 07:10:36','2024-11-28 07:10:36',0,NULL,0,NULL,0,0,'active'),(977,47,42,3,'Đóng gói cẩn thận, hàng chính hãng','2024-11-28 07:10:36','2024-11-28 07:10:36',0,NULL,0,NULL,0,0,'active'),(978,47,40,4,'Đóng gói cẩn thận, hàng chính hãng','2024-11-28 07:10:36','2024-11-28 07:10:36',0,NULL,0,NULL,0,0,'active'),(979,47,35,5,'Sản phẩm rất tốt, đáng tiền','2024-11-28 07:10:36','2024-11-28 07:10:36',0,NULL,0,NULL,0,0,'active'),(980,48,54,3,'Sản phẩm dùng rất ổn định','2024-11-28 07:10:36','2024-11-28 07:10:36',0,NULL,0,NULL,0,0,'active'),(981,48,53,3,'Rất hài lòng, sẽ ủng hộ tiếp','2024-11-28 07:10:36','2024-11-28 07:10:36',0,NULL,0,NULL,0,0,'active'),(982,48,51,5,'Mình rất hài lòng với sản phẩm','2024-11-28 07:10:36','2024-11-28 07:10:36',0,NULL,0,NULL,0,0,'active'),(983,49,52,3,'Rất hài lòng, sẽ ủng hộ tiếp','2024-11-28 07:10:36','2024-11-28 07:10:36',0,NULL,0,NULL,0,0,'active'),(984,50,49,5,'Chất lượng sản phẩm tuyệt vời','2024-11-28 07:10:36','2024-11-28 07:10:36',0,NULL,0,NULL,0,0,'active'),(985,50,46,4,'Thiết kế đẹp, hoàn thiện tốt','2024-11-28 07:10:36','2024-11-28 07:10:36',0,NULL,0,NULL,0,0,'active'),(986,50,32,5,'Shop tư vấn nhiệt tình','2024-11-28 07:10:36','2024-11-28 07:10:36',0,NULL,0,NULL,0,0,'active'),(987,50,30,4,'Đóng gói cẩn thận, hàng chính hãng','2024-11-28 07:10:36','2024-11-28 07:10:36',0,NULL,0,NULL,0,0,'active'),(988,51,55,3,'Shop tư vấn nhiệt tình','2024-11-28 07:10:36','2024-11-28 07:10:36',0,NULL,0,NULL,0,0,'active'),(989,51,49,3,'Cấu hình mạnh mẽ, chạy mượt','2024-11-28 07:10:36','2024-11-28 07:10:36',0,NULL,0,NULL,0,0,'active'),(990,51,46,4,'Đóng gói cẩn thận, hàng chính hãng','2024-11-28 07:10:36','2024-11-28 07:10:36',0,NULL,0,NULL,0,0,'active'),(991,52,48,4,'Đóng gói cẩn thận, hàng chính hãng','2024-11-28 07:10:36','2024-11-28 07:10:36',0,NULL,0,NULL,0,0,'active'),(992,52,47,3,'Rất hài lòng, sẽ ủng hộ tiếp','2024-11-28 07:10:36','2024-11-28 07:10:36',0,NULL,0,NULL,0,0,'active'),(993,52,36,3,'Chất lượng sản phẩm tuyệt vời','2024-11-28 07:10:36','2024-11-28 07:10:36',0,NULL,0,NULL,0,0,'active'),(994,52,30,4,'Đóng gói cẩn thận, hàng chính hãng','2024-11-28 07:10:36','2024-11-28 07:10:36',0,NULL,0,NULL,0,0,'active'),(995,53,54,4,'Đóng gói cẩn thận, hàng chính hãng','2024-11-28 07:10:36','2024-11-28 07:10:36',0,NULL,0,NULL,0,0,'active'),(996,53,52,5,'Thiết kế đẹp, hoàn thiện tốt','2024-11-28 07:10:36','2024-11-28 07:10:36',0,NULL,0,NULL,0,0,'active'),(997,53,45,5,'Chất lượng sản phẩm tuyệt vời','2024-11-28 07:10:36','2024-11-28 07:10:36',0,NULL,0,NULL,0,0,'active'),(998,53,37,3,'Rất hài lòng, sẽ ủng hộ tiếp','2024-11-28 07:10:36','2024-11-28 07:10:36',0,NULL,0,NULL,0,0,'active'),(999,53,26,3,'Sản phẩm rất tốt, đáng tiền','2024-11-28 07:10:36','2024-11-28 07:10:36',0,NULL,0,NULL,0,0,'active'),(1000,54,48,3,'Mình rất hài lòng với sản phẩm','2024-11-28 07:10:36','2024-11-28 07:10:36',0,NULL,0,NULL,0,0,'active'),(1001,55,54,3,'Đóng gói cẩn thận, hàng chính hãng','2024-11-28 07:10:36','2024-11-28 07:10:36',0,NULL,0,NULL,0,0,'active'),(1002,55,26,4,'Shop tư vấn nhiệt tình','2024-11-28 07:10:36','2024-11-28 07:10:36',0,NULL,0,NULL,0,0,'active'),(1003,57,55,3,'Sản phẩm dùng rất ổn định','2024-11-28 07:10:36','2024-11-28 07:10:36',0,NULL,0,NULL,0,0,'active'),(1004,57,48,4,'Đóng gói cẩn thận, hàng chính hãng','2024-11-28 07:10:36','2024-11-28 07:10:36',0,NULL,0,NULL,0,0,'active'),(1005,59,49,4,'Cấu hình mạnh mẽ, chạy mượt','2024-11-28 07:10:36','2024-11-28 07:10:36',0,NULL,0,NULL,0,0,'active'),(1006,59,44,5,'Sản phẩm rất tốt, đáng tiền','2024-11-28 07:10:36','2024-11-28 07:10:36',0,NULL,0,NULL,0,0,'active'),(1007,59,42,3,'Sản phẩm rất tốt, đáng tiền','2024-11-28 07:10:36','2024-11-28 07:10:36',0,NULL,0,NULL,0,0,'active'),(1008,69,50,4,'Sản phẩm dùng rất ổn định','2024-11-28 07:10:36','2024-11-28 07:10:36',0,NULL,0,NULL,0,0,'active'),(1009,69,43,5,'Rất hài lòng, sẽ ủng hộ tiếp','2024-11-28 07:10:36','2024-11-28 07:10:36',0,NULL,0,NULL,0,0,'active'),(1010,69,39,4,'Giá cả hợp lý, sẽ ủng hộ shop','2024-11-28 07:10:36','2024-11-28 07:10:36',0,NULL,0,NULL,0,0,'active'),(1011,69,36,5,'Đóng gói cẩn thận, hàng chính hãng','2024-11-28 07:10:36','2024-11-28 07:10:36',0,NULL,0,NULL,0,0,'active'),(1012,58,55,3,'Chất lượng sản phẩm tuyệt vời','2024-11-28 07:10:36','2024-11-28 07:10:36',0,NULL,0,NULL,0,0,'active'),(1013,58,51,4,'Chất lượng sản phẩm tuyệt vời','2024-11-28 07:10:36','2024-11-28 07:10:36',0,NULL,0,NULL,0,0,'active'),(1014,58,49,5,'Thiết kế đẹp, hoàn thiện tốt','2024-11-28 07:10:36','2024-11-28 07:10:36',0,NULL,0,NULL,0,0,'active'),(1015,58,31,5,'Shop tư vấn nhiệt tình','2024-11-28 07:10:36','2024-11-28 07:10:36',0,NULL,0,NULL,0,0,'active'),(1016,61,56,3,'Shop tư vấn nhiệt tình','2024-11-28 07:10:36','2024-11-28 07:10:36',0,NULL,0,NULL,0,0,'active'),(1017,61,41,4,'Giá cả hợp lý, sẽ ủng hộ shop','2024-11-28 07:10:36','2024-11-28 07:10:36',0,NULL,0,NULL,0,0,'active'),(1018,60,37,3,'Sản phẩm dùng rất ổn định','2024-11-28 07:10:36','2024-11-28 07:10:36',0,NULL,0,NULL,0,0,'active'),(1019,62,56,4,'Sản phẩm dùng rất ổn định','2024-11-28 07:10:36','2024-11-28 07:10:36',0,NULL,0,NULL,0,0,'active'),(1020,62,50,4,'Cấu hình mạnh mẽ, chạy mượt','2024-11-28 07:10:36','2024-11-28 07:10:36',0,NULL,0,NULL,0,0,'active'),(1021,62,42,4,'Đóng gói cẩn thận, hàng chính hãng','2024-11-28 07:10:36','2024-11-28 07:10:36',0,NULL,0,NULL,0,0,'active'),(1022,62,37,4,'Giá cả hợp lý, sẽ ủng hộ shop','2024-11-28 07:10:36','2024-11-28 07:10:36',0,NULL,0,NULL,0,0,'active'),(1023,63,33,5,'Shop tư vấn nhiệt tình','2024-11-28 07:10:36','2024-11-28 07:10:36',0,NULL,0,NULL,0,0,'active'),(1024,63,26,5,'Rất hài lòng, sẽ ủng hộ tiếp','2024-11-28 07:10:36','2024-11-28 07:10:36',0,NULL,0,NULL,0,0,'active'),(1025,64,38,3,'Chất lượng sản phẩm tuyệt vời','2024-11-28 07:10:36','2024-11-28 07:10:36',0,NULL,0,NULL,0,0,'active'),(1026,64,26,5,'Chất lượng sản phẩm tuyệt vời','2024-11-28 07:10:36','2024-11-28 07:10:36',0,NULL,0,NULL,0,0,'active'),(1027,65,47,4,'Shop tư vấn nhiệt tình','2024-11-28 07:10:36','2024-11-28 07:10:36',0,NULL,0,NULL,0,0,'active'),(1028,65,38,4,'Đóng gói cẩn thận, hàng chính hãng','2024-11-28 07:10:36','2024-11-28 07:10:36',0,NULL,0,NULL,0,0,'active'),(1029,65,34,4,'Sản phẩm dùng rất ổn định','2024-11-28 07:10:36','2024-11-28 07:10:36',0,NULL,0,NULL,0,0,'active'),(1030,66,40,4,'Sản phẩm rất tốt, đáng tiền','2024-11-28 07:10:36','2024-11-28 07:10:36',0,NULL,0,NULL,0,0,'active'),(1031,66,38,5,'Sản phẩm rất tốt, đáng tiền','2024-11-28 07:10:36','2024-11-28 07:10:36',0,NULL,0,NULL,0,0,'active'),(1032,67,55,4,'Giá cả hợp lý, sẽ ủng hộ shop','2024-11-28 07:10:36','2024-11-28 07:10:36',0,NULL,0,NULL,0,0,'active'),(1033,68,50,3,'Chất lượng sản phẩm tuyệt vời','2024-11-28 07:10:36','2024-11-28 07:10:36',0,NULL,0,NULL,0,0,'active'),(1034,68,30,4,'Cấu hình mạnh mẽ, chạy mượt','2024-11-28 07:10:36','2024-11-28 07:10:36',0,NULL,0,NULL,0,0,'active'),(1035,70,54,5,'Sản phẩm rất tốt, đáng tiền','2024-11-28 07:10:36','2024-11-28 07:10:36',0,NULL,0,NULL,0,0,'active'),(1036,70,47,3,'Sản phẩm rất tốt, đáng tiền','2024-11-28 07:10:36','2024-11-28 07:10:36',0,NULL,0,NULL,0,0,'active'),(1037,70,28,4,'Mình rất hài lòng với sản phẩm','2024-11-28 07:10:36','2024-11-28 07:10:36',0,NULL,0,NULL,0,0,'active'),(1038,71,56,4,'Sản phẩm dùng rất ổn định','2024-11-28 07:10:36','2024-11-28 07:10:36',0,NULL,0,NULL,0,0,'active'),(1039,71,50,5,'Đóng gói cẩn thận, hàng chính hãng','2024-11-28 07:10:36','2024-11-28 07:10:36',0,NULL,0,NULL,0,0,'active'),(1040,71,48,4,'Giá cả hợp lý, sẽ ủng hộ shop','2024-11-28 07:10:36','2024-11-28 07:10:36',0,NULL,0,NULL,0,0,'active'),(1041,71,35,3,'Rất hài lòng, sẽ ủng hộ tiếp','2024-11-28 07:10:36','2024-11-28 07:10:36',0,NULL,0,NULL,0,0,'active'),(1042,72,40,3,'Mình rất hài lòng với sản phẩm','2024-11-28 07:10:36','2024-11-28 07:10:36',0,NULL,0,NULL,0,0,'active'),(1043,72,26,4,'Sản phẩm rất tốt, đáng tiền','2024-11-28 07:10:36','2024-11-28 07:10:36',0,NULL,0,NULL,0,0,'active'),(1044,73,49,3,'Đóng gói cẩn thận, hàng chính hãng','2024-11-28 07:10:36','2024-11-28 07:10:36',0,NULL,0,NULL,0,0,'active'),(1045,73,48,5,'Giá cả hợp lý, sẽ ủng hộ shop','2024-11-28 07:10:36','2024-11-28 07:10:36',0,NULL,0,NULL,0,0,'active'),(1046,73,30,3,'Rất hài lòng, sẽ ủng hộ tiếp','2024-11-28 07:10:36','2024-11-28 07:10:36',0,NULL,0,NULL,0,0,'active'),(1047,74,54,4,'Thiết kế đẹp, hoàn thiện tốt','2024-11-28 07:10:36','2024-11-28 07:10:36',0,NULL,0,NULL,0,0,'active'),(1048,75,50,3,'Rất hài lòng, sẽ ủng hộ tiếp','2024-11-28 07:10:36','2024-11-28 07:10:36',0,NULL,0,NULL,0,0,'active'),(1049,75,47,4,'Sản phẩm rất tốt, đáng tiền','2024-11-28 07:10:36','2024-11-28 07:10:36',0,NULL,0,NULL,0,0,'active'),(1050,75,33,3,'Thiết kế đẹp, hoàn thiện tốt','2024-11-28 07:10:36','2024-11-28 07:10:36',0,NULL,0,NULL,0,0,'active'),(1051,75,28,5,'Thiết kế đẹp, hoàn thiện tốt','2024-11-28 07:10:36','2024-11-28 07:10:36',0,NULL,0,NULL,0,0,'active'),(1052,75,26,4,'Sản phẩm rất tốt, đáng tiền','2024-11-28 07:10:36','2024-11-28 07:10:36',0,NULL,0,NULL,0,0,'active'),(1053,76,40,5,'Đóng gói cẩn thận, hàng chính hãng','2024-11-28 07:10:36','2024-11-28 07:10:36',0,NULL,0,NULL,0,0,'active'),(1054,76,38,4,'Sản phẩm dùng rất ổn định','2024-11-28 07:10:36','2024-11-28 07:10:36',0,NULL,0,NULL,0,0,'active'),(1055,82,56,5,'Mình rất hài lòng với sản phẩm','2024-11-28 07:10:36','2024-11-28 07:10:36',0,NULL,0,NULL,0,0,'active'),(1056,82,34,5,'Rất hài lòng, sẽ ủng hộ tiếp','2024-11-28 07:10:36','2024-11-28 07:10:36',0,NULL,0,NULL,0,0,'active'),(1057,82,26,3,'Cấu hình mạnh mẽ, chạy mượt','2024-11-28 07:10:36','2024-11-28 07:10:36',0,NULL,0,NULL,0,0,'active'),(1058,77,53,5,'Giá cả hợp lý, sẽ ủng hộ shop','2024-11-28 07:10:36','2024-11-28 07:10:36',0,NULL,0,NULL,0,0,'active'),(1059,77,51,4,'Mình rất hài lòng với sản phẩm','2024-11-28 07:10:36','2024-11-28 07:10:36',0,NULL,0,NULL,0,0,'active'),(1060,77,45,4,'Đóng gói cẩn thận, hàng chính hãng','2024-11-28 07:10:36','2024-11-28 07:10:36',0,NULL,0,NULL,0,0,'active'),(1061,77,44,3,'Thiết kế đẹp, hoàn thiện tốt','2024-11-28 07:10:36','2024-11-28 07:10:36',0,NULL,0,NULL,0,0,'active'),(1062,78,45,4,'Sản phẩm rất tốt, đáng tiền','2024-11-28 07:10:36','2024-11-28 07:10:36',0,NULL,0,NULL,0,0,'active'),(1063,78,32,4,'Sản phẩm dùng rất ổn định','2024-11-28 07:10:36','2024-11-28 07:10:36',0,NULL,0,NULL,0,0,'active'),(1064,78,26,4,'Cấu hình mạnh mẽ, chạy mượt','2024-11-28 07:10:36','2024-11-28 07:10:36',0,NULL,0,NULL,0,0,'active'),(1065,79,56,4,'Sản phẩm rất tốt, đáng tiền','2024-11-28 07:10:36','2024-11-28 07:10:36',0,NULL,0,NULL,0,0,'active'),(1066,79,53,3,'Sản phẩm rất tốt, đáng tiền','2024-11-28 07:10:36','2024-11-28 07:10:36',0,NULL,0,NULL,0,0,'active'),(1067,79,51,4,'Sản phẩm dùng rất ổn định','2024-11-28 07:10:36','2024-11-28 07:10:36',0,NULL,0,NULL,0,0,'active'),(1068,80,56,4,'Giá cả hợp lý, sẽ ủng hộ shop','2024-11-28 07:10:36','2024-11-28 07:10:36',0,NULL,0,NULL,0,0,'active'),(1069,80,44,4,'Rất hài lòng, sẽ ủng hộ tiếp','2024-11-28 07:10:36','2024-11-28 07:10:36',0,NULL,0,NULL,0,0,'active'),(1070,81,52,5,'Sản phẩm rất tốt, đáng tiền','2024-11-28 07:10:36','2024-11-28 07:10:36',0,NULL,0,NULL,0,0,'active'),(1071,81,48,5,'Đóng gói cẩn thận, hàng chính hãng','2024-11-28 07:10:36','2024-11-28 07:10:36',0,NULL,0,NULL,0,0,'active'),(1072,81,36,5,'Đóng gói cẩn thận, hàng chính hãng','2024-11-28 07:10:36','2024-11-28 07:10:36',0,NULL,0,NULL,0,0,'active'),(1073,81,35,3,'Shop tư vấn nhiệt tình','2024-11-28 07:10:36','2024-11-28 07:10:36',0,NULL,0,NULL,0,0,'active'),(1074,81,30,3,'Chất lượng sản phẩm tuyệt vời','2024-11-28 07:10:36','2024-11-28 07:10:36',0,NULL,0,NULL,0,0,'active'),(1075,83,46,5,'Sản phẩm rất tốt, đáng tiền','2024-11-28 07:10:36','2024-11-28 07:10:36',0,NULL,0,NULL,0,0,'active'),(1076,83,42,4,'Mình rất hài lòng với sản phẩm','2024-11-28 07:10:36','2024-11-28 07:10:36',0,NULL,0,NULL,0,0,'active'),(1077,83,40,4,'Thiết kế đẹp, hoàn thiện tốt','2024-11-28 07:10:36','2024-11-28 07:10:36',0,NULL,0,NULL,0,0,'active'),(1078,84,46,5,'Thiết kế đẹp, hoàn thiện tốt','2024-11-28 07:10:36','2024-11-28 07:10:36',0,NULL,0,NULL,0,0,'active'),(1079,7,26,3,'Sản phẩm dùng rất ổn định','2024-11-28 07:10:36','2024-11-28 07:10:36',0,NULL,0,NULL,0,0,'active'),(1080,14,26,4,'Sản phẩm rất tốt, đáng tiền','2024-11-28 07:10:36','2024-11-28 07:10:36',0,NULL,0,NULL,0,0,'active'),(1081,57,26,4,'Shop tư vấn nhiệt tình','2024-11-28 07:10:36','2024-11-28 07:10:36',0,NULL,0,NULL,0,0,'active'),(1082,57,27,4,'Chất lượng sản phẩm tuyệt vời','2024-11-28 07:10:36','2024-11-28 07:10:36',0,NULL,0,NULL,0,0,'active'),(1083,53,27,5,'Shop tư vấn nhiệt tình','2024-11-28 07:10:36','2024-11-28 07:10:36',0,NULL,0,NULL,0,0,'active'),(1084,64,27,4,'Cấu hình mạnh mẽ, chạy mượt','2024-11-28 07:10:36','2024-11-28 07:10:36',0,NULL,0,NULL,0,0,'active'),(1085,12,28,3,'Thiết kế đẹp, hoàn thiện tốt','2024-11-28 07:10:36','2024-11-28 07:10:36',0,NULL,0,NULL,0,0,'active'),(1086,29,28,3,'Rất hài lòng, sẽ ủng hộ tiếp','2024-11-28 07:10:36','2024-11-28 07:10:36',0,NULL,0,NULL,0,0,'active'),(1087,40,28,3,'Chất lượng sản phẩm tuyệt vời','2024-11-28 07:10:36','2024-11-28 07:10:36',0,NULL,0,NULL,0,0,'active'),(1088,60,28,3,'Mình rất hài lòng với sản phẩm','2024-11-28 07:10:36','2024-11-28 07:10:36',0,NULL,0,NULL,0,0,'active'),(1089,67,28,3,'Chất lượng sản phẩm tuyệt vời','2024-11-28 07:10:36','2024-11-28 07:10:36',0,NULL,0,NULL,0,0,'active'),(1090,11,30,4,'Cấu hình mạnh mẽ, chạy mượt','2024-11-28 07:10:36','2024-11-28 07:10:36',0,NULL,0,NULL,0,0,'active'),(1091,21,30,3,'Sản phẩm dùng rất ổn định','2024-11-28 07:10:36','2024-11-28 07:10:36',0,NULL,0,NULL,0,0,'active'),(1092,42,30,5,'Sản phẩm rất tốt, đáng tiền','2024-11-28 07:10:36','2024-11-28 07:10:36',0,NULL,0,NULL,0,0,'active'),(1093,46,30,3,'Sản phẩm rất tốt, đáng tiền','2024-11-28 07:10:36','2024-11-28 07:10:36',0,NULL,0,NULL,0,0,'active'),(1094,66,30,4,'Cấu hình mạnh mẽ, chạy mượt','2024-11-28 07:10:36','2024-11-28 07:10:36',0,NULL,0,NULL,0,0,'active'),(1095,32,31,4,'Rất hài lòng, sẽ ủng hộ tiếp','2024-11-28 07:10:36','2024-11-28 07:10:36',0,NULL,0,NULL,0,0,'active'),(1096,50,31,4,'Sản phẩm dùng rất ổn định','2024-11-28 07:10:36','2024-11-28 07:10:36',0,NULL,0,NULL,0,0,'active'),(1097,61,31,5,'Sản phẩm dùng rất ổn định','2024-11-28 07:10:36','2024-11-28 07:10:36',0,NULL,0,NULL,0,0,'active'),(1098,54,31,5,'Sản phẩm dùng rất ổn định','2024-11-28 07:10:36','2024-11-28 07:10:36',0,NULL,0,NULL,0,0,'active'),(1099,10,32,3,'Giá cả hợp lý, sẽ ủng hộ shop','2024-11-28 07:10:36','2024-11-28 07:10:36',0,NULL,0,NULL,0,0,'active'),(1100,2,32,3,'Rất hài lòng, sẽ ủng hộ tiếp','2024-11-28 07:10:36','2024-11-28 07:10:36',0,NULL,0,NULL,0,0,'active'),(1101,16,32,3,'Chất lượng sản phẩm tuyệt vời','2024-11-28 07:10:36','2024-11-28 07:10:36',0,NULL,0,NULL,0,0,'active'),(1102,13,32,3,'Sản phẩm rất tốt, đáng tiền','2024-11-28 07:10:36','2024-11-28 07:10:36',0,NULL,0,NULL,0,0,'active'),(1103,19,32,5,'Thiết kế đẹp, hoàn thiện tốt','2024-11-28 07:10:36','2024-11-28 07:10:36',0,NULL,0,NULL,0,0,'active'),(1104,1,32,3,'Thiết kế đẹp, hoàn thiện tốt','2024-11-28 07:10:36','2024-11-28 07:10:36',0,NULL,0,NULL,0,0,'active'),(1105,20,32,4,'Đóng gói cẩn thận, hàng chính hãng','2024-11-28 07:10:36','2024-11-28 07:10:36',0,NULL,0,NULL,0,0,'active'),(1106,17,32,3,'Giá cả hợp lý, sẽ ủng hộ shop','2024-11-28 07:10:36','2024-11-28 07:10:36',0,NULL,0,NULL,0,0,'active'),(1107,24,32,5,'Chất lượng sản phẩm tuyệt vời','2024-11-28 07:10:36','2024-11-28 07:10:36',0,NULL,0,NULL,0,0,'active'),(1108,40,32,3,'Thiết kế đẹp, hoàn thiện tốt','2024-11-28 07:10:36','2024-11-28 07:10:36',0,NULL,0,NULL,0,0,'active'),(1109,42,32,5,'Chất lượng sản phẩm tuyệt vời','2024-11-28 07:10:36','2024-11-28 07:10:36',0,NULL,0,NULL,0,0,'active'),(1110,43,32,3,'Thiết kế đẹp, hoàn thiện tốt','2024-11-28 07:10:36','2024-11-28 07:10:36',0,NULL,0,NULL,0,0,'active'),(1111,44,32,3,'Đóng gói cẩn thận, hàng chính hãng','2024-11-28 07:10:36','2024-11-28 07:10:36',0,NULL,0,NULL,0,0,'active'),(1112,46,32,3,'Thiết kế đẹp, hoàn thiện tốt','2024-11-28 07:10:36','2024-11-28 07:10:36',0,NULL,0,NULL,0,0,'active'),(1113,72,32,3,'Cấu hình mạnh mẽ, chạy mượt','2024-11-28 07:10:36','2024-11-28 07:10:36',0,NULL,0,NULL,0,0,'active'),(1114,73,32,3,'Chất lượng sản phẩm tuyệt vời','2024-11-28 07:10:36','2024-11-28 07:10:36',0,NULL,0,NULL,0,0,'active'),(1115,19,33,5,'Đóng gói cẩn thận, hàng chính hãng','2024-11-28 07:10:36','2024-11-28 07:10:36',0,NULL,0,NULL,0,0,'active'),(1116,11,33,5,'Sản phẩm rất tốt, đáng tiền','2024-11-28 07:10:36','2024-11-28 07:10:36',0,NULL,0,NULL,0,0,'active'),(1117,32,33,4,'Mình rất hài lòng với sản phẩm','2024-11-28 07:10:36','2024-11-28 07:10:36',0,NULL,0,NULL,0,0,'active'),(1118,40,33,3,'Cấu hình mạnh mẽ, chạy mượt','2024-11-28 07:10:36','2024-11-28 07:10:36',0,NULL,0,NULL,0,0,'active'),(1119,42,33,4,'Chất lượng sản phẩm tuyệt vời','2024-11-28 07:10:36','2024-11-28 07:10:36',0,NULL,0,NULL,0,0,'active'),(1120,53,33,4,'Rất hài lòng, sẽ ủng hộ tiếp','2024-11-28 07:10:36','2024-11-28 07:10:36',0,NULL,0,NULL,0,0,'active'),(1121,54,33,5,'Mình rất hài lòng với sản phẩm','2024-11-28 07:10:36','2024-11-28 07:10:36',0,NULL,0,NULL,0,0,'active'),(1122,49,33,4,'Rất hài lòng, sẽ ủng hộ tiếp','2024-11-28 07:10:36','2024-11-28 07:10:36',0,NULL,0,NULL,0,0,'active'),(1123,9,34,3,'Cấu hình mạnh mẽ, chạy mượt','2024-11-28 07:10:36','2024-11-28 07:10:36',0,NULL,0,NULL,0,0,'active'),(1124,15,34,4,'Đóng gói cẩn thận, hàng chính hãng','2024-11-28 07:10:36','2024-11-28 07:10:36',0,NULL,0,NULL,0,0,'active'),(1125,1,34,5,'Mình rất hài lòng với sản phẩm','2024-11-28 07:10:36','2024-11-28 07:10:36',0,NULL,0,NULL,0,0,'active'),(1126,14,34,3,'Mình rất hài lòng với sản phẩm','2024-11-28 07:10:36','2024-11-28 07:10:36',0,NULL,0,NULL,0,0,'active'),(1127,52,34,5,'Shop tư vấn nhiệt tình','2024-11-28 07:10:36','2024-11-28 07:10:36',0,NULL,0,NULL,0,0,'active'),(1128,66,34,3,'Sản phẩm rất tốt, đáng tiền','2024-11-28 07:10:36','2024-11-28 07:10:36',0,NULL,0,NULL,0,0,'active'),(1129,80,34,4,'Shop tư vấn nhiệt tình','2024-11-28 07:10:36','2024-11-28 07:10:36',0,NULL,0,NULL,0,0,'active'),(1130,16,35,4,'Mình rất hài lòng với sản phẩm','2024-11-28 07:10:36','2024-11-28 07:10:36',0,NULL,0,NULL,0,0,'active'),(1131,2,35,4,'Đóng gói cẩn thận, hàng chính hãng','2024-11-28 07:10:36','2024-11-28 07:10:36',0,NULL,0,NULL,0,0,'active'),(1132,1,35,4,'Chất lượng sản phẩm tuyệt vời','2024-11-28 07:10:36','2024-11-28 07:10:36',0,NULL,0,NULL,0,0,'active'),(1133,8,35,4,'Shop tư vấn nhiệt tình','2024-11-28 07:10:36','2024-11-28 07:10:36',0,NULL,0,NULL,0,0,'active'),(1134,54,35,3,'Cấu hình mạnh mẽ, chạy mượt','2024-11-28 07:10:36','2024-11-28 07:10:36',0,NULL,0,NULL,0,0,'active'),(1135,57,35,5,'Shop tư vấn nhiệt tình','2024-11-28 07:10:36','2024-11-28 07:10:36',0,NULL,0,NULL,0,0,'active'),(1136,52,35,5,'Giá cả hợp lý, sẽ ủng hộ shop','2024-11-28 07:10:36','2024-11-28 07:10:36',0,NULL,0,NULL,0,0,'active'),(1137,2,36,4,'Shop tư vấn nhiệt tình','2024-11-28 07:10:36','2024-11-28 07:10:36',0,NULL,0,NULL,0,0,'active'),(1138,15,36,5,'Cấu hình mạnh mẽ, chạy mượt','2024-11-28 07:10:36','2024-11-28 07:10:36',0,NULL,0,NULL,0,0,'active'),(1139,53,36,3,'Đóng gói cẩn thận, hàng chính hãng','2024-11-28 07:10:36','2024-11-28 07:10:36',0,NULL,0,NULL,0,0,'active'),(1140,86,36,5,'Đóng gói cẩn thận, hàng chính hãng','2024-11-28 07:10:36','2024-11-28 07:10:36',0,NULL,0,NULL,0,0,'active'),(1141,6,37,3,'Sản phẩm rất tốt, đáng tiền','2024-11-28 07:10:36','2024-11-28 07:10:36',0,NULL,0,NULL,0,0,'active'),(1142,16,37,3,'Sản phẩm dùng rất ổn định','2024-11-28 07:10:36','2024-11-28 07:10:36',0,NULL,0,NULL,0,0,'active'),(1143,14,37,5,'Thiết kế đẹp, hoàn thiện tốt','2024-11-28 07:10:36','2024-11-28 07:10:36',0,NULL,0,NULL,0,0,'active'),(1144,27,37,4,'Thiết kế đẹp, hoàn thiện tốt','2024-11-28 07:10:36','2024-11-28 07:10:36',0,NULL,0,NULL,0,0,'active'),(1145,50,37,4,'Giá cả hợp lý, sẽ ủng hộ shop','2024-11-28 07:10:36','2024-11-28 07:10:36',0,NULL,0,NULL,0,0,'active'),(1146,40,37,5,'Đóng gói cẩn thận, hàng chính hãng','2024-11-28 07:10:36','2024-11-28 07:10:36',0,NULL,0,NULL,0,0,'active'),(1147,57,37,4,'Thiết kế đẹp, hoàn thiện tốt','2024-11-28 07:10:36','2024-11-28 07:10:36',0,NULL,0,NULL,0,0,'active'),(1148,46,37,4,'Sản phẩm rất tốt, đáng tiền','2024-11-28 07:10:36','2024-11-28 07:10:36',0,NULL,0,NULL,0,0,'active'),(1149,55,37,4,'Đóng gói cẩn thận, hàng chính hãng','2024-11-28 07:10:36','2024-11-28 07:10:36',0,NULL,0,NULL,0,0,'active'),(1150,80,37,3,'Cấu hình mạnh mẽ, chạy mượt','2024-11-28 07:10:36','2024-11-28 07:10:36',0,NULL,0,NULL,0,0,'active'),(1151,2,38,5,'Thiết kế đẹp, hoàn thiện tốt','2024-11-28 07:10:36','2024-11-28 07:10:36',0,NULL,0,NULL,0,0,'active'),(1152,11,38,4,'Đóng gói cẩn thận, hàng chính hãng','2024-11-28 07:10:36','2024-11-28 07:10:36',0,NULL,0,NULL,0,0,'active'),(1153,27,38,5,'Shop tư vấn nhiệt tình','2024-11-28 07:10:36','2024-11-28 07:10:36',0,NULL,0,NULL,0,0,'active'),(1154,40,38,5,'Chất lượng sản phẩm tuyệt vời','2024-11-28 07:10:36','2024-11-28 07:10:36',0,NULL,0,NULL,0,0,'active'),(1155,6,39,5,'Sản phẩm dùng rất ổn định','2024-11-28 07:10:36','2024-11-28 07:10:36',0,NULL,0,NULL,0,0,'active'),(1156,12,39,5,'Đóng gói cẩn thận, hàng chính hãng','2024-11-28 07:10:36','2024-11-28 07:10:36',0,NULL,0,NULL,0,0,'active'),(1157,3,39,5,'Mình rất hài lòng với sản phẩm','2024-11-28 07:10:36','2024-11-28 07:10:36',0,NULL,0,NULL,0,0,'active'),(1158,11,39,4,'Sản phẩm rất tốt, đáng tiền','2024-11-28 07:10:36','2024-11-28 07:10:36',0,NULL,0,NULL,0,0,'active'),(1159,42,39,3,'Đóng gói cẩn thận, hàng chính hãng','2024-11-28 07:10:36','2024-11-28 07:10:36',0,NULL,0,NULL,0,0,'active'),(1160,43,39,5,'Giá cả hợp lý, sẽ ủng hộ shop','2024-11-28 07:10:36','2024-11-28 07:10:36',0,NULL,0,NULL,0,0,'active'),(1161,56,39,3,'Thiết kế đẹp, hoàn thiện tốt','2024-11-28 07:10:36','2024-11-28 07:10:36',0,NULL,0,NULL,0,0,'active'),(1162,60,39,3,'Chất lượng sản phẩm tuyệt vời','2024-11-28 07:10:36','2024-11-28 07:10:36',0,NULL,0,NULL,0,0,'active'),(1163,72,39,3,'Sản phẩm dùng rất ổn định','2024-11-28 07:10:36','2024-11-28 07:10:36',0,NULL,0,NULL,0,0,'active'),(1164,77,39,3,'Rất hài lòng, sẽ ủng hộ tiếp','2024-11-28 07:10:36','2024-11-28 07:10:36',0,NULL,0,NULL,0,0,'active'),(1165,12,40,4,'Đóng gói cẩn thận, hàng chính hãng','2024-11-28 07:10:36','2024-11-28 07:10:36',0,NULL,0,NULL,0,0,'active'),(1166,19,40,3,'Rất hài lòng, sẽ ủng hộ tiếp','2024-11-28 07:10:36','2024-11-28 07:10:36',0,NULL,0,NULL,0,0,'active'),(1167,2,40,5,'Sản phẩm dùng rất ổn định','2024-11-28 07:10:36','2024-11-28 07:10:36',0,NULL,0,NULL,0,0,'active'),(1168,34,40,4,'Sản phẩm dùng rất ổn định','2024-11-28 07:10:36','2024-11-28 07:10:36',0,NULL,0,NULL,0,0,'active'),(1169,31,40,5,'Mình rất hài lòng với sản phẩm','2024-11-28 07:10:36','2024-11-28 07:10:36',0,NULL,0,NULL,0,0,'active'),(1170,43,40,5,'Cấu hình mạnh mẽ, chạy mượt','2024-11-28 07:10:36','2024-11-28 07:10:36',0,NULL,0,NULL,0,0,'active'),(1171,50,40,4,'Cấu hình mạnh mẽ, chạy mượt','2024-11-28 07:10:36','2024-11-28 07:10:36',0,NULL,0,NULL,0,0,'active'),(1172,55,40,4,'Rất hài lòng, sẽ ủng hộ tiếp','2024-11-28 07:10:36','2024-11-28 07:10:36',0,NULL,0,NULL,0,0,'active'),(1173,73,40,5,'Chất lượng sản phẩm tuyệt vời','2024-11-28 07:10:36','2024-11-28 07:10:36',0,NULL,0,NULL,0,0,'active'),(1174,16,41,3,'Giá cả hợp lý, sẽ ủng hộ shop','2024-11-28 07:10:36','2024-11-28 07:10:36',0,NULL,0,NULL,0,0,'active'),(1175,8,41,5,'Sản phẩm dùng rất ổn định','2024-11-28 07:10:36','2024-11-28 07:10:36',0,NULL,0,NULL,0,0,'active'),(1176,9,41,4,'Giá cả hợp lý, sẽ ủng hộ shop','2024-11-28 07:10:36','2024-11-28 07:10:36',0,NULL,0,NULL,0,0,'active'),(1177,6,41,5,'Chất lượng sản phẩm tuyệt vời','2024-11-28 07:10:36','2024-11-28 07:10:36',0,NULL,0,NULL,0,0,'active'),(1178,11,41,4,'Mình rất hài lòng với sản phẩm','2024-11-28 07:10:36','2024-11-28 07:10:36',0,NULL,0,NULL,0,0,'active'),(1179,31,41,4,'Cấu hình mạnh mẽ, chạy mượt','2024-11-28 07:10:36','2024-11-28 07:10:36',0,NULL,0,NULL,0,0,'active'),(1180,32,41,5,'Giá cả hợp lý, sẽ ủng hộ shop','2024-11-28 07:10:36','2024-11-28 07:10:36',0,NULL,0,NULL,0,0,'active'),(1181,47,41,4,'Sản phẩm dùng rất ổn định','2024-11-28 07:10:36','2024-11-28 07:10:36',0,NULL,0,NULL,0,0,'active'),(1182,42,41,5,'Sản phẩm dùng rất ổn định','2024-11-28 07:10:36','2024-11-28 07:10:36',0,NULL,0,NULL,0,0,'active'),(1183,46,41,3,'Rất hài lòng, sẽ ủng hộ tiếp','2024-11-28 07:10:36','2024-11-28 07:10:36',0,NULL,0,NULL,0,0,'active'),(1184,55,41,3,'Shop tư vấn nhiệt tình','2024-11-28 07:10:36','2024-11-28 07:10:36',0,NULL,0,NULL,0,0,'active'),(1185,5,42,4,'Đóng gói cẩn thận, hàng chính hãng','2024-11-28 07:10:36','2024-11-28 07:10:36',0,NULL,0,NULL,0,0,'active'),(1186,9,42,4,'Sản phẩm rất tốt, đáng tiền','2024-11-28 07:10:36','2024-11-28 07:10:36',0,NULL,0,NULL,0,0,'active'),(1187,16,42,4,'Chất lượng sản phẩm tuyệt vời','2024-11-28 07:10:36','2024-11-28 07:10:36',0,NULL,0,NULL,0,0,'active'),(1188,19,42,5,'Cấu hình mạnh mẽ, chạy mượt','2024-11-28 07:10:36','2024-11-28 07:10:36',0,NULL,0,NULL,0,0,'active'),(1189,39,42,5,'Rất hài lòng, sẽ ủng hộ tiếp','2024-11-28 07:10:36','2024-11-28 07:10:36',0,NULL,0,NULL,0,0,'active'),(1190,40,42,3,'Sản phẩm rất tốt, đáng tiền','2024-11-28 07:10:36','2024-11-28 07:10:36',0,NULL,0,NULL,0,0,'active'),(1191,43,42,5,'Mình rất hài lòng với sản phẩm','2024-11-28 07:10:36','2024-11-28 07:10:36',0,NULL,0,NULL,0,0,'active'),(1192,52,42,3,'Mình rất hài lòng với sản phẩm','2024-11-28 07:10:36','2024-11-28 07:10:36',0,NULL,0,NULL,0,0,'active'),(1193,57,42,4,'Rất hài lòng, sẽ ủng hộ tiếp','2024-11-28 07:10:36','2024-11-28 07:10:36',0,NULL,0,NULL,0,0,'active'),(1194,63,42,5,'Sản phẩm rất tốt, đáng tiền','2024-11-28 07:10:36','2024-11-28 07:10:36',0,NULL,0,NULL,0,0,'active'),(1195,71,42,3,'Rất hài lòng, sẽ ủng hộ tiếp','2024-11-28 07:10:36','2024-11-28 07:10:36',0,NULL,0,NULL,0,0,'active'),(1196,3,43,3,'Sản phẩm rất tốt, đáng tiền','2024-11-28 07:10:36','2024-11-28 07:10:36',0,NULL,0,NULL,0,0,'active'),(1197,12,43,4,'Rất hài lòng, sẽ ủng hộ tiếp','2024-11-28 07:10:36','2024-11-28 07:10:36',0,NULL,0,NULL,0,0,'active'),(1198,9,43,3,'Cấu hình mạnh mẽ, chạy mượt','2024-11-28 07:10:36','2024-11-28 07:10:36',0,NULL,0,NULL,0,0,'active'),(1199,13,43,3,'Sản phẩm dùng rất ổn định','2024-11-28 07:10:36','2024-11-28 07:10:36',0,NULL,0,NULL,0,0,'active'),(1200,40,43,3,'Sản phẩm dùng rất ổn định','2024-11-28 07:10:36','2024-11-28 07:10:36',0,NULL,0,NULL,0,0,'active'),(1201,50,43,3,'Sản phẩm dùng rất ổn định','2024-11-28 07:10:36','2024-11-28 07:10:36',0,NULL,0,NULL,0,0,'active'),(1202,43,43,4,'Đóng gói cẩn thận, hàng chính hãng','2024-11-28 07:10:36','2024-11-28 07:10:36',0,NULL,0,NULL,0,0,'active'),(1203,57,43,5,'Chất lượng sản phẩm tuyệt vời','2024-11-28 07:10:36','2024-11-28 07:10:36',0,NULL,0,NULL,0,0,'active'),(1204,10,44,5,'Chất lượng sản phẩm tuyệt vời','2024-11-28 07:10:36','2024-11-28 07:10:36',0,NULL,0,NULL,0,0,'active'),(1205,12,44,4,'Mình rất hài lòng với sản phẩm','2024-11-28 07:10:36','2024-11-28 07:10:36',0,NULL,0,NULL,0,0,'active'),(1206,44,44,5,'Rất hài lòng, sẽ ủng hộ tiếp','2024-11-28 07:10:36','2024-11-28 07:10:36',0,NULL,0,NULL,0,0,'active'),(1207,50,44,4,'Đóng gói cẩn thận, hàng chính hãng','2024-11-28 07:10:36','2024-11-28 07:10:36',0,NULL,0,NULL,0,0,'active'),(1208,47,44,5,'Chất lượng sản phẩm tuyệt vời','2024-11-28 07:10:36','2024-11-28 07:10:36',0,NULL,0,NULL,0,0,'active'),(1209,46,44,3,'Sản phẩm rất tốt, đáng tiền','2024-11-28 07:10:36','2024-11-28 07:10:36',0,NULL,0,NULL,0,0,'active'),(1210,69,44,3,'Rất hài lòng, sẽ ủng hộ tiếp','2024-11-28 07:10:36','2024-11-28 07:10:36',0,NULL,0,NULL,0,0,'active'),(1211,57,44,3,'Sản phẩm dùng rất ổn định','2024-11-28 07:10:36','2024-11-28 07:10:36',0,NULL,0,NULL,0,0,'active'),(1212,66,44,3,'Sản phẩm dùng rất ổn định','2024-11-28 07:10:36','2024-11-28 07:10:36',0,NULL,0,NULL,0,0,'active'),(1213,8,45,5,'Mình rất hài lòng với sản phẩm','2024-11-28 07:10:36','2024-11-28 07:10:36',0,NULL,0,NULL,0,0,'active'),(1214,19,45,5,'Cấu hình mạnh mẽ, chạy mượt','2024-11-28 07:10:36','2024-11-28 07:10:36',0,NULL,0,NULL,0,0,'active'),(1215,2,45,5,'Mình rất hài lòng với sản phẩm','2024-11-28 07:10:36','2024-11-28 07:10:36',0,NULL,0,NULL,0,0,'active'),(1216,29,45,5,'Rất hài lòng, sẽ ủng hộ tiếp','2024-11-28 07:10:36','2024-11-28 07:10:36',0,NULL,0,NULL,0,0,'active'),(1217,38,45,4,'Mình rất hài lòng với sản phẩm','2024-11-28 07:10:36','2024-11-28 07:10:36',0,NULL,0,NULL,0,0,'active'),(1218,44,45,3,'Thiết kế đẹp, hoàn thiện tốt','2024-11-28 07:10:36','2024-11-28 07:10:36',0,NULL,0,NULL,0,0,'active'),(1219,55,45,5,'Chất lượng sản phẩm tuyệt vời','2024-11-28 07:10:36','2024-11-28 07:10:36',0,NULL,0,NULL,0,0,'active'),(1220,68,45,5,'Mình rất hài lòng với sản phẩm','2024-11-28 07:10:36','2024-11-28 07:10:36',0,NULL,0,NULL,0,0,'active'),(1221,52,45,5,'Sản phẩm rất tốt, đáng tiền','2024-11-28 07:10:36','2024-11-28 07:10:36',0,NULL,0,NULL,0,0,'active'),(1222,56,45,5,'Rất hài lòng, sẽ ủng hộ tiếp','2024-11-28 07:10:36','2024-11-28 07:10:36',0,NULL,0,NULL,0,0,'active'),(1223,59,45,5,'Sản phẩm dùng rất ổn định','2024-11-28 07:10:36','2024-11-28 07:10:36',0,NULL,0,NULL,0,0,'active'),(1224,7,46,3,'Cấu hình mạnh mẽ, chạy mượt','2024-11-28 07:10:36','2024-11-28 07:10:36',0,NULL,0,NULL,0,0,'active'),(1225,35,46,4,'Giá cả hợp lý, sẽ ủng hộ shop','2024-11-28 07:10:36','2024-11-28 07:10:36',0,NULL,0,NULL,0,0,'active'),(1226,79,46,5,'Thiết kế đẹp, hoàn thiện tốt','2024-11-28 07:10:36','2024-11-28 07:10:36',0,NULL,0,NULL,0,0,'active'),(1227,10,47,4,'Cấu hình mạnh mẽ, chạy mượt','2024-11-28 07:10:36','2024-11-28 07:10:36',0,NULL,0,NULL,0,0,'active'),(1228,15,47,4,'Cấu hình mạnh mẽ, chạy mượt','2024-11-28 07:10:36','2024-11-28 07:10:36',0,NULL,0,NULL,0,0,'active'),(1229,12,47,3,'Rất hài lòng, sẽ ủng hộ tiếp','2024-11-28 07:10:36','2024-11-28 07:10:36',0,NULL,0,NULL,0,0,'active'),(1230,4,47,4,'Thiết kế đẹp, hoàn thiện tốt','2024-11-28 07:10:36','2024-11-28 07:10:36',0,NULL,0,NULL,0,0,'active'),(1231,25,47,4,'Sản phẩm dùng rất ổn định','2024-11-28 07:10:36','2024-11-28 07:10:36',0,NULL,0,NULL,0,0,'active'),(1232,31,47,5,'Giá cả hợp lý, sẽ ủng hộ shop','2024-11-28 07:10:36','2024-11-28 07:10:36',0,NULL,0,NULL,0,0,'active'),(1233,68,47,3,'Đóng gói cẩn thận, hàng chính hãng','2024-11-28 07:10:36','2024-11-28 07:10:36',0,NULL,0,NULL,0,0,'active'),(1234,10,48,5,'Sản phẩm rất tốt, đáng tiền','2024-11-28 07:10:36','2024-11-28 07:10:36',0,NULL,0,NULL,0,0,'active'),(1235,19,48,3,'Giá cả hợp lý, sẽ ủng hộ shop','2024-11-28 07:10:36','2024-11-28 07:10:36',0,NULL,0,NULL,0,0,'active'),(1236,6,48,3,'Shop tư vấn nhiệt tình','2024-11-28 07:10:36','2024-11-28 07:10:36',0,NULL,0,NULL,0,0,'active'),(1237,41,48,3,'Giá cả hợp lý, sẽ ủng hộ shop','2024-11-28 07:10:36','2024-11-28 07:10:36',0,NULL,0,NULL,0,0,'active'),(1238,46,48,5,'Sản phẩm rất tốt, đáng tiền','2024-11-28 07:10:36','2024-11-28 07:10:36',0,NULL,0,NULL,0,0,'active'),(1239,55,48,5,'Sản phẩm rất tốt, đáng tiền','2024-11-28 07:10:36','2024-11-28 07:10:36',0,NULL,0,NULL,0,0,'active'),(1240,47,49,3,'Đóng gói cẩn thận, hàng chính hãng','2024-11-28 07:10:36','2024-11-28 07:10:36',0,NULL,0,NULL,0,0,'active'),(1241,63,49,3,'Sản phẩm rất tốt, đáng tiền','2024-11-28 07:10:36','2024-11-28 07:10:36',0,NULL,0,NULL,0,0,'active'),(1242,1,50,3,'Thiết kế đẹp, hoàn thiện tốt','2024-11-28 07:10:36','2024-11-28 07:10:36',0,NULL,0,NULL,0,0,'active'),(1243,24,50,5,'Cấu hình mạnh mẽ, chạy mượt','2024-11-28 07:10:36','2024-11-28 07:10:36',0,NULL,0,NULL,0,0,'active'),(1244,34,50,5,'Shop tư vấn nhiệt tình','2024-11-28 07:10:36','2024-11-28 07:10:36',0,NULL,0,NULL,0,0,'active'),(1245,65,50,3,'Shop tư vấn nhiệt tình','2024-11-28 07:10:36','2024-11-28 07:10:36',0,NULL,0,NULL,0,0,'active'),(1246,46,50,3,'Rất hài lòng, sẽ ủng hộ tiếp','2024-11-28 07:10:36','2024-11-28 07:10:36',0,NULL,0,NULL,0,0,'active'),(1247,52,50,4,'Sản phẩm dùng rất ổn định','2024-11-28 07:10:36','2024-11-28 07:10:36',0,NULL,0,NULL,0,0,'active'),(1248,54,50,5,'Đóng gói cẩn thận, hàng chính hãng','2024-11-28 07:10:36','2024-11-28 07:10:36',0,NULL,0,NULL,0,0,'active'),(1249,81,50,5,'Sản phẩm dùng rất ổn định','2024-11-28 07:10:36','2024-11-28 07:10:36',0,NULL,0,NULL,0,0,'active'),(1250,11,51,4,'Sản phẩm dùng rất ổn định','2024-11-28 07:10:36','2024-11-28 07:10:36',0,NULL,0,NULL,0,0,'active'),(1251,1,51,5,'Đóng gói cẩn thận, hàng chính hãng','2024-11-28 07:10:36','2024-11-28 07:10:36',0,NULL,0,NULL,0,0,'active'),(1252,13,51,3,'Cấu hình mạnh mẽ, chạy mượt','2024-11-28 07:10:36','2024-11-28 07:10:36',0,NULL,0,NULL,0,0,'active'),(1253,25,51,3,'Sản phẩm rất tốt, đáng tiền','2024-11-28 07:10:36','2024-11-28 07:10:36',0,NULL,0,NULL,0,0,'active'),(1254,29,51,5,'Shop tư vấn nhiệt tình','2024-11-28 07:10:36','2024-11-28 07:10:36',0,NULL,0,NULL,0,0,'active'),(1255,7,51,5,'Đóng gói cẩn thận, hàng chính hãng','2024-11-28 07:10:36','2024-11-28 07:10:36',0,NULL,0,NULL,0,0,'active'),(1256,43,51,5,'Đóng gói cẩn thận, hàng chính hãng','2024-11-28 07:10:36','2024-11-28 07:10:36',0,NULL,0,NULL,0,0,'active'),(1257,45,51,5,'Sản phẩm dùng rất ổn định','2024-11-28 07:10:36','2024-11-28 07:10:36',0,NULL,0,NULL,0,0,'active'),(1258,47,51,4,'Cấu hình mạnh mẽ, chạy mượt','2024-11-28 07:10:36','2024-11-28 07:10:36',0,NULL,0,NULL,0,0,'active'),(1259,42,51,5,'Cấu hình mạnh mẽ, chạy mượt','2024-11-28 07:10:36','2024-11-28 07:10:36',0,NULL,0,NULL,0,0,'active'),(1260,70,51,5,'Rất hài lòng, sẽ ủng hộ tiếp','2024-11-28 07:10:36','2024-11-28 07:10:36',0,NULL,0,NULL,0,0,'active'),(1261,75,51,5,'Sản phẩm dùng rất ổn định','2024-11-28 07:10:36','2024-11-28 07:10:36',0,NULL,0,NULL,0,0,'active'),(1262,10,52,5,'Thiết kế đẹp, hoàn thiện tốt','2024-11-28 07:10:36','2024-11-28 07:10:36',0,NULL,0,NULL,0,0,'active'),(1263,18,52,3,'Sản phẩm dùng rất ổn định','2024-11-28 07:10:36','2024-11-28 07:10:36',0,NULL,0,NULL,0,0,'active'),(1264,5,52,3,'Đóng gói cẩn thận, hàng chính hãng','2024-11-28 07:10:36','2024-11-28 07:10:36',0,NULL,0,NULL,0,0,'active'),(1265,27,52,5,'Shop tư vấn nhiệt tình','2024-11-28 07:10:36','2024-11-28 07:10:36',0,NULL,0,NULL,0,0,'active'),(1266,44,52,5,'Đóng gói cẩn thận, hàng chính hãng','2024-11-28 07:10:36','2024-11-28 07:10:36',0,NULL,0,NULL,0,0,'active'),(1267,54,52,4,'Cấu hình mạnh mẽ, chạy mượt','2024-11-28 07:10:36','2024-11-28 07:10:36',0,NULL,0,NULL,0,0,'active'),(1268,4,53,3,'Shop tư vấn nhiệt tình','2024-11-28 07:10:36','2024-11-28 07:10:36',0,NULL,0,NULL,0,0,'active'),(1269,8,53,4,'Chất lượng sản phẩm tuyệt vời','2024-11-28 07:10:36','2024-11-28 07:10:36',0,NULL,0,NULL,0,0,'active'),(1270,11,53,4,'Thiết kế đẹp, hoàn thiện tốt','2024-11-28 07:10:36','2024-11-28 07:10:36',0,NULL,0,NULL,0,0,'active'),(1271,5,53,5,'Giá cả hợp lý, sẽ ủng hộ shop','2024-11-28 07:10:36','2024-11-28 07:10:36',0,NULL,0,NULL,0,0,'active'),(1272,33,53,5,'Thiết kế đẹp, hoàn thiện tốt','2024-11-28 07:10:36','2024-11-28 07:10:36',0,NULL,0,NULL,0,0,'active'),(1273,50,53,4,'Shop tư vấn nhiệt tình','2024-11-28 07:10:36','2024-11-28 07:10:36',0,NULL,0,NULL,0,0,'active'),(1274,47,53,4,'Rất hài lòng, sẽ ủng hộ tiếp','2024-11-28 07:10:36','2024-11-28 07:10:36',0,NULL,0,NULL,0,0,'active'),(1275,78,53,5,'Shop tư vấn nhiệt tình','2024-11-28 07:10:36','2024-11-28 07:10:36',0,NULL,0,NULL,0,0,'active'),(1276,2,54,3,'Rất hài lòng, sẽ ủng hộ tiếp','2024-11-28 07:10:36','2024-11-28 07:10:36',0,NULL,0,NULL,0,0,'active'),(1277,54,54,4,'Rất hài lòng, sẽ ủng hộ tiếp','2024-11-28 07:10:36','2024-11-28 07:10:36',0,NULL,0,NULL,0,0,'active'),(1278,59,54,5,'Cấu hình mạnh mẽ, chạy mượt','2024-11-28 07:10:36','2024-11-28 07:10:36',0,NULL,0,NULL,0,0,'active'),(1279,66,54,4,'Shop tư vấn nhiệt tình','2024-11-28 07:10:36','2024-11-28 07:10:36',0,NULL,0,NULL,0,0,'active'),(1280,82,54,3,'Sản phẩm rất tốt, đáng tiền','2024-11-28 07:10:36','2024-11-28 07:10:36',0,NULL,0,NULL,0,0,'active'),(1281,11,55,4,'Shop tư vấn nhiệt tình','2024-11-28 07:10:36','2024-11-28 07:10:36',0,NULL,0,NULL,0,0,'active'),(1282,8,55,5,'Cấu hình mạnh mẽ, chạy mượt','2024-11-28 07:10:36','2024-11-28 07:10:36',0,NULL,0,NULL,0,0,'active'),(1283,17,55,4,'Giá cả hợp lý, sẽ ủng hộ shop','2024-11-28 07:10:36','2024-11-28 07:10:36',0,NULL,0,NULL,0,0,'active'),(1284,35,55,5,'Thiết kế đẹp, hoàn thiện tốt','2024-11-28 07:10:36','2024-11-28 07:10:36',0,NULL,0,NULL,0,0,'active'),(1285,40,55,5,'Đóng gói cẩn thận, hàng chính hãng','2024-11-28 07:10:36','2024-11-28 07:10:36',0,NULL,0,NULL,0,0,'active'),(1286,48,55,4,'Thiết kế đẹp, hoàn thiện tốt','2024-11-28 07:10:36','2024-11-28 07:10:36',0,NULL,0,NULL,0,0,'active'),(1287,53,55,4,'Rất hài lòng, sẽ ủng hộ tiếp','2024-11-28 07:10:36','2024-11-28 07:10:36',0,NULL,0,NULL,0,0,'active'),(1288,73,55,4,'Đóng gói cẩn thận, hàng chính hãng','2024-11-28 07:10:36','2024-11-28 07:10:36',0,NULL,0,NULL,0,0,'active'),(1289,74,55,3,'Sản phẩm rất tốt, đáng tiền','2024-11-28 07:10:36','2024-11-28 07:10:36',0,NULL,0,NULL,0,0,'active'),(1290,78,55,4,'Giá cả hợp lý, sẽ ủng hộ shop','2024-11-28 07:10:36','2024-11-28 07:10:36',0,NULL,0,NULL,0,0,'active'),(1291,79,55,3,'Chất lượng sản phẩm tuyệt vời','2024-11-28 07:10:36','2024-11-28 07:10:36',0,NULL,0,NULL,0,0,'active'),(1292,16,56,3,'Shop tư vấn nhiệt tình','2024-11-28 07:10:36','2024-11-28 07:10:36',0,NULL,0,NULL,0,0,'active'),(1293,14,56,5,'Đóng gói cẩn thận, hàng chính hãng','2024-11-28 07:10:36','2024-11-28 07:10:36',0,NULL,0,NULL,0,0,'active'),(1294,12,56,3,'Đóng gói cẩn thận, hàng chính hãng','2024-11-28 07:10:36','2024-11-28 07:10:36',0,NULL,0,NULL,0,0,'active'),(1295,8,56,5,'Mình rất hài lòng với sản phẩm','2024-11-28 07:10:36','2024-11-28 07:10:36',0,NULL,0,NULL,0,0,'active'),(1296,27,56,4,'Chất lượng sản phẩm tuyệt vời','2024-11-28 07:10:36','2024-11-28 07:10:36',0,NULL,0,NULL,0,0,'active'),(1297,33,56,5,'Chất lượng sản phẩm tuyệt vời','2024-11-28 07:10:36','2024-11-28 07:10:36',0,NULL,0,NULL,0,0,'active'),(1298,34,56,3,'Shop tư vấn nhiệt tình','2024-11-28 07:10:36','2024-11-28 07:10:36',0,NULL,0,NULL,0,0,'active'),(1299,45,56,4,'Giá cả hợp lý, sẽ ủng hộ shop','2024-11-28 07:10:36','2024-11-28 07:10:36',0,NULL,0,NULL,0,0,'active'),(1300,47,56,3,'Giá cả hợp lý, sẽ ủng hộ shop','2024-11-28 07:10:36','2024-11-28 07:10:36',0,NULL,0,NULL,0,0,'active'),(1301,48,56,4,'Mình rất hài lòng với sản phẩm','2024-11-28 07:10:36','2024-11-28 07:10:36',0,NULL,0,NULL,0,0,'active'),(1302,50,56,5,'Chất lượng sản phẩm tuyệt vời','2024-11-28 07:10:36','2024-11-28 07:10:36',0,NULL,0,NULL,0,0,'active'),(1303,66,56,5,'Sản phẩm dùng rất ổn định','2024-11-28 07:10:36','2024-11-28 07:10:36',0,NULL,0,NULL,0,0,'active'),(1354,17,26,1,'Chất lượng sản phẩm tuyệt vời','2024-11-28 07:34:23','2024-11-28 07:34:23',1,NULL,0,NULL,0,0,'active'),(1355,69,26,5,'Chất lượng sản phẩm tuyệt vời','2024-11-28 07:34:23','2024-11-29 22:57:41',1,NULL,0,NULL,0,0,'active'),(1356,17,27,1,'Giá cả hợp lý, sẽ mua lại','2024-11-28 07:34:23','2024-11-28 07:34:23',1,NULL,0,NULL,0,0,'active'),(1357,59,27,1,'Rất hài lòng với sản phẩm này','2024-11-28 07:34:23','2024-11-28 07:34:23',1,NULL,0,NULL,0,0,'active'),(1358,63,27,4,'Chất lượng sản phẩm tuyệt vời','2024-11-28 07:34:23','2024-11-28 07:34:23',1,NULL,0,NULL,0,0,'active'),(1359,78,27,1,'Giá hơi cao so với chất lượng','2024-11-28 07:34:23','2024-11-28 07:34:23',1,NULL,0,NULL,0,0,'active'),(1360,32,28,4,'Sản phẩm rất tốt, đáng mua','2024-11-28 07:34:23','2024-11-28 07:34:23',1,NULL,0,NULL,0,0,'active'),(1361,69,28,1,'Rất hài lòng với sản phẩm này','2024-11-28 07:34:23','2024-11-28 07:34:23',1,NULL,0,NULL,0,0,'active'),(1362,22,30,2,'Chất lượng sản phẩm tuyệt vời','2024-11-28 07:34:23','2024-11-28 07:34:23',1,NULL,0,NULL,0,0,'active'),(1363,40,30,4,'Cần cải thiện chất lượng','2024-11-28 07:34:23','2024-11-28 07:34:23',1,NULL,0,NULL,0,0,'active'),(1364,54,30,5,'Giá cả hợp lý, sẽ mua lại','2024-11-28 07:34:23','2024-11-28 07:34:23',1,NULL,0,NULL,0,0,'active'),(1365,83,30,1,'Giá cả hợp lý, sẽ mua lại','2024-11-28 07:34:23','2024-11-28 07:34:23',1,NULL,0,NULL,0,0,'active'),(1366,6,30,4,'Sản phẩm rất tốt, đáng mua','2024-11-28 07:34:23','2024-11-28 07:34:23',1,NULL,0,NULL,0,0,'active'),(1367,22,30,5,'Đóng gói cẩn thận, giao hàng nhanh','2024-11-28 07:34:23','2024-11-28 07:34:23',1,NULL,0,NULL,0,0,'active'),(1368,30,30,1,'Chất lượng sản phẩm tuyệt vời','2024-11-28 07:34:23','2024-11-28 16:08:34',1,NULL,0,NULL,0,0,'active'),(1369,54,30,1,'Sản phẩm chưa đạt kỳ vọng','2024-11-28 07:34:23','2024-11-28 07:34:23',1,NULL,0,NULL,0,0,'active'),(1370,83,30,1,'Sản phẩm rất tốt, đáng mua','2024-11-28 07:34:23','2024-11-28 07:34:23',1,NULL,0,NULL,0,0,'active'),(1371,6,30,4,'Rất hài lòng với sản phẩm này','2024-11-28 07:34:23','2024-11-28 07:34:23',1,NULL,0,NULL,0,0,'active'),(1372,22,30,1,'Chất lượng sản phẩm tuyệt vời','2024-11-28 07:34:23','2024-11-28 07:34:23',1,NULL,0,NULL,0,0,'active'),(1373,40,30,4,'Rất hài lòng với sản phẩm này','2024-11-28 07:34:23','2024-11-28 07:34:23',1,NULL,0,NULL,0,0,'active'),(1374,47,30,5,'Chất lượng sản phẩm tuyệt vời','2024-11-28 07:34:23','2024-11-28 07:34:23',1,NULL,0,NULL,0,0,'active'),(1375,54,30,1,'Chất lượng sản phẩm tuyệt vời','2024-11-28 07:34:23','2024-11-28 07:34:23',1,NULL,0,NULL,0,0,'active'),(1376,1,55,4,'Rất hài lòng với sản phẩm này','2024-11-28 07:34:23','2024-11-28 07:34:23',1,NULL,0,NULL,0,0,'active'),(1377,1,55,4,'Rất hài lòng với sản phẩm này','2024-11-28 07:34:23','2024-11-28 07:34:23',1,NULL,0,NULL,0,0,'active'),(1378,1,55,4,'Sản phẩm rất tốt, đáng mua','2024-11-28 07:34:23','2024-11-28 07:34:23',1,NULL,0,NULL,0,0,'active'),(1379,1,55,4,'Đóng gói cẩn thận, giao hàng nhanh','2024-11-28 07:34:23','2024-11-28 07:34:23',1,NULL,0,NULL,0,0,'active'),(1380,1,52,3,'Chất lượng sản phẩm tuyệt vời','2024-11-28 07:34:23','2024-11-28 07:34:23',1,NULL,0,NULL,0,0,'active'),(1381,1,52,4,'Sản phẩm rất tốt, đáng mua','2024-11-28 07:34:23','2024-11-28 07:34:23',1,NULL,0,NULL,0,0,'active'),(1382,1,52,4,'Đóng gói cẩn thận, giao hàng nhanh','2024-11-28 07:34:23','2024-11-28 07:34:23',1,NULL,0,NULL,0,0,'active'),(1383,1,52,1,'Rất hài lòng với sản phẩm này','2024-11-28 07:34:23','2024-11-28 07:34:23',1,NULL,0,NULL,0,0,'active'),(1384,1,52,2,'Giá hơi cao so với chất lượng','2024-11-28 07:34:23','2024-11-28 07:34:23',1,NULL,0,NULL,0,0,'active'),(1385,1,52,3,'Chất lượng sản phẩm tuyệt vời','2024-11-28 07:34:23','2024-11-28 07:34:23',1,NULL,0,NULL,0,0,'active'),(1386,1,52,5,'Giá cả hợp lý, sẽ mua lại','2024-11-28 07:34:23','2024-11-28 07:34:23',1,NULL,0,NULL,0,0,'active'),(1387,1,52,4,'Cần cải thiện chất lượng','2024-11-28 07:34:23','2024-11-28 07:34:23',1,NULL,0,NULL,0,0,'active'),(1388,1,52,5,'Cần cải thiện chất lượng','2024-11-28 07:34:23','2024-11-28 07:34:23',1,NULL,0,NULL,0,0,'active'),(1389,1,52,3,'Sản phẩm rất tốt, đáng mua','2024-11-28 07:34:23','2024-11-28 07:34:23',1,NULL,0,NULL,0,0,'active'),(1390,1,52,4,'Giá hơi cao so với chất lượng','2024-11-28 07:34:23','2024-11-28 07:34:23',1,NULL,0,NULL,0,0,'active'),(1391,1,37,1,'Giá cả hợp lý, sẽ mua lại','2024-11-28 07:34:23','2024-11-28 07:34:23',1,NULL,0,NULL,0,0,'active'),(1392,1,37,1,'Giá cả hợp lý, sẽ mua lại','2024-11-28 07:34:23','2024-11-28 07:34:23',1,NULL,0,NULL,0,0,'active'),(1393,2,47,4,'Cần cải thiện chất lượng','2024-11-28 07:34:23','2024-11-28 07:34:23',1,NULL,0,NULL,0,0,'active'),(1394,89,59,1,'sản phẩm tuyệt vơi ^^','2024-11-29 23:11:54','2024-11-29 23:11:54',0,NULL,0,NULL,0,0,'active'),(1395,92,60,3,'PIN K DC LAAU LẮM','2024-11-30 07:12:12','2024-11-30 07:12:12',0,NULL,0,NULL,0,0,'active'),(1396,89,60,4,'DỄ DÍNH MỒ HÔI','2024-11-30 07:14:12','2024-11-30 07:14:12',0,NULL,0,NULL,0,0,'active'),(1397,106,60,3,'Tuyệt vời nhé  =))','2024-11-30 07:37:18','2024-11-30 07:37:18',0,NULL,0,NULL,0,0,'active');
/*!40000 ALTER TABLE `reviews` ENABLE KEYS */;
UNLOCK TABLES;

--
-- Table structure for table `roles`
--

DROP TABLE IF EXISTS `roles`;
/*!40101 SET @saved_cs_client     = @@character_set_client */;
/*!50503 SET character_set_client = utf8mb4 */;
CREATE TABLE `roles` (
  `id` int NOT NULL AUTO_INCREMENT,
  `name` varchar(50) NOT NULL,
  PRIMARY KEY (`id`),
  UNIQUE KEY `name` (`name`)
) ENGINE=InnoDB AUTO_INCREMENT=13 DEFAULT CHARSET=utf8mb4 COLLATE=utf8mb4_0900_ai_ci;
/*!40101 SET character_set_client = @saved_cs_client */;

--
-- Dumping data for table `roles`
--

LOCK TABLES `roles` WRITE;
/*!40000 ALTER TABLE `roles` DISABLE KEYS */;
INSERT INTO `roles` VALUES (3,'admin'),(4,'customer');
/*!40000 ALTER TABLE `roles` ENABLE KEYS */;
UNLOCK TABLES;

--
-- Table structure for table `user_interactions`
--

DROP TABLE IF EXISTS `user_interactions`;
/*!40101 SET @saved_cs_client     = @@character_set_client */;
/*!50503 SET character_set_client = utf8mb4 */;
CREATE TABLE `user_interactions` (
  `id` int NOT NULL AUTO_INCREMENT,
  `user_id` int NOT NULL,
  `action_type` varchar(50) NOT NULL,
  `action_data` json DEFAULT NULL,
  `created_at` timestamp NULL DEFAULT CURRENT_TIMESTAMP,
  PRIMARY KEY (`id`),
  KEY `user_id` (`user_id`),
  CONSTRAINT `user_interactions_ibfk_1` FOREIGN KEY (`user_id`) REFERENCES `users` (`id`)
) ENGINE=InnoDB DEFAULT CHARSET=utf8mb4 COLLATE=utf8mb4_0900_ai_ci;
/*!40101 SET character_set_client = @saved_cs_client */;

--
-- Dumping data for table `user_interactions`
--

LOCK TABLES `user_interactions` WRITE;
/*!40000 ALTER TABLE `user_interactions` DISABLE KEYS */;
/*!40000 ALTER TABLE `user_interactions` ENABLE KEYS */;
UNLOCK TABLES;

--
-- Table structure for table `user_product_views`
--

DROP TABLE IF EXISTS `user_product_views`;
/*!40101 SET @saved_cs_client     = @@character_set_client */;
/*!50503 SET character_set_client = utf8mb4 */;
CREATE TABLE `user_product_views` (
  `id` int NOT NULL AUTO_INCREMENT,
  `user_id` int NOT NULL,
  `product_id` int unsigned NOT NULL,
  `view_count` int DEFAULT '1',
  `last_viewed_at` timestamp NULL DEFAULT CURRENT_TIMESTAMP,
  `created_at` timestamp NULL DEFAULT CURRENT_TIMESTAMP,
  PRIMARY KEY (`id`),
  UNIQUE KEY `user_product_unique` (`user_id`,`product_id`),
  KEY `product_id` (`product_id`),
  CONSTRAINT `user_product_views_ibfk_1` FOREIGN KEY (`user_id`) REFERENCES `users` (`id`) ON DELETE CASCADE,
  CONSTRAINT `user_product_views_ibfk_2` FOREIGN KEY (`product_id`) REFERENCES `products` (`id`) ON DELETE CASCADE
) ENGINE=InnoDB AUTO_INCREMENT=2753 DEFAULT CHARSET=utf8mb4 COLLATE=utf8mb4_0900_ai_ci;
/*!40101 SET character_set_client = @saved_cs_client */;

--
-- Dumping data for table `user_product_views`
--

LOCK TABLES `user_product_views` WRITE;
/*!40000 ALTER TABLE `user_product_views` DISABLE KEYS */;
INSERT INTO `user_product_views` VALUES (1,55,1,6,'2024-11-28 07:05:18','2024-11-28 07:05:18'),(2,52,1,7,'2024-11-28 07:05:18','2024-11-28 07:05:18'),(3,49,1,10,'2024-11-28 07:05:18','2024-11-28 07:05:18'),(4,47,1,6,'2024-11-28 07:05:18','2024-11-28 07:05:18'),(5,44,1,6,'2024-11-28 07:05:18','2024-11-28 07:05:18'),(6,43,1,1,'2024-11-28 07:05:18','2024-11-28 07:05:18'),(7,38,1,3,'2024-11-28 07:05:18','2024-11-28 07:05:18'),(8,37,1,7,'2024-11-28 07:05:18','2024-11-28 07:05:18'),(9,36,1,9,'2024-11-28 07:05:18','2024-11-28 07:05:18'),(10,27,1,2,'2024-11-28 07:05:18','2024-11-28 07:05:18'),(11,26,1,3,'2024-11-28 07:05:18','2024-11-28 07:05:18'),(12,52,2,5,'2024-11-28 07:05:18','2024-11-28 07:05:18'),(13,51,2,7,'2024-11-28 07:05:18','2024-11-28 07:05:18'),(14,50,2,7,'2024-11-28 07:05:18','2024-11-28 07:05:18'),(15,47,2,8,'2024-11-28 07:05:18','2024-11-28 07:05:18'),(16,30,2,10,'2024-11-28 07:05:18','2024-11-28 07:05:18'),(17,56,3,5,'2024-11-28 07:05:18','2024-11-28 07:05:18'),(18,55,3,9,'2024-11-28 07:05:18','2024-11-28 07:05:18'),(19,52,3,8,'2024-11-28 07:05:18','2024-11-28 07:05:18'),(20,51,3,6,'2024-11-28 07:05:18','2024-11-28 07:05:18'),(21,50,3,2,'2024-11-28 07:05:18','2024-11-28 07:05:18'),(22,46,3,1,'2024-11-28 07:05:18','2024-11-28 07:05:18'),(23,32,3,9,'2024-11-28 07:05:18','2024-11-28 07:05:18'),(24,31,3,7,'2024-11-28 07:05:18','2024-11-28 07:05:18'),(25,28,3,10,'2024-11-28 07:05:18','2024-11-28 07:05:18'),(26,27,3,5,'2024-11-28 07:05:18','2024-11-28 07:05:18'),(27,26,3,2,'2024-11-28 07:05:18','2024-11-28 07:05:18'),(28,52,4,4,'2024-11-28 07:05:18','2024-11-28 07:05:18'),(29,51,4,1,'2024-11-28 07:05:18','2024-11-28 07:05:18'),(30,45,4,10,'2024-11-28 07:05:18','2024-11-28 07:05:18'),(31,42,4,8,'2024-11-28 07:05:18','2024-11-28 07:05:18'),(32,41,4,5,'2024-11-28 07:05:18','2024-11-28 07:05:18'),(33,32,4,9,'2024-11-28 07:05:18','2024-11-28 07:05:18'),(34,26,4,2,'2024-11-28 07:05:18','2024-11-28 07:05:18'),(35,55,5,8,'2024-11-28 07:05:18','2024-11-28 07:05:18'),(36,51,5,4,'2024-11-28 07:05:18','2024-11-28 07:05:18'),(37,46,5,5,'2024-11-28 07:05:18','2024-11-28 07:05:18'),(38,44,5,8,'2024-11-28 07:05:18','2024-11-28 07:05:18'),(39,41,5,8,'2024-11-28 07:05:18','2024-11-28 07:05:18'),(40,37,5,2,'2024-11-28 07:05:18','2024-11-28 07:05:18'),(41,35,5,6,'2024-11-28 07:05:18','2024-11-28 07:05:18'),(42,33,5,7,'2024-11-28 07:05:18','2024-11-28 07:05:18'),(43,32,5,5,'2024-11-28 07:05:18','2024-11-28 07:05:18'),(44,30,5,8,'2024-11-28 07:05:18','2024-11-28 07:05:18'),(45,26,5,8,'2024-11-28 07:05:18','2024-11-28 07:05:18'),(46,56,6,1,'2024-11-28 07:05:18','2024-11-28 07:05:18'),(47,51,6,1,'2024-11-28 07:05:18','2024-11-28 07:05:18'),(48,49,6,7,'2024-11-28 07:05:18','2024-11-28 07:05:18'),(49,46,6,3,'2024-11-28 07:05:18','2024-11-28 07:05:18'),(50,45,6,6,'2024-11-28 07:05:18','2024-11-28 07:05:18'),(51,43,6,6,'2024-11-28 07:05:18','2024-11-28 07:05:18'),(52,42,6,10,'2024-11-28 07:05:18','2024-11-28 07:05:18'),(53,40,6,6,'2024-11-28 07:05:18','2024-11-28 07:05:18'),(54,36,6,3,'2024-11-28 07:05:18','2024-11-28 07:05:18'),(55,30,6,3,'2024-11-28 07:05:18','2024-11-28 07:05:18'),(56,48,7,2,'2024-11-28 07:05:18','2024-11-28 07:05:18'),(57,47,7,10,'2024-11-28 07:05:18','2024-11-28 07:05:18'),(58,45,7,9,'2024-11-28 07:05:18','2024-11-28 07:05:18'),(59,39,7,10,'2024-11-28 07:05:18','2024-11-28 07:05:18'),(60,36,7,5,'2024-11-28 07:05:18','2024-11-28 07:05:18'),(61,35,7,1,'2024-11-28 07:05:18','2024-11-28 07:05:18'),(62,33,7,3,'2024-11-28 07:05:18','2024-11-28 07:05:18'),(63,31,7,10,'2024-11-28 07:05:18','2024-11-28 07:05:18'),(64,30,7,2,'2024-11-28 07:05:18','2024-11-28 07:05:18'),(65,27,7,6,'2024-11-28 07:05:18','2024-11-28 07:05:18'),(66,54,8,6,'2024-11-28 07:05:18','2024-11-28 07:05:18'),(67,40,8,7,'2024-11-28 07:05:18','2024-11-28 07:05:18'),(68,38,8,9,'2024-11-28 07:05:18','2024-11-28 07:05:18'),(69,36,8,5,'2024-11-28 07:05:18','2024-11-28 07:05:18'),(70,34,8,7,'2024-11-28 07:05:18','2024-11-28 07:05:18'),(71,28,8,5,'2024-11-28 07:05:18','2024-11-28 07:05:18'),(72,27,8,3,'2024-11-28 07:05:18','2024-11-28 07:05:18'),(73,53,9,9,'2024-11-28 07:05:18','2024-11-28 07:05:18'),(74,51,9,4,'2024-11-28 07:05:18','2024-11-28 07:05:18'),(75,48,9,4,'2024-11-28 07:05:18','2024-11-28 07:05:18'),(76,45,9,7,'2024-11-28 07:05:18','2024-11-28 07:05:18'),(77,40,9,8,'2024-11-28 07:05:18','2024-11-28 07:05:18'),(78,33,9,6,'2024-11-28 07:05:18','2024-11-28 07:05:18'),(79,55,10,9,'2024-11-28 07:05:18','2024-11-28 07:05:18'),(80,54,10,10,'2024-11-28 07:05:18','2024-11-28 07:05:18'),(81,45,10,7,'2024-11-28 07:05:18','2024-11-28 07:05:18'),(82,40,10,10,'2024-11-28 07:05:18','2024-11-28 07:05:18'),(83,37,10,5,'2024-11-28 07:05:18','2024-11-28 07:05:18'),(84,35,10,3,'2024-11-28 07:05:18','2024-11-28 07:05:18'),(85,49,11,6,'2024-11-28 07:05:18','2024-11-28 07:05:18'),(86,46,11,4,'2024-11-28 07:05:18','2024-11-28 07:05:18'),(87,45,11,9,'2024-11-28 07:05:18','2024-11-28 07:05:18'),(88,37,11,8,'2024-11-28 07:05:18','2024-11-28 07:05:18'),(89,35,11,2,'2024-11-28 07:05:18','2024-11-28 07:05:18'),(90,34,11,7,'2024-11-28 07:05:18','2024-11-28 07:05:18'),(91,32,11,9,'2024-11-28 07:05:18','2024-11-28 07:05:18'),(92,27,11,8,'2024-11-28 07:05:18','2024-11-28 07:05:18'),(93,54,12,4,'2024-11-28 07:05:18','2024-11-28 07:05:18'),(94,46,12,5,'2024-11-28 07:05:18','2024-11-28 07:05:18'),(95,42,12,1,'2024-11-28 07:05:18','2024-11-28 07:05:18'),(96,32,12,10,'2024-11-28 07:05:18','2024-11-28 07:05:18'),(97,31,12,4,'2024-11-28 07:05:18','2024-11-28 07:05:18'),(98,52,13,6,'2024-11-28 07:05:18','2024-11-28 07:05:18'),(99,50,13,5,'2024-11-28 07:05:18','2024-11-28 07:05:18'),(100,49,13,7,'2024-11-28 07:05:18','2024-11-28 07:05:18'),(101,47,13,4,'2024-11-28 07:05:18','2024-11-28 07:05:18'),(102,41,13,7,'2024-11-28 07:05:18','2024-11-28 07:05:18'),(103,40,13,4,'2024-11-28 07:05:18','2024-11-28 07:05:18'),(104,37,13,2,'2024-11-28 07:05:18','2024-11-28 07:05:18'),(105,35,13,1,'2024-11-28 07:05:18','2024-11-28 07:05:18'),(106,34,13,1,'2024-11-28 07:05:18','2024-11-28 07:05:18'),(107,33,13,4,'2024-11-28 07:05:18','2024-11-28 07:05:18'),(108,47,14,8,'2024-11-28 07:05:18','2024-11-28 07:05:18'),(109,46,14,1,'2024-11-28 07:05:18','2024-11-28 07:05:18'),(110,45,14,2,'2024-11-28 07:05:18','2024-11-28 07:05:18'),(111,43,14,5,'2024-11-28 07:05:18','2024-11-28 07:05:18'),(112,38,14,3,'2024-11-28 07:05:18','2024-11-28 07:05:18'),(113,32,14,6,'2024-11-28 07:05:18','2024-11-28 07:05:18'),(114,27,14,8,'2024-11-28 07:05:18','2024-11-28 07:05:18'),(115,56,15,1,'2024-11-28 07:05:18','2024-11-28 07:05:18'),(116,55,15,2,'2024-11-28 07:05:18','2024-11-28 07:05:18'),(117,48,15,5,'2024-11-28 07:05:18','2024-11-28 07:05:18'),(118,46,15,4,'2024-11-28 07:05:18','2024-11-28 07:05:18'),(119,43,15,9,'2024-11-28 07:05:18','2024-11-28 07:05:18'),(120,41,15,5,'2024-11-28 07:05:18','2024-11-28 07:05:18'),(121,40,15,9,'2024-11-28 07:05:18','2024-11-28 07:05:18'),(122,39,15,8,'2024-11-28 07:05:18','2024-11-28 07:05:18'),(123,38,15,10,'2024-11-28 07:05:18','2024-11-28 07:05:18'),(124,37,15,6,'2024-11-28 07:05:18','2024-11-28 07:05:18'),(125,35,15,5,'2024-11-28 07:05:18','2024-11-28 07:05:18'),(126,32,15,1,'2024-11-28 07:05:18','2024-11-28 07:05:18'),(127,30,15,3,'2024-11-28 07:05:18','2024-11-28 07:05:18'),(128,28,15,8,'2024-11-28 07:05:18','2024-11-28 07:05:18'),(129,27,15,2,'2024-11-28 07:05:18','2024-11-28 07:05:18'),(130,54,16,5,'2024-11-28 07:05:18','2024-11-28 07:05:18'),(131,52,16,4,'2024-11-28 07:05:18','2024-11-28 07:05:18'),(132,51,16,5,'2024-11-28 07:05:18','2024-11-28 07:05:18'),(133,50,16,1,'2024-11-28 07:05:18','2024-11-28 07:05:18'),(134,47,16,10,'2024-11-28 07:05:18','2024-11-28 07:05:18'),(135,46,16,5,'2024-11-28 07:05:18','2024-11-28 07:05:18'),(136,45,16,5,'2024-11-28 07:05:18','2024-11-28 07:05:18'),(137,43,16,7,'2024-11-28 07:05:18','2024-11-28 07:05:18'),(138,39,16,10,'2024-11-28 07:05:18','2024-11-28 07:05:18'),(139,38,16,7,'2024-11-28 07:05:18','2024-11-28 07:05:18'),(140,36,16,7,'2024-11-28 07:05:18','2024-11-28 07:05:18'),(141,33,16,3,'2024-11-28 07:05:18','2024-11-28 07:05:18'),(142,30,16,8,'2024-11-28 07:05:18','2024-11-28 07:05:18'),(143,28,16,8,'2024-11-28 07:05:18','2024-11-28 07:05:18'),(144,56,18,9,'2024-11-28 07:05:18','2024-11-28 07:05:18'),(145,53,18,3,'2024-11-28 07:05:18','2024-11-28 07:05:18'),(146,51,18,10,'2024-11-28 07:05:18','2024-11-28 07:05:18'),(147,49,18,3,'2024-11-28 07:05:18','2024-11-28 07:05:18'),(148,45,18,8,'2024-11-28 07:05:18','2024-11-28 07:05:18'),(149,40,18,5,'2024-11-28 07:05:18','2024-11-28 07:05:18'),(150,36,18,10,'2024-11-28 07:05:18','2024-11-28 07:05:18'),(151,34,18,2,'2024-11-28 07:05:18','2024-11-28 07:05:18'),(152,56,19,1,'2024-11-28 07:05:18','2024-11-28 07:05:18'),(153,53,19,1,'2024-11-28 07:05:18','2024-11-28 07:05:18'),(154,52,19,10,'2024-11-28 07:05:18','2024-11-28 07:05:18'),(155,51,19,6,'2024-11-28 07:05:18','2024-11-28 07:05:18'),(156,49,19,2,'2024-11-28 07:05:18','2024-11-28 07:05:18'),(157,47,19,2,'2024-11-28 07:05:18','2024-11-28 07:05:18'),(158,43,19,9,'2024-11-28 07:05:18','2024-11-28 07:05:18'),(159,39,19,3,'2024-11-28 07:05:18','2024-11-28 07:05:18'),(160,38,19,5,'2024-11-28 07:05:18','2024-11-28 07:05:18'),(161,37,19,1,'2024-11-28 07:05:18','2024-11-28 07:05:18'),(162,35,19,5,'2024-11-28 07:05:18','2024-11-28 07:05:18'),(163,30,19,5,'2024-11-28 07:05:18','2024-11-28 07:05:18'),(164,27,19,3,'2024-11-28 07:05:18','2024-11-28 07:05:18'),(165,53,20,8,'2024-11-28 07:05:18','2024-11-28 07:05:18'),(166,52,20,2,'2024-11-28 07:05:18','2024-11-28 07:05:18'),(167,49,20,6,'2024-11-28 07:05:18','2024-11-28 07:05:18'),(168,39,20,1,'2024-11-28 07:05:18','2024-11-28 07:05:18'),(169,35,20,8,'2024-11-28 07:05:18','2024-11-28 07:05:18'),(170,30,20,9,'2024-11-28 07:05:18','2024-11-28 07:05:18'),(171,56,21,8,'2024-11-28 07:05:18','2024-11-28 07:05:18'),(172,55,21,3,'2024-11-28 07:05:18','2024-11-28 07:05:18'),(173,53,21,4,'2024-11-28 07:05:18','2024-11-28 07:05:18'),(174,46,21,3,'2024-11-28 07:05:18','2024-11-28 07:05:18'),(175,40,21,10,'2024-11-28 07:05:18','2024-11-28 07:05:18'),(176,39,21,6,'2024-11-28 07:05:18','2024-11-28 07:05:18'),(177,38,21,10,'2024-11-28 07:05:18','2024-11-28 07:05:18'),(178,35,21,6,'2024-11-28 07:05:18','2024-11-28 07:05:18'),(179,33,21,10,'2024-11-28 07:05:18','2024-11-28 07:05:18'),(180,31,21,10,'2024-11-28 07:05:18','2024-11-28 07:05:18'),(181,56,22,10,'2024-11-28 07:05:18','2024-11-28 07:05:18'),(182,51,22,4,'2024-11-28 07:05:18','2024-11-28 07:05:18'),(183,50,22,7,'2024-11-28 07:05:18','2024-11-28 07:05:18'),(184,45,22,3,'2024-11-28 07:05:18','2024-11-28 07:05:18'),(185,43,22,10,'2024-11-28 07:05:18','2024-11-28 07:05:18'),(186,42,22,6,'2024-11-28 07:05:18','2024-11-28 07:05:18'),(187,41,22,4,'2024-11-28 07:05:18','2024-11-28 07:05:18'),(188,36,22,6,'2024-11-28 07:05:18','2024-11-28 07:05:18'),(189,32,22,6,'2024-11-28 07:05:18','2024-11-28 07:05:18'),(190,30,22,7,'2024-11-28 07:05:18','2024-11-28 07:05:18'),(191,51,23,4,'2024-11-28 07:05:18','2024-11-28 07:05:18'),(192,50,23,4,'2024-11-28 07:05:18','2024-11-28 07:05:18'),(193,49,23,6,'2024-11-28 07:05:18','2024-11-28 07:05:18'),(194,48,23,6,'2024-11-28 07:05:18','2024-11-28 07:05:18'),(195,47,23,6,'2024-11-28 07:05:18','2024-11-28 07:05:18'),(196,43,23,1,'2024-11-28 07:05:18','2024-11-28 07:05:18'),(197,37,23,2,'2024-11-28 07:05:18','2024-11-28 07:05:18'),(198,36,23,4,'2024-11-28 07:05:18','2024-11-28 07:05:18'),(199,35,23,10,'2024-11-28 07:05:18','2024-11-28 07:05:18'),(200,34,23,2,'2024-11-28 07:05:18','2024-11-28 07:05:18'),(201,33,23,6,'2024-11-28 07:05:18','2024-11-28 07:05:18'),(202,30,23,3,'2024-11-28 07:05:18','2024-11-28 07:05:18'),(203,56,17,4,'2024-11-28 07:05:18','2024-11-28 07:05:18'),(204,54,17,7,'2024-11-28 07:05:18','2024-11-28 07:05:18'),(205,52,17,2,'2024-11-28 07:05:18','2024-11-28 07:05:18'),(206,51,17,2,'2024-11-28 07:05:18','2024-11-28 07:05:18'),(207,50,17,2,'2024-11-28 07:05:18','2024-11-28 07:05:18'),(208,45,17,9,'2024-11-28 07:05:18','2024-11-28 07:05:18'),(209,38,17,5,'2024-11-28 07:05:18','2024-11-28 07:05:18'),(210,28,17,1,'2024-11-28 07:05:18','2024-11-28 07:05:18'),(211,27,17,8,'2024-11-28 07:05:18','2024-11-28 07:05:18'),(212,26,17,2,'2024-11-28 07:05:18','2024-11-28 07:05:18'),(213,47,24,6,'2024-11-28 07:05:18','2024-11-28 07:05:18'),(214,40,24,6,'2024-11-28 07:05:18','2024-11-28 07:05:18'),(215,38,24,4,'2024-11-28 07:05:18','2024-11-28 07:05:18'),(216,30,24,4,'2024-11-28 07:05:18','2024-11-28 07:05:18'),(217,27,24,9,'2024-11-28 07:05:18','2024-11-28 07:05:18'),(218,56,25,3,'2024-11-28 07:05:18','2024-11-28 07:05:18'),(219,50,25,9,'2024-11-28 07:05:18','2024-11-28 07:05:18'),(220,40,25,7,'2024-11-28 07:05:18','2024-11-28 07:05:18'),(221,38,25,7,'2024-11-28 07:05:18','2024-11-28 07:05:18'),(222,37,25,10,'2024-11-28 07:05:18','2024-11-28 07:05:18'),(223,28,25,9,'2024-11-28 07:05:18','2024-11-28 07:05:18'),(224,51,26,9,'2024-11-28 07:05:18','2024-11-28 07:05:18'),(225,50,26,9,'2024-11-28 07:05:18','2024-11-28 07:05:18'),(226,49,26,9,'2024-11-28 07:05:18','2024-11-28 07:05:18'),(227,47,26,1,'2024-11-28 07:05:18','2024-11-28 07:05:18'),(228,42,26,4,'2024-11-28 07:05:18','2024-11-28 07:05:18'),(229,35,26,4,'2024-11-28 07:05:18','2024-11-28 07:05:18'),(230,32,26,8,'2024-11-28 07:05:18','2024-11-28 07:05:18'),(231,27,26,9,'2024-11-28 07:05:18','2024-11-28 07:05:18'),(232,55,27,5,'2024-11-28 07:05:18','2024-11-28 07:05:18'),(233,51,27,10,'2024-11-28 07:05:18','2024-11-28 07:05:18'),(234,47,27,4,'2024-11-28 07:05:18','2024-11-28 07:05:18'),(235,45,27,3,'2024-11-28 07:05:18','2024-11-28 07:05:18'),(236,44,27,3,'2024-11-28 07:05:18','2024-11-28 07:05:18'),(237,42,27,7,'2024-11-28 07:05:18','2024-11-28 07:05:18'),(238,35,27,6,'2024-11-28 07:05:18','2024-11-28 07:05:18'),(239,27,27,7,'2024-11-28 07:05:18','2024-11-28 07:05:18'),(240,56,28,1,'2024-11-28 07:05:18','2024-11-28 07:05:18'),(241,54,28,3,'2024-11-28 07:05:18','2024-11-28 07:05:18'),(242,51,28,9,'2024-11-28 07:05:18','2024-11-28 07:05:18'),(243,49,28,2,'2024-11-28 07:05:18','2024-11-28 07:05:18'),(244,48,28,8,'2024-11-28 07:05:18','2024-11-28 07:05:18'),(245,44,28,4,'2024-11-28 07:05:18','2024-11-28 07:05:18'),(246,41,28,7,'2024-11-28 07:05:18','2024-11-28 07:05:18'),(247,36,28,6,'2024-11-28 07:05:18','2024-11-28 07:05:18'),(248,32,28,6,'2024-11-28 07:05:18','2024-11-28 07:05:18'),(249,31,28,4,'2024-11-28 07:05:18','2024-11-28 07:05:18'),(250,30,28,7,'2024-11-28 07:05:18','2024-11-28 07:05:18'),(251,56,29,3,'2024-11-28 07:05:18','2024-11-28 07:05:18'),(252,44,29,7,'2024-11-28 07:05:18','2024-11-28 07:05:18'),(253,42,29,5,'2024-11-28 07:05:18','2024-11-28 07:05:18'),(254,39,29,4,'2024-11-28 07:05:18','2024-11-28 07:05:18'),(255,32,29,3,'2024-11-28 07:05:18','2024-11-28 07:05:18'),(256,53,30,9,'2024-11-28 07:05:18','2024-11-28 07:05:18'),(257,50,30,7,'2024-11-28 07:05:18','2024-11-28 07:05:18'),(258,49,30,1,'2024-11-28 07:05:18','2024-11-28 07:05:18'),(259,43,30,9,'2024-11-28 07:05:18','2024-11-28 07:05:18'),(260,42,30,5,'2024-11-28 07:05:18','2024-11-28 07:05:18'),(261,40,30,3,'2024-11-28 07:05:18','2024-11-28 07:05:18'),(262,39,30,5,'2024-11-28 07:05:18','2024-11-28 07:05:18'),(263,38,30,10,'2024-11-28 07:05:18','2024-11-28 07:05:18'),(264,32,30,9,'2024-11-28 07:05:18','2024-11-28 07:05:18'),(265,30,30,7,'2024-11-28 07:05:18','2024-11-28 07:05:18'),(266,28,30,4,'2024-11-28 07:05:18','2024-11-28 07:05:18'),(267,56,31,3,'2024-11-28 07:05:18','2024-11-28 07:05:18'),(268,53,31,4,'2024-11-28 07:05:18','2024-11-28 07:05:18'),(269,51,31,4,'2024-11-28 07:05:18','2024-11-28 07:05:18'),(270,50,31,4,'2024-11-28 07:05:18','2024-11-28 07:05:18'),(271,48,31,9,'2024-11-28 07:05:18','2024-11-28 07:05:18'),(272,46,31,1,'2024-11-28 07:05:18','2024-11-28 07:05:18'),(273,56,32,10,'2024-11-28 07:05:18','2024-11-28 07:05:18'),(274,55,32,6,'2024-11-28 07:05:18','2024-11-28 07:05:18'),(275,53,32,10,'2024-11-28 07:05:18','2024-11-28 07:05:18'),(276,49,32,8,'2024-11-28 07:05:18','2024-11-28 07:05:18'),(277,48,32,2,'2024-11-28 07:05:18','2024-11-28 07:05:18'),(278,46,32,2,'2024-11-28 07:05:18','2024-11-28 07:05:18'),(279,42,32,6,'2024-11-28 07:05:18','2024-11-28 07:05:18'),(280,40,32,3,'2024-11-28 07:05:18','2024-11-28 07:05:18'),(281,38,32,3,'2024-11-28 07:05:18','2024-11-28 07:05:18'),(282,32,32,9,'2024-11-28 07:05:18','2024-11-28 07:05:18'),(283,28,32,1,'2024-11-28 07:05:18','2024-11-28 07:05:18'),(284,26,32,9,'2024-11-28 07:05:18','2024-11-28 07:05:18'),(285,55,33,7,'2024-11-28 07:05:18','2024-11-28 07:05:18'),(286,51,33,7,'2024-11-28 07:05:18','2024-11-28 07:05:18'),(287,49,33,2,'2024-11-28 07:05:18','2024-11-28 07:05:18'),(288,47,33,1,'2024-11-28 07:05:18','2024-11-28 07:05:18'),(289,42,33,6,'2024-11-28 07:05:18','2024-11-28 07:05:18'),(290,37,33,2,'2024-11-28 07:05:18','2024-11-28 07:05:18'),(291,36,33,10,'2024-11-28 07:05:18','2024-11-28 07:05:18'),(292,34,33,9,'2024-11-28 07:05:18','2024-11-28 07:05:18'),(293,33,33,3,'2024-11-28 07:05:18','2024-11-28 07:05:18'),(294,55,34,9,'2024-11-28 07:05:18','2024-11-28 07:05:18'),(295,46,34,6,'2024-11-28 07:05:18','2024-11-28 07:05:18'),(296,38,34,9,'2024-11-28 07:05:18','2024-11-28 07:05:18'),(297,34,34,2,'2024-11-28 07:05:18','2024-11-28 07:05:18'),(298,28,34,6,'2024-11-28 07:05:18','2024-11-28 07:05:18'),(299,56,35,9,'2024-11-28 07:05:18','2024-11-28 07:05:18'),(300,50,35,1,'2024-11-28 07:05:18','2024-11-28 07:05:18'),(301,45,35,4,'2024-11-28 07:05:18','2024-11-28 07:05:18'),(302,42,35,10,'2024-11-28 07:05:18','2024-11-28 07:05:18'),(303,40,35,8,'2024-11-28 07:05:18','2024-11-28 07:05:18'),(304,37,35,10,'2024-11-28 07:05:18','2024-11-28 07:05:18'),(305,33,35,2,'2024-11-28 07:05:18','2024-11-28 07:05:18'),(306,32,35,1,'2024-11-28 07:05:18','2024-11-28 07:05:18'),(307,31,35,10,'2024-11-28 07:05:18','2024-11-28 07:05:18'),(308,52,36,9,'2024-11-28 07:05:18','2024-11-28 07:05:18'),(309,51,36,8,'2024-11-28 07:05:18','2024-11-28 07:05:18'),(310,49,36,2,'2024-11-28 07:05:18','2024-11-28 07:05:18'),(311,46,36,4,'2024-11-28 07:05:18','2024-11-28 07:05:18'),(312,45,36,2,'2024-11-28 07:05:18','2024-11-28 07:05:18'),(313,43,36,2,'2024-11-28 07:05:18','2024-11-28 07:05:18'),(314,42,36,9,'2024-11-28 07:05:18','2024-11-28 07:05:18'),(315,41,36,4,'2024-11-28 07:05:18','2024-11-28 07:05:18'),(316,40,36,9,'2024-11-28 07:05:18','2024-11-28 07:05:18'),(317,38,36,9,'2024-11-28 07:05:18','2024-11-28 07:05:18'),(318,36,36,1,'2024-11-28 07:05:18','2024-11-28 07:05:18'),(319,35,36,2,'2024-11-28 07:05:18','2024-11-28 07:05:18'),(320,27,36,7,'2024-11-28 07:05:18','2024-11-28 07:05:18'),(321,54,37,8,'2024-11-28 07:05:18','2024-11-28 07:05:18'),(322,49,37,6,'2024-11-28 07:05:18','2024-11-28 07:05:18'),(323,42,37,9,'2024-11-28 07:05:18','2024-11-28 07:05:18'),(324,40,37,8,'2024-11-28 07:05:18','2024-11-28 07:05:18'),(325,33,37,8,'2024-11-28 07:05:18','2024-11-28 07:05:18'),(326,30,37,3,'2024-11-28 07:05:18','2024-11-28 07:05:18'),(327,28,37,1,'2024-11-28 07:05:18','2024-11-28 07:05:18'),(328,26,37,4,'2024-11-28 07:05:18','2024-11-28 07:05:18'),(329,56,38,4,'2024-11-28 07:05:18','2024-11-28 07:05:18'),(330,54,38,4,'2024-11-28 07:05:18','2024-11-28 07:05:18'),(331,53,38,2,'2024-11-28 07:05:18','2024-11-28 07:05:18'),(332,52,38,10,'2024-11-28 07:05:18','2024-11-28 07:05:18'),(333,48,38,3,'2024-11-28 07:05:18','2024-11-28 07:05:18'),(334,46,38,9,'2024-11-28 07:05:18','2024-11-28 07:05:18'),(335,39,38,9,'2024-11-28 07:05:18','2024-11-28 07:05:18'),(336,36,38,1,'2024-11-28 07:05:18','2024-11-28 07:05:18'),(337,31,38,2,'2024-11-28 07:05:18','2024-11-28 07:05:18'),(338,30,38,7,'2024-11-28 07:05:18','2024-11-28 07:05:18'),(339,26,38,9,'2024-11-28 07:05:18','2024-11-28 07:05:18'),(340,56,39,8,'2024-11-28 07:05:18','2024-11-28 07:05:18'),(341,49,39,3,'2024-11-28 07:05:18','2024-11-28 07:05:18'),(342,45,39,5,'2024-11-28 07:05:18','2024-11-28 07:05:18'),(343,38,39,9,'2024-11-28 07:05:18','2024-11-28 07:05:18'),(344,36,39,4,'2024-11-28 07:05:18','2024-11-28 07:05:18'),(345,34,39,9,'2024-11-28 07:05:18','2024-11-28 07:05:18'),(346,56,40,7,'2024-11-28 07:05:18','2024-11-28 07:05:18'),(347,54,40,9,'2024-11-28 07:05:18','2024-11-28 07:05:18'),(348,53,40,10,'2024-11-28 07:05:18','2024-11-28 07:05:18'),(349,47,40,3,'2024-11-28 07:05:18','2024-11-28 07:05:18'),(350,45,40,6,'2024-11-28 07:05:18','2024-11-28 07:05:18'),(351,30,40,8,'2024-11-28 07:05:18','2024-11-28 07:05:18'),(352,27,40,10,'2024-11-28 07:05:18','2024-11-28 07:05:18'),(353,56,41,1,'2024-11-28 07:05:18','2024-11-28 07:05:18'),(354,51,41,2,'2024-11-28 07:05:18','2024-11-28 07:05:18'),(355,49,41,4,'2024-11-28 07:05:18','2024-11-28 07:05:18'),(356,46,41,6,'2024-11-28 07:05:18','2024-11-28 07:05:18'),(357,45,41,7,'2024-11-28 07:05:18','2024-11-28 07:05:18'),(358,43,41,1,'2024-11-28 07:05:18','2024-11-28 07:05:18'),(359,39,41,9,'2024-11-28 07:05:18','2024-11-28 07:05:18'),(360,28,41,7,'2024-11-28 07:05:18','2024-11-28 07:05:18'),(361,54,42,7,'2024-11-28 07:05:18','2024-11-28 07:05:18'),(362,52,42,8,'2024-11-28 07:05:18','2024-11-28 07:05:18'),(363,50,42,3,'2024-11-28 07:05:18','2024-11-28 07:05:18'),(364,48,42,6,'2024-11-28 07:05:18','2024-11-28 07:05:18'),(365,47,42,6,'2024-11-28 07:05:18','2024-11-28 07:05:18'),(366,45,42,8,'2024-11-28 07:05:18','2024-11-28 07:05:18'),(367,43,42,10,'2024-11-28 07:05:18','2024-11-28 07:05:18'),(368,42,42,3,'2024-11-28 07:05:18','2024-11-28 07:05:18'),(369,35,42,3,'2024-11-28 07:05:18','2024-11-28 07:05:18'),(370,28,42,2,'2024-11-28 07:05:18','2024-11-28 07:05:18'),(371,27,42,5,'2024-11-28 07:05:18','2024-11-28 07:05:18'),(372,54,43,1,'2024-11-28 07:05:18','2024-11-28 07:05:18'),(373,53,43,10,'2024-11-28 07:05:18','2024-11-28 07:05:18'),(374,46,43,2,'2024-11-28 07:05:18','2024-11-28 07:05:18'),(375,41,43,1,'2024-11-28 07:05:18','2024-11-28 07:05:18'),(376,37,43,10,'2024-11-28 07:05:18','2024-11-28 07:05:18'),(377,34,43,8,'2024-11-28 07:05:18','2024-11-28 07:05:18'),(378,33,43,10,'2024-11-28 07:05:18','2024-11-28 07:05:18'),(379,28,43,10,'2024-11-28 07:05:18','2024-11-28 07:05:18'),(380,56,44,5,'2024-11-28 07:05:18','2024-11-28 07:05:18'),(381,51,44,4,'2024-11-28 07:05:18','2024-11-28 07:05:18'),(382,41,44,2,'2024-11-28 07:05:18','2024-11-28 07:05:18'),(383,38,44,2,'2024-11-28 07:05:18','2024-11-28 07:05:18'),(384,33,44,6,'2024-11-28 07:05:18','2024-11-28 07:05:18'),(385,30,44,5,'2024-11-28 07:05:18','2024-11-28 07:05:18'),(386,27,44,8,'2024-11-28 07:05:18','2024-11-28 07:05:18'),(387,47,45,2,'2024-11-28 07:05:18','2024-11-28 07:05:18'),(388,46,45,4,'2024-11-28 07:05:18','2024-11-28 07:05:18'),(389,44,45,1,'2024-11-28 07:05:18','2024-11-28 07:05:18'),(390,43,45,10,'2024-11-28 07:05:18','2024-11-28 07:05:18'),(391,42,45,2,'2024-11-28 07:05:18','2024-11-28 07:05:18'),(392,41,45,8,'2024-11-28 07:05:18','2024-11-28 07:05:18'),(393,37,45,8,'2024-11-28 07:05:18','2024-11-28 07:05:18'),(394,35,45,6,'2024-11-28 07:05:18','2024-11-28 07:05:18'),(395,54,47,8,'2024-11-28 07:05:18','2024-11-28 07:05:18'),(396,50,47,3,'2024-11-28 07:05:18','2024-11-28 07:05:18'),(397,45,47,9,'2024-11-28 07:05:18','2024-11-28 07:05:18'),(398,43,47,5,'2024-11-28 07:05:18','2024-11-28 07:05:18'),(399,42,47,9,'2024-11-28 07:05:18','2024-11-28 07:05:18'),(400,40,47,6,'2024-11-28 07:05:18','2024-11-28 07:05:18'),(401,39,47,5,'2024-11-28 07:05:18','2024-11-28 07:05:18'),(402,37,47,9,'2024-11-28 07:05:18','2024-11-28 07:05:18'),(403,35,47,6,'2024-11-28 07:05:18','2024-11-28 07:05:18'),(404,34,47,1,'2024-11-28 07:05:18','2024-11-28 07:05:18'),(405,32,47,2,'2024-11-28 07:05:18','2024-11-28 07:05:18'),(406,31,47,4,'2024-11-28 07:05:18','2024-11-28 07:05:18'),(407,30,47,3,'2024-11-28 07:05:18','2024-11-28 07:05:18'),(408,54,48,3,'2024-11-28 07:05:18','2024-11-28 07:05:18'),(409,53,48,6,'2024-11-28 07:05:18','2024-11-28 07:05:18'),(410,51,48,8,'2024-11-28 07:05:18','2024-11-28 07:05:18'),(411,48,48,4,'2024-11-28 07:05:18','2024-11-28 07:05:18'),(412,38,48,3,'2024-11-28 07:05:18','2024-11-28 07:05:18'),(413,33,48,2,'2024-11-28 07:05:18','2024-11-28 07:05:18'),(414,32,48,7,'2024-11-28 07:05:18','2024-11-28 07:05:18'),(415,28,48,6,'2024-11-28 07:05:18','2024-11-28 07:05:18'),(416,26,48,1,'2024-11-28 07:05:18','2024-11-28 07:05:18'),(417,56,49,10,'2024-11-28 07:05:18','2024-11-28 07:05:18'),(418,52,49,8,'2024-11-28 07:05:18','2024-11-28 07:05:18'),(419,51,49,2,'2024-11-28 07:05:18','2024-11-28 07:05:18'),(420,48,49,1,'2024-11-28 07:05:18','2024-11-28 07:05:18'),(421,46,49,8,'2024-11-28 07:05:18','2024-11-28 07:05:18'),(422,45,49,10,'2024-11-28 07:05:18','2024-11-28 07:05:18'),(423,44,49,1,'2024-11-28 07:05:18','2024-11-28 07:05:18'),(424,39,49,3,'2024-11-28 07:05:18','2024-11-28 07:05:18'),(425,37,49,4,'2024-11-28 07:05:18','2024-11-28 07:05:18'),(426,32,49,7,'2024-11-28 07:05:18','2024-11-28 07:05:18'),(427,27,49,4,'2024-11-28 07:05:18','2024-11-28 07:05:18'),(428,26,49,6,'2024-11-28 07:05:18','2024-11-28 07:05:18'),(429,52,50,1,'2024-11-28 07:05:18','2024-11-28 07:05:18'),(430,49,50,10,'2024-11-28 07:05:18','2024-11-28 07:05:18'),(431,48,50,7,'2024-11-28 07:05:18','2024-11-28 07:05:18'),(432,46,50,5,'2024-11-28 07:05:18','2024-11-28 07:05:18'),(433,42,50,7,'2024-11-28 07:05:18','2024-11-28 07:05:18'),(434,32,50,5,'2024-11-28 07:05:18','2024-11-28 07:05:18'),(435,30,50,8,'2024-11-28 07:05:18','2024-11-28 07:05:18'),(436,55,51,10,'2024-11-28 07:05:18','2024-11-28 07:05:18'),(437,52,51,7,'2024-11-28 07:05:18','2024-11-28 07:05:18'),(438,49,51,10,'2024-11-28 07:05:18','2024-11-28 07:05:18'),(439,46,51,10,'2024-11-28 07:05:18','2024-11-28 07:05:18'),(440,41,51,6,'2024-11-28 07:05:18','2024-11-28 07:05:18'),(441,39,51,8,'2024-11-28 07:05:18','2024-11-28 07:05:18'),(442,33,51,4,'2024-11-28 07:05:18','2024-11-28 07:05:18'),(443,30,51,1,'2024-11-28 07:05:18','2024-11-28 07:05:18'),(444,26,51,1,'2024-11-28 07:05:18','2024-11-28 07:05:18'),(445,52,46,8,'2024-11-28 07:05:18','2024-11-28 07:05:18'),(446,39,46,6,'2024-11-28 07:05:18','2024-11-28 07:05:18'),(447,36,46,10,'2024-11-28 07:05:18','2024-11-28 07:05:18'),(448,33,46,3,'2024-11-28 07:05:18','2024-11-28 07:05:18'),(449,28,46,6,'2024-11-28 07:05:18','2024-11-28 07:05:18'),(450,53,52,7,'2024-11-28 07:05:18','2024-11-28 07:05:18'),(451,48,52,9,'2024-11-28 07:05:18','2024-11-28 07:05:18'),(452,47,52,3,'2024-11-28 07:05:18','2024-11-28 07:05:18'),(453,41,52,1,'2024-11-28 07:05:18','2024-11-28 07:05:18'),(454,39,52,2,'2024-11-28 07:05:18','2024-11-28 07:05:18'),(455,36,52,9,'2024-11-28 07:05:18','2024-11-28 07:05:18'),(456,30,52,6,'2024-11-28 07:05:18','2024-11-28 07:05:18'),(457,27,52,10,'2024-11-28 07:05:18','2024-11-28 07:05:18'),(458,54,53,3,'2024-11-28 07:05:18','2024-11-28 07:05:18'),(459,52,53,9,'2024-11-28 07:05:18','2024-11-28 07:05:18'),(460,50,53,9,'2024-11-28 07:05:18','2024-11-28 07:05:18'),(461,46,53,2,'2024-11-28 07:05:18','2024-11-28 07:05:18'),(462,45,53,9,'2024-11-28 07:05:18','2024-11-28 07:05:18'),(463,44,53,2,'2024-11-28 07:05:18','2024-11-28 07:05:18'),(464,43,53,1,'2024-11-28 07:05:18','2024-11-28 07:05:18'),(465,42,53,8,'2024-11-28 07:05:18','2024-11-28 07:05:18'),(466,37,53,8,'2024-11-28 07:05:18','2024-11-28 07:05:18'),(467,35,53,2,'2024-11-28 07:05:18','2024-11-28 07:05:18'),(468,34,53,9,'2024-11-28 07:05:18','2024-11-28 07:05:18'),(469,28,53,1,'2024-11-28 07:05:18','2024-11-28 07:05:18'),(470,26,53,5,'2024-11-28 07:05:18','2024-11-28 07:05:18'),(471,55,54,8,'2024-11-28 07:05:18','2024-11-28 07:05:18'),(472,53,54,5,'2024-11-28 07:05:18','2024-11-28 07:05:18'),(473,49,54,8,'2024-11-28 07:05:18','2024-11-28 07:05:18'),(474,48,54,4,'2024-11-28 07:05:18','2024-11-28 07:05:18'),(475,46,54,8,'2024-11-28 07:05:18','2024-11-28 07:05:18'),(476,44,54,1,'2024-11-28 07:05:18','2024-11-28 07:05:18'),(477,42,54,3,'2024-11-28 07:05:18','2024-11-28 07:05:18'),(478,41,54,5,'2024-11-28 07:05:18','2024-11-28 07:05:18'),(479,40,54,9,'2024-11-28 07:05:18','2024-11-28 07:05:18'),(480,36,54,10,'2024-11-28 07:05:18','2024-11-28 07:05:18'),(481,30,54,1,'2024-11-28 07:05:18','2024-11-28 07:05:18'),(482,26,54,9,'2024-11-28 07:05:18','2024-11-28 07:05:18'),(483,54,55,5,'2024-11-28 07:05:18','2024-11-28 07:05:18'),(484,52,55,2,'2024-11-28 07:05:18','2024-11-28 07:05:18'),(485,46,55,3,'2024-11-28 07:05:18','2024-11-28 07:05:18'),(486,44,55,3,'2024-11-28 07:05:18','2024-11-28 07:05:18'),(487,42,55,3,'2024-11-28 07:05:18','2024-11-28 07:05:18'),(488,38,55,2,'2024-11-28 07:05:18','2024-11-28 07:05:18'),(489,36,55,2,'2024-11-28 07:05:18','2024-11-28 07:05:18'),(490,27,55,2,'2024-11-28 07:05:18','2024-11-28 07:05:18'),(491,26,55,5,'2024-11-28 07:05:18','2024-11-28 07:05:18'),(492,55,56,1,'2024-11-28 07:05:18','2024-11-28 07:05:18'),(493,52,56,3,'2024-11-28 07:05:18','2024-11-28 07:05:18'),(494,44,56,7,'2024-11-28 07:05:18','2024-11-28 07:05:18'),(495,43,56,3,'2024-11-28 07:05:18','2024-11-28 07:05:18'),(496,36,56,10,'2024-11-28 07:05:18','2024-11-28 07:05:18'),(497,32,56,1,'2024-11-28 07:05:18','2024-11-28 07:05:18'),(498,26,56,6,'2024-11-28 07:05:18','2024-11-28 07:05:18'),(499,55,57,5,'2024-11-28 07:05:18','2024-11-28 07:05:18'),(500,50,57,7,'2024-11-28 07:05:18','2024-11-28 07:05:18'),(501,48,57,5,'2024-11-28 07:05:18','2024-11-28 07:05:18'),(502,46,57,7,'2024-11-28 07:05:18','2024-11-28 07:05:18'),(503,41,57,2,'2024-11-28 07:05:18','2024-11-28 07:05:18'),(504,33,57,8,'2024-11-28 07:05:18','2024-11-28 07:05:18'),(505,55,59,9,'2024-11-28 07:05:18','2024-11-28 07:05:18'),(506,53,59,3,'2024-11-28 07:05:18','2024-11-28 07:05:18'),(507,49,59,10,'2024-11-28 07:05:18','2024-11-28 07:05:18'),(508,44,59,10,'2024-11-28 07:05:18','2024-11-28 07:05:18'),(509,43,59,8,'2024-11-28 07:05:18','2024-11-28 07:05:18'),(510,42,59,9,'2024-11-28 07:05:18','2024-11-28 07:05:18'),(511,36,59,2,'2024-11-28 07:05:18','2024-11-28 07:05:18'),(512,35,59,10,'2024-11-28 07:05:18','2024-11-28 07:05:18'),(513,31,59,6,'2024-11-28 07:05:18','2024-11-28 07:05:18'),(514,30,59,8,'2024-11-28 07:05:18','2024-11-28 07:05:18'),(515,27,59,7,'2024-11-28 07:05:18','2024-11-28 07:05:18'),(516,54,69,2,'2024-11-28 07:05:18','2024-11-28 07:05:18'),(517,50,69,9,'2024-11-28 07:05:18','2024-11-28 07:05:18'),(518,46,69,2,'2024-11-28 07:05:18','2024-11-28 07:05:18'),(519,45,69,8,'2024-11-28 07:05:18','2024-11-28 07:05:18'),(520,43,69,7,'2024-11-28 07:05:18','2024-11-28 07:05:18'),(521,40,69,2,'2024-11-28 07:05:18','2024-11-28 07:05:18'),(522,39,69,6,'2024-11-28 07:05:18','2024-11-28 07:05:18'),(523,37,69,2,'2024-11-28 07:05:18','2024-11-28 07:05:18'),(524,36,69,4,'2024-11-28 07:05:18','2024-11-28 07:05:18'),(525,35,69,2,'2024-11-28 07:05:18','2024-11-28 07:05:18'),(526,34,69,4,'2024-11-28 07:05:18','2024-11-28 07:05:18'),(527,33,69,3,'2024-11-28 07:05:18','2024-11-28 07:05:18'),(528,28,69,7,'2024-11-28 07:05:18','2024-11-28 07:05:18'),(529,26,69,6,'2024-11-28 07:05:18','2024-11-28 07:05:18'),(530,56,58,8,'2024-11-28 07:05:18','2024-11-28 07:05:18'),(531,55,58,9,'2024-11-28 07:05:18','2024-11-28 07:05:18'),(532,54,58,4,'2024-11-28 07:05:18','2024-11-28 07:05:18'),(533,53,58,9,'2024-11-28 07:05:18','2024-11-28 07:05:18'),(534,51,58,6,'2024-11-28 07:05:18','2024-11-28 07:05:18'),(535,49,58,4,'2024-11-28 07:05:18','2024-11-28 07:05:18'),(536,44,58,10,'2024-11-28 07:05:18','2024-11-28 07:05:18'),(537,43,58,5,'2024-11-28 07:05:18','2024-11-28 07:05:18'),(538,42,58,9,'2024-11-28 07:05:18','2024-11-28 07:05:18'),(539,41,58,1,'2024-11-28 07:05:18','2024-11-28 07:05:18'),(540,40,58,10,'2024-11-28 07:05:18','2024-11-28 07:05:18'),(541,37,58,7,'2024-11-28 07:05:18','2024-11-28 07:05:18'),(542,35,58,10,'2024-11-28 07:05:18','2024-11-28 07:05:18'),(543,31,58,9,'2024-11-28 07:05:18','2024-11-28 07:05:18'),(544,56,61,5,'2024-11-28 07:05:18','2024-11-28 07:05:18'),(545,49,61,8,'2024-11-28 07:05:18','2024-11-28 07:05:18'),(546,44,61,10,'2024-11-28 07:05:18','2024-11-28 07:05:18'),(547,43,61,6,'2024-11-28 07:05:18','2024-11-28 07:05:18'),(548,41,61,3,'2024-11-28 07:05:18','2024-11-28 07:05:18'),(549,38,61,2,'2024-11-28 07:05:18','2024-11-28 07:05:18'),(550,37,61,7,'2024-11-28 07:05:18','2024-11-28 07:05:18'),(551,32,61,10,'2024-11-28 07:05:18','2024-11-28 07:05:18'),(552,30,61,2,'2024-11-28 07:05:18','2024-11-28 07:05:18'),(553,50,60,7,'2024-11-28 07:05:18','2024-11-28 07:05:18'),(554,47,60,1,'2024-11-28 07:05:18','2024-11-28 07:05:18'),(555,43,60,6,'2024-11-28 07:05:18','2024-11-28 07:05:18'),(556,37,60,7,'2024-11-28 07:05:18','2024-11-28 07:05:18'),(557,35,60,2,'2024-11-28 07:05:18','2024-11-28 07:05:18'),(558,33,60,1,'2024-11-28 07:05:18','2024-11-28 07:05:18'),(559,56,62,7,'2024-11-28 07:05:18','2024-11-28 07:05:18'),(560,52,62,5,'2024-11-28 07:05:18','2024-11-28 07:05:18'),(561,50,62,4,'2024-11-28 07:05:18','2024-11-28 07:05:18'),(562,49,62,4,'2024-11-28 07:05:18','2024-11-28 07:05:18'),(563,43,62,9,'2024-11-28 07:05:18','2024-11-28 07:05:18'),(564,42,62,7,'2024-11-28 07:05:18','2024-11-28 07:05:18'),(565,39,62,5,'2024-11-28 07:05:18','2024-11-28 07:05:18'),(566,38,62,1,'2024-11-28 07:05:18','2024-11-28 07:05:18'),(567,37,62,9,'2024-11-28 07:05:18','2024-11-28 07:05:18'),(568,34,62,1,'2024-11-28 07:05:18','2024-11-28 07:05:18'),(569,31,62,6,'2024-11-28 07:05:18','2024-11-28 07:05:18'),(570,27,62,4,'2024-11-28 07:05:18','2024-11-28 07:05:18'),(571,55,63,2,'2024-11-28 07:05:18','2024-11-28 07:05:18'),(572,54,63,6,'2024-11-28 07:05:18','2024-11-28 07:05:18'),(573,47,63,1,'2024-11-28 07:05:18','2024-11-28 07:05:18'),(574,45,63,9,'2024-11-28 07:05:18','2024-11-28 07:05:18'),(575,43,63,1,'2024-11-28 07:05:18','2024-11-28 07:05:18'),(576,41,63,9,'2024-11-28 07:05:18','2024-11-28 07:05:18'),(577,33,63,3,'2024-11-28 07:05:18','2024-11-28 07:05:18'),(578,30,63,3,'2024-11-28 07:05:18','2024-11-28 07:05:18'),(579,28,63,5,'2024-11-28 07:05:18','2024-11-28 07:05:18'),(580,27,63,3,'2024-11-28 07:05:18','2024-11-28 07:05:18'),(581,26,63,5,'2024-11-28 07:05:18','2024-11-28 07:05:18'),(582,56,64,8,'2024-11-28 07:05:18','2024-11-28 07:05:18'),(583,55,64,2,'2024-11-28 07:05:18','2024-11-28 07:05:18'),(584,47,64,5,'2024-11-28 07:05:18','2024-11-28 07:05:18'),(585,43,64,10,'2024-11-28 07:05:18','2024-11-28 07:05:18'),(586,40,64,2,'2024-11-28 07:05:18','2024-11-28 07:05:18'),(587,39,64,4,'2024-11-28 07:05:18','2024-11-28 07:05:18'),(588,38,64,3,'2024-11-28 07:05:18','2024-11-28 07:05:18'),(589,34,64,10,'2024-11-28 07:05:18','2024-11-28 07:05:18'),(590,32,64,4,'2024-11-28 07:05:18','2024-11-28 07:05:18'),(591,28,64,8,'2024-11-28 07:05:18','2024-11-28 07:05:18'),(592,26,64,10,'2024-11-28 07:05:18','2024-11-28 07:05:18'),(593,47,65,9,'2024-11-28 07:05:18','2024-11-28 07:05:18'),(594,42,65,6,'2024-11-28 07:05:18','2024-11-28 07:05:18'),(595,41,65,3,'2024-11-28 07:05:18','2024-11-28 07:05:18'),(596,38,65,10,'2024-11-28 07:05:18','2024-11-28 07:05:18'),(597,36,65,9,'2024-11-28 07:05:18','2024-11-28 07:05:18'),(598,34,65,5,'2024-11-28 07:05:18','2024-11-28 07:05:18'),(599,32,65,8,'2024-11-28 07:05:18','2024-11-28 07:05:18'),(600,28,65,1,'2024-11-28 07:05:18','2024-11-28 07:05:18'),(601,51,66,3,'2024-11-28 07:05:18','2024-11-28 07:05:18'),(602,50,66,6,'2024-11-28 07:05:18','2024-11-28 07:05:18'),(603,47,66,8,'2024-11-28 07:05:18','2024-11-28 07:05:18'),(604,45,66,1,'2024-11-28 07:05:18','2024-11-28 07:05:18'),(605,43,66,7,'2024-11-28 07:05:18','2024-11-28 07:05:18'),(606,41,66,6,'2024-11-28 07:05:18','2024-11-28 07:05:18'),(607,40,66,3,'2024-11-28 07:05:18','2024-11-28 07:05:18'),(608,38,66,3,'2024-11-28 07:05:18','2024-11-28 07:05:18'),(609,55,67,9,'2024-11-28 07:05:18','2024-11-28 07:05:18'),(610,43,67,8,'2024-11-28 07:05:18','2024-11-28 07:05:18'),(611,40,67,2,'2024-11-28 07:05:18','2024-11-28 07:05:18'),(612,39,67,3,'2024-11-28 07:05:18','2024-11-28 07:05:18'),(613,36,67,2,'2024-11-28 07:05:18','2024-11-28 07:05:18'),(614,27,67,10,'2024-11-28 07:05:18','2024-11-28 07:05:18'),(615,56,68,4,'2024-11-28 07:05:18','2024-11-28 07:05:18'),(616,53,68,6,'2024-11-28 07:05:18','2024-11-28 07:05:18'),(617,50,68,5,'2024-11-28 07:05:18','2024-11-28 07:05:18'),(618,49,68,1,'2024-11-28 07:05:18','2024-11-28 07:05:18'),(619,41,68,6,'2024-11-28 07:05:18','2024-11-28 07:05:18'),(620,33,68,6,'2024-11-28 07:05:18','2024-11-28 07:05:18'),(621,30,68,10,'2024-11-28 07:05:18','2024-11-28 07:05:18'),(622,55,70,6,'2024-11-28 07:05:18','2024-11-28 07:05:18'),(623,54,70,5,'2024-11-28 07:05:18','2024-11-28 07:05:18'),(624,53,70,1,'2024-11-28 07:05:18','2024-11-28 07:05:18'),(625,49,70,10,'2024-11-28 07:05:18','2024-11-28 07:05:18'),(626,48,70,3,'2024-11-28 07:05:18','2024-11-28 07:05:18'),(627,47,70,4,'2024-11-28 07:05:18','2024-11-28 07:05:18'),(628,46,70,6,'2024-11-28 07:05:18','2024-11-28 07:05:18'),(629,45,70,8,'2024-11-28 07:05:18','2024-11-28 07:05:18'),(630,44,70,2,'2024-11-28 07:05:18','2024-11-28 07:05:18'),(631,36,70,9,'2024-11-28 07:05:18','2024-11-28 07:05:18'),(632,31,70,10,'2024-11-28 07:05:18','2024-11-28 07:05:18'),(633,28,70,7,'2024-11-28 07:05:18','2024-11-28 07:05:18'),(634,56,71,10,'2024-11-28 07:05:18','2024-11-28 07:05:18'),(635,55,71,7,'2024-11-28 07:05:18','2024-11-28 07:05:18'),(636,50,71,10,'2024-11-28 07:05:18','2024-11-28 07:05:18'),(637,49,71,3,'2024-11-28 07:05:18','2024-11-28 07:05:18'),(638,48,71,6,'2024-11-28 07:05:18','2024-11-28 07:05:18'),(639,46,71,5,'2024-11-28 07:05:18','2024-11-28 07:05:18'),(640,45,71,10,'2024-11-28 07:05:18','2024-11-28 07:05:18'),(641,35,71,9,'2024-11-28 07:05:18','2024-11-28 07:05:18'),(642,51,72,5,'2024-11-28 07:05:18','2024-11-28 07:05:18'),(643,49,72,10,'2024-11-28 07:05:18','2024-11-28 07:05:18'),(644,45,72,6,'2024-11-28 07:05:18','2024-11-28 07:05:18'),(645,40,72,5,'2024-11-28 07:05:18','2024-11-28 07:05:18'),(646,34,72,7,'2024-11-28 07:05:18','2024-11-28 07:05:18'),(647,33,72,5,'2024-11-28 07:05:18','2024-11-28 07:05:18'),(648,28,72,2,'2024-11-28 07:05:18','2024-11-28 07:05:18'),(649,26,72,8,'2024-11-28 07:05:18','2024-11-28 07:05:18'),(650,56,73,10,'2024-11-28 07:05:18','2024-11-28 07:05:18'),(651,52,73,9,'2024-11-28 07:05:18','2024-11-28 07:05:18'),(652,49,73,4,'2024-11-28 07:05:18','2024-11-28 07:05:18'),(653,48,73,8,'2024-11-28 07:05:18','2024-11-28 07:05:18'),(654,47,73,1,'2024-11-28 07:05:18','2024-11-28 07:05:18'),(655,46,73,1,'2024-11-28 07:05:18','2024-11-28 07:05:18'),(656,44,73,10,'2024-11-28 07:05:18','2024-11-28 07:05:18'),(657,39,73,8,'2024-11-28 07:05:18','2024-11-28 07:05:18'),(658,30,73,9,'2024-11-28 07:05:18','2024-11-28 07:05:18'),(659,27,73,6,'2024-11-28 07:05:18','2024-11-28 07:05:18'),(660,54,74,10,'2024-11-28 07:05:18','2024-11-28 07:05:18'),(661,48,74,10,'2024-11-28 07:05:18','2024-11-28 07:05:18'),(662,46,74,9,'2024-11-28 07:05:18','2024-11-28 07:05:18'),(663,43,74,1,'2024-11-28 07:05:18','2024-11-28 07:05:18'),(664,38,74,2,'2024-11-28 07:05:18','2024-11-28 07:05:18'),(665,36,74,5,'2024-11-28 07:05:18','2024-11-28 07:05:18'),(666,33,74,5,'2024-11-28 07:05:18','2024-11-28 07:05:18'),(667,32,74,9,'2024-11-28 07:05:18','2024-11-28 07:05:18'),(668,28,74,9,'2024-11-28 07:05:18','2024-11-28 07:05:18'),(669,26,74,4,'2024-11-28 07:05:18','2024-11-28 07:05:18'),(670,55,75,3,'2024-11-28 07:05:18','2024-11-28 07:05:18'),(671,52,75,8,'2024-11-28 07:05:18','2024-11-28 07:05:18'),(672,50,75,5,'2024-11-28 07:05:18','2024-11-28 07:05:18'),(673,48,75,6,'2024-11-28 07:05:18','2024-11-28 07:05:18'),(674,47,75,5,'2024-11-28 07:05:18','2024-11-28 07:05:18'),(675,43,75,7,'2024-11-28 07:05:18','2024-11-28 07:05:18'),(676,39,75,2,'2024-11-28 07:05:18','2024-11-28 07:05:18'),(677,35,75,2,'2024-11-28 07:05:18','2024-11-28 07:05:18'),(678,33,75,4,'2024-11-28 07:05:18','2024-11-28 07:05:18'),(679,32,75,1,'2024-11-28 07:05:18','2024-11-28 07:05:18'),(680,31,75,1,'2024-11-28 07:05:18','2024-11-28 07:05:18'),(681,28,75,8,'2024-11-28 07:05:18','2024-11-28 07:05:18'),(682,26,75,3,'2024-11-28 07:05:18','2024-11-28 07:05:18'),(683,55,76,2,'2024-11-28 07:05:18','2024-11-28 07:05:18'),(684,46,76,1,'2024-11-28 07:05:18','2024-11-28 07:05:18'),(685,40,76,3,'2024-11-28 07:05:18','2024-11-28 07:05:18'),(686,38,76,3,'2024-11-28 07:05:18','2024-11-28 07:05:18'),(687,30,76,10,'2024-11-28 07:05:18','2024-11-28 07:05:18'),(688,28,76,9,'2024-11-28 07:05:18','2024-11-28 07:05:18'),(689,56,82,4,'2024-11-28 07:05:18','2024-11-28 07:05:18'),(690,55,82,10,'2024-11-28 07:05:18','2024-11-28 07:05:18'),(691,52,82,3,'2024-11-28 07:05:18','2024-11-28 07:05:18'),(692,47,82,2,'2024-11-28 07:05:18','2024-11-28 07:05:18'),(693,46,82,2,'2024-11-28 07:05:18','2024-11-28 07:05:18'),(694,36,82,7,'2024-11-28 07:05:18','2024-11-28 07:05:18'),(695,34,82,9,'2024-11-28 07:05:18','2024-11-28 07:05:18'),(696,31,82,2,'2024-11-28 07:05:18','2024-11-28 07:05:18'),(697,26,82,4,'2024-11-28 07:05:18','2024-11-28 07:05:18'),(698,56,85,2,'2024-11-28 07:05:18','2024-11-28 07:05:18'),(699,54,85,4,'2024-11-28 07:05:18','2024-11-28 07:05:18'),(700,50,85,3,'2024-11-28 07:05:18','2024-11-28 07:05:18'),(701,46,85,5,'2024-11-28 07:05:18','2024-11-28 07:05:18'),(702,43,85,1,'2024-11-28 07:05:18','2024-11-28 07:05:18'),(703,41,85,10,'2024-11-28 07:05:18','2024-11-28 07:05:18'),(704,40,85,6,'2024-11-28 07:05:18','2024-11-28 07:05:18'),(705,53,86,9,'2024-11-28 07:05:18','2024-11-28 07:05:18'),(706,51,86,2,'2024-11-28 07:05:18','2024-11-28 07:05:18'),(707,50,86,2,'2024-11-28 07:05:18','2024-11-28 07:05:18'),(708,39,86,8,'2024-11-28 07:05:18','2024-11-28 07:05:18'),(709,38,86,4,'2024-11-28 07:05:18','2024-11-28 07:05:18'),(710,37,86,4,'2024-11-28 07:05:18','2024-11-28 07:05:18'),(711,35,86,8,'2024-11-28 07:05:18','2024-11-28 07:05:18'),(712,30,86,6,'2024-11-28 07:05:18','2024-11-28 07:05:18'),(713,26,86,2,'2024-11-28 07:05:18','2024-11-28 07:05:18'),(714,53,77,5,'2024-11-28 07:05:18','2024-11-28 07:05:18'),(715,51,77,9,'2024-11-28 07:05:18','2024-11-28 07:05:18'),(716,48,77,10,'2024-11-28 07:05:18','2024-11-28 07:05:18'),(717,46,77,8,'2024-11-28 07:05:18','2024-11-28 07:05:18'),(718,45,77,6,'2024-11-28 07:05:18','2024-11-28 07:05:18'),(719,44,77,5,'2024-11-28 07:05:18','2024-11-28 07:05:18'),(720,42,77,8,'2024-11-28 07:05:18','2024-11-28 07:05:18'),(721,35,77,6,'2024-11-28 07:05:18','2024-11-28 07:05:18'),(722,34,77,9,'2024-11-28 07:05:18','2024-11-28 07:05:18'),(723,33,77,10,'2024-11-28 07:05:18','2024-11-28 07:05:18'),(724,52,78,5,'2024-11-28 07:05:18','2024-11-28 07:05:18'),(725,51,78,1,'2024-11-28 07:05:18','2024-11-28 07:05:18'),(726,50,78,2,'2024-11-28 07:05:18','2024-11-28 07:05:18'),(727,46,78,6,'2024-11-28 07:05:18','2024-11-28 07:05:18'),(728,45,78,9,'2024-11-28 07:05:18','2024-11-28 07:05:18'),(729,42,78,2,'2024-11-28 07:05:18','2024-11-28 07:05:18'),(730,39,78,5,'2024-11-28 07:05:18','2024-11-28 07:05:18'),(731,37,78,5,'2024-11-28 07:05:18','2024-11-28 07:05:18'),(732,32,78,3,'2024-11-28 07:05:18','2024-11-28 07:05:18'),(733,27,78,4,'2024-11-28 07:05:18','2024-11-28 07:05:18'),(734,26,78,6,'2024-11-28 07:05:18','2024-11-28 07:05:18'),(735,56,79,5,'2024-11-28 07:05:18','2024-11-28 07:05:18'),(736,53,79,9,'2024-11-28 07:05:18','2024-11-28 07:05:18'),(737,51,79,4,'2024-11-28 07:05:18','2024-11-28 07:05:18'),(738,37,79,4,'2024-11-28 07:05:18','2024-11-28 07:05:18'),(739,32,79,2,'2024-11-28 07:05:18','2024-11-28 07:05:18'),(740,31,79,9,'2024-11-28 07:05:18','2024-11-28 07:05:18'),(741,30,79,1,'2024-11-28 07:05:18','2024-11-28 07:05:18'),(742,56,80,8,'2024-11-28 07:05:18','2024-11-28 07:05:18'),(743,55,80,9,'2024-11-28 07:05:18','2024-11-28 07:05:18'),(744,51,80,4,'2024-11-28 07:05:18','2024-11-28 07:05:18'),(745,48,80,9,'2024-11-28 07:05:18','2024-11-28 07:05:18'),(746,47,80,5,'2024-11-28 07:05:18','2024-11-28 07:05:18'),(747,44,80,5,'2024-11-28 07:05:18','2024-11-28 07:05:18'),(748,38,80,8,'2024-11-28 07:05:18','2024-11-28 07:05:18'),(749,30,80,3,'2024-11-28 07:05:18','2024-11-28 07:05:18'),(750,55,81,5,'2024-11-28 07:05:18','2024-11-28 07:05:18'),(751,52,81,8,'2024-11-28 07:05:18','2024-11-28 07:05:18'),(752,48,81,6,'2024-11-28 07:05:18','2024-11-28 07:05:18'),(753,43,81,8,'2024-11-28 07:05:18','2024-11-28 07:05:18'),(754,37,81,6,'2024-11-28 07:05:18','2024-11-28 07:05:18'),(755,36,81,4,'2024-11-28 07:05:18','2024-11-28 07:05:18'),(756,35,81,3,'2024-11-28 07:05:18','2024-11-28 07:05:18'),(757,34,81,5,'2024-11-28 07:05:18','2024-11-28 07:05:18'),(758,30,81,3,'2024-11-28 07:05:18','2024-11-28 07:05:18'),(759,55,83,9,'2024-11-28 07:05:18','2024-11-28 07:05:18'),(760,51,83,2,'2024-11-28 07:05:18','2024-11-28 07:05:18'),(761,49,83,4,'2024-11-28 07:05:18','2024-11-28 07:05:18'),(762,46,83,8,'2024-11-28 07:05:18','2024-11-28 07:05:18'),(763,43,83,10,'2024-11-28 07:05:18','2024-11-28 07:05:18'),(764,42,83,4,'2024-11-28 07:05:18','2024-11-28 07:05:18'),(765,40,83,8,'2024-11-28 07:05:18','2024-11-28 07:05:18'),(766,38,83,6,'2024-11-28 07:05:18','2024-11-28 07:05:18'),(767,32,83,6,'2024-11-28 07:05:18','2024-11-28 07:05:18'),(768,30,83,5,'2024-11-28 07:05:18','2024-11-28 07:05:18'),(769,28,83,1,'2024-11-28 07:05:18','2024-11-28 07:05:18'),(770,27,83,5,'2024-11-28 07:05:18','2024-11-28 07:05:18'),(771,53,84,7,'2024-11-28 07:05:18','2024-11-28 07:05:18'),(772,48,84,10,'2024-11-28 07:05:18','2024-11-28 07:05:18'),(773,46,84,6,'2024-11-28 07:05:18','2024-11-28 07:05:18'),(774,40,84,10,'2024-11-28 07:05:18','2024-11-28 07:05:18'),(775,27,84,7,'2024-11-28 07:05:18','2024-11-28 07:05:18'),(1034,26,9,1,'2024-11-28 07:10:02','2024-11-28 07:10:02'),(1035,26,15,5,'2024-11-28 07:10:02','2024-11-28 07:10:02'),(1036,26,16,2,'2024-11-28 07:10:02','2024-11-28 07:10:02'),(1037,26,18,3,'2024-11-28 07:10:02','2024-11-28 07:10:02'),(1038,26,19,1,'2024-11-28 07:10:02','2024-11-28 07:10:02'),(1039,26,7,3,'2024-11-28 07:10:02','2024-11-28 07:10:02'),(1040,26,10,2,'2024-11-28 07:10:02','2024-11-28 07:10:02'),(1041,26,11,1,'2024-11-28 07:10:02','2024-11-28 07:10:02'),(1042,26,13,5,'2024-11-28 07:10:02','2024-11-28 07:10:02'),(1043,26,14,3,'2024-11-28 07:10:02','2024-11-28 07:10:02'),(1044,26,12,4,'2024-11-28 07:10:02','2024-11-28 07:10:02'),(1045,26,8,2,'2024-11-28 07:10:02','2024-11-28 07:10:02'),(1046,26,28,1,'2024-11-28 07:10:02','2024-11-28 07:10:02'),(1047,26,31,3,'2024-11-28 07:10:02','2024-11-28 07:10:02'),(1048,26,35,3,'2024-11-28 07:10:02','2024-11-28 07:10:02'),(1049,26,39,1,'2024-11-28 07:10:02','2024-11-28 07:10:02'),(1050,26,41,4,'2024-11-28 07:10:02','2024-11-28 07:10:02'),(1051,26,42,2,'2024-11-28 07:10:02','2024-11-28 07:10:02'),(1052,26,44,1,'2024-11-28 07:10:02','2024-11-28 07:10:02'),(1053,26,47,2,'2024-11-28 07:10:02','2024-11-28 07:10:02'),(1054,26,40,1,'2024-11-28 07:10:02','2024-11-28 07:10:02'),(1055,26,46,1,'2024-11-28 07:10:02','2024-11-28 07:10:02'),(1056,26,57,4,'2024-11-28 07:10:02','2024-11-28 07:10:02'),(1057,26,52,4,'2024-11-28 07:10:02','2024-11-28 07:10:02'),(1058,26,59,5,'2024-11-28 07:10:02','2024-11-28 07:10:02'),(1059,26,60,4,'2024-11-28 07:10:02','2024-11-28 07:10:02'),(1060,26,73,3,'2024-11-28 07:10:02','2024-11-28 07:10:02'),(1061,26,77,4,'2024-11-28 07:10:02','2024-11-28 07:10:02'),(1062,27,2,5,'2024-11-28 07:10:02','2024-11-28 07:10:02'),(1063,27,5,2,'2024-11-28 07:10:02','2024-11-28 07:10:02'),(1064,27,12,4,'2024-11-28 07:10:02','2024-11-28 07:10:02'),(1065,27,4,1,'2024-11-28 07:10:02','2024-11-28 07:10:02'),(1066,27,9,5,'2024-11-28 07:10:02','2024-11-28 07:10:02'),(1067,27,16,3,'2024-11-28 07:10:02','2024-11-28 07:10:02'),(1068,27,18,2,'2024-11-28 07:10:02','2024-11-28 07:10:02'),(1069,27,6,2,'2024-11-28 07:10:02','2024-11-28 07:10:02'),(1070,27,13,2,'2024-11-28 07:10:02','2024-11-28 07:10:02'),(1071,27,28,5,'2024-11-28 07:10:02','2024-11-28 07:10:02'),(1072,27,29,3,'2024-11-28 07:10:02','2024-11-28 07:10:02'),(1073,27,10,2,'2024-11-28 07:10:02','2024-11-28 07:10:02'),(1074,27,25,1,'2024-11-28 07:10:02','2024-11-28 07:10:02'),(1075,27,31,4,'2024-11-28 07:10:02','2024-11-28 07:10:02'),(1076,27,35,3,'2024-11-28 07:10:02','2024-11-28 07:10:02'),(1077,27,43,4,'2024-11-28 07:10:02','2024-11-28 07:10:02'),(1078,27,45,1,'2024-11-28 07:10:02','2024-11-28 07:10:02'),(1079,27,51,4,'2024-11-28 07:10:02','2024-11-28 07:10:02'),(1080,27,50,2,'2024-11-28 07:10:02','2024-11-28 07:10:02'),(1081,27,41,2,'2024-11-28 07:10:02','2024-11-28 07:10:02'),(1082,27,57,4,'2024-11-28 07:10:02','2024-11-28 07:10:02'),(1083,27,53,5,'2024-11-28 07:10:02','2024-11-28 07:10:02'),(1084,27,64,4,'2024-11-28 07:10:02','2024-11-28 07:10:02'),(1085,27,72,3,'2024-11-28 07:10:02','2024-11-28 07:10:02'),(1086,27,74,1,'2024-11-28 07:10:02','2024-11-28 07:10:02'),(1087,27,75,5,'2024-11-28 07:10:02','2024-11-28 07:10:02'),(1088,27,79,2,'2024-11-28 07:10:02','2024-11-28 07:10:02'),(1089,27,80,3,'2024-11-28 07:10:02','2024-11-28 07:10:02'),(1090,27,81,5,'2024-11-28 07:10:02','2024-11-28 07:10:02'),(1091,28,1,5,'2024-11-28 07:10:02','2024-11-28 07:10:02'),(1092,28,6,2,'2024-11-28 07:10:02','2024-11-28 07:10:02'),(1093,28,7,2,'2024-11-28 07:10:02','2024-11-28 07:10:02'),(1094,28,9,2,'2024-11-28 07:10:02','2024-11-28 07:10:02'),(1095,28,18,2,'2024-11-28 07:10:02','2024-11-28 07:10:02'),(1096,28,5,3,'2024-11-28 07:10:02','2024-11-28 07:10:02'),(1097,28,10,2,'2024-11-28 07:10:02','2024-11-28 07:10:02'),(1098,28,14,2,'2024-11-28 07:10:02','2024-11-28 07:10:02'),(1099,28,4,1,'2024-11-28 07:10:02','2024-11-28 07:10:02'),(1100,28,12,5,'2024-11-28 07:10:02','2024-11-28 07:10:02'),(1101,28,13,1,'2024-11-28 07:10:02','2024-11-28 07:10:02'),(1102,28,27,2,'2024-11-28 07:10:02','2024-11-28 07:10:02'),(1103,28,29,4,'2024-11-28 07:10:02','2024-11-28 07:10:02'),(1104,28,28,4,'2024-11-28 07:10:02','2024-11-28 07:10:02'),(1105,28,33,3,'2024-11-28 07:10:02','2024-11-28 07:10:02'),(1106,28,36,5,'2024-11-28 07:10:02','2024-11-28 07:10:02'),(1107,28,40,5,'2024-11-28 07:10:02','2024-11-28 07:10:02'),(1108,28,44,2,'2024-11-28 07:10:02','2024-11-28 07:10:02'),(1109,28,49,2,'2024-11-28 07:10:02','2024-11-28 07:10:02'),(1110,28,50,5,'2024-11-28 07:10:02','2024-11-28 07:10:02'),(1111,28,51,2,'2024-11-28 07:10:02','2024-11-28 07:10:02'),(1112,28,55,1,'2024-11-28 07:10:02','2024-11-28 07:10:02'),(1113,28,59,2,'2024-11-28 07:10:02','2024-11-28 07:10:02'),(1114,28,52,1,'2024-11-28 07:10:02','2024-11-28 07:10:02'),(1115,28,60,4,'2024-11-28 07:10:02','2024-11-28 07:10:02'),(1116,28,68,1,'2024-11-28 07:10:02','2024-11-28 07:10:02'),(1117,28,71,1,'2024-11-28 07:10:02','2024-11-28 07:10:02'),(1118,28,56,4,'2024-11-28 07:10:02','2024-11-28 07:10:02'),(1119,28,67,3,'2024-11-28 07:10:02','2024-11-28 07:10:02'),(1120,28,73,5,'2024-11-28 07:10:02','2024-11-28 07:10:02'),(1121,30,4,2,'2024-11-28 07:10:02','2024-11-28 07:10:02'),(1122,30,9,2,'2024-11-28 07:10:02','2024-11-28 07:10:02'),(1123,30,11,5,'2024-11-28 07:10:02','2024-11-28 07:10:02'),(1124,30,13,3,'2024-11-28 07:10:02','2024-11-28 07:10:02'),(1125,30,3,3,'2024-11-28 07:10:02','2024-11-28 07:10:02'),(1126,30,18,4,'2024-11-28 07:10:02','2024-11-28 07:10:02'),(1127,30,1,4,'2024-11-28 07:10:02','2024-11-28 07:10:02'),(1128,30,8,3,'2024-11-28 07:10:02','2024-11-28 07:10:02'),(1129,30,14,2,'2024-11-28 07:10:02','2024-11-28 07:10:02'),(1130,30,10,1,'2024-11-28 07:10:02','2024-11-28 07:10:02'),(1131,30,12,4,'2024-11-28 07:10:02','2024-11-28 07:10:02'),(1132,30,21,5,'2024-11-28 07:10:02','2024-11-28 07:10:02'),(1133,30,29,4,'2024-11-28 07:10:02','2024-11-28 07:10:02'),(1134,30,42,3,'2024-11-28 07:10:02','2024-11-28 07:10:02'),(1135,30,45,4,'2024-11-28 07:10:02','2024-11-28 07:10:02'),(1136,30,41,3,'2024-11-28 07:10:02','2024-11-28 07:10:02'),(1137,30,48,3,'2024-11-28 07:10:02','2024-11-28 07:10:02'),(1138,30,43,5,'2024-11-28 07:10:02','2024-11-28 07:10:02'),(1139,30,55,2,'2024-11-28 07:10:02','2024-11-28 07:10:02'),(1140,30,46,3,'2024-11-28 07:10:02','2024-11-28 07:10:02'),(1141,30,53,4,'2024-11-28 07:10:02','2024-11-28 07:10:02'),(1142,30,57,2,'2024-11-28 07:10:02','2024-11-28 07:10:02'),(1143,30,69,5,'2024-11-28 07:10:02','2024-11-28 07:10:02'),(1144,30,58,5,'2024-11-28 07:10:02','2024-11-28 07:10:02'),(1145,30,60,1,'2024-11-28 07:10:02','2024-11-28 07:10:02'),(1146,30,64,1,'2024-11-28 07:10:02','2024-11-28 07:10:02'),(1147,30,65,2,'2024-11-28 07:10:02','2024-11-28 07:10:02'),(1148,30,66,5,'2024-11-28 07:10:02','2024-11-28 07:10:02'),(1149,30,74,1,'2024-11-28 07:10:02','2024-11-28 07:10:02'),(1150,30,75,1,'2024-11-28 07:10:02','2024-11-28 07:10:02'),(1151,30,78,4,'2024-11-28 07:10:02','2024-11-28 07:10:02'),(1152,31,1,3,'2024-11-28 07:10:02','2024-11-28 07:10:02'),(1153,31,2,4,'2024-11-28 07:10:02','2024-11-28 07:10:02'),(1154,31,13,3,'2024-11-28 07:10:02','2024-11-28 07:10:02'),(1155,31,18,1,'2024-11-28 07:10:02','2024-11-28 07:10:02'),(1156,31,4,4,'2024-11-28 07:10:02','2024-11-28 07:10:02'),(1157,31,19,1,'2024-11-28 07:10:02','2024-11-28 07:10:02'),(1158,31,14,4,'2024-11-28 07:10:02','2024-11-28 07:10:02'),(1159,31,20,2,'2024-11-28 07:10:02','2024-11-28 07:10:02'),(1160,31,32,4,'2024-11-28 07:10:02','2024-11-28 07:10:02'),(1161,31,43,5,'2024-11-28 07:10:02','2024-11-28 07:10:02'),(1162,31,44,5,'2024-11-28 07:10:02','2024-11-28 07:10:02'),(1163,31,50,5,'2024-11-28 07:10:02','2024-11-28 07:10:02'),(1164,31,61,5,'2024-11-28 07:10:02','2024-11-28 07:10:02'),(1165,31,54,5,'2024-11-28 07:10:02','2024-11-28 07:10:02'),(1166,31,56,1,'2024-11-28 07:10:02','2024-11-28 07:10:02'),(1167,31,57,1,'2024-11-28 07:10:02','2024-11-28 07:10:02'),(1168,31,65,4,'2024-11-28 07:10:02','2024-11-28 07:10:02'),(1169,31,66,2,'2024-11-28 07:10:02','2024-11-28 07:10:02'),(1170,31,72,1,'2024-11-28 07:10:02','2024-11-28 07:10:02'),(1171,31,77,1,'2024-11-28 07:10:02','2024-11-28 07:10:02'),(1172,31,85,2,'2024-11-28 07:10:02','2024-11-28 07:10:02'),(1173,32,8,2,'2024-11-28 07:10:02','2024-11-28 07:10:02'),(1174,32,10,3,'2024-11-28 07:10:02','2024-11-28 07:10:02'),(1175,32,2,4,'2024-11-28 07:10:02','2024-11-28 07:10:02'),(1176,32,9,1,'2024-11-28 07:10:02','2024-11-28 07:10:02'),(1177,32,16,3,'2024-11-28 07:10:02','2024-11-28 07:10:02'),(1178,32,7,1,'2024-11-28 07:10:02','2024-11-28 07:10:02'),(1179,32,13,3,'2024-11-28 07:10:02','2024-11-28 07:10:02'),(1180,32,19,5,'2024-11-28 07:10:02','2024-11-28 07:10:02'),(1181,32,1,5,'2024-11-28 07:10:02','2024-11-28 07:10:02'),(1182,32,6,3,'2024-11-28 07:10:02','2024-11-28 07:10:02'),(1183,32,18,2,'2024-11-28 07:10:02','2024-11-28 07:10:02'),(1184,32,20,3,'2024-11-28 07:10:02','2024-11-28 07:10:02'),(1185,32,17,5,'2024-11-28 07:10:02','2024-11-28 07:10:02'),(1186,32,24,3,'2024-11-28 07:10:02','2024-11-28 07:10:02'),(1187,32,25,3,'2024-11-28 07:10:02','2024-11-28 07:10:02'),(1188,32,31,1,'2024-11-28 07:10:02','2024-11-28 07:10:02'),(1189,32,33,5,'2024-11-28 07:10:02','2024-11-28 07:10:02'),(1190,32,36,2,'2024-11-28 07:10:02','2024-11-28 07:10:02'),(1191,32,40,3,'2024-11-28 07:10:02','2024-11-28 07:10:02'),(1192,32,42,5,'2024-11-28 07:10:02','2024-11-28 07:10:02'),(1193,32,43,4,'2024-11-28 07:10:02','2024-11-28 07:10:02'),(1194,32,44,4,'2024-11-28 07:10:02','2024-11-28 07:10:02'),(1195,32,51,3,'2024-11-28 07:10:02','2024-11-28 07:10:02'),(1196,32,46,3,'2024-11-28 07:10:02','2024-11-28 07:10:02'),(1197,32,62,3,'2024-11-28 07:10:02','2024-11-28 07:10:02'),(1198,32,72,5,'2024-11-28 07:10:02','2024-11-28 07:10:02'),(1199,32,73,3,'2024-11-28 07:10:02','2024-11-28 07:10:02'),(1200,32,80,2,'2024-11-28 07:10:02','2024-11-28 07:10:02'),(1201,33,8,1,'2024-11-28 07:10:02','2024-11-28 07:10:02'),(1202,33,10,4,'2024-11-28 07:10:02','2024-11-28 07:10:02'),(1203,33,14,1,'2024-11-28 07:10:02','2024-11-28 07:10:02'),(1204,33,19,3,'2024-11-28 07:10:02','2024-11-28 07:10:02'),(1205,33,15,2,'2024-11-28 07:10:02','2024-11-28 07:10:02'),(1206,33,1,5,'2024-11-28 07:10:02','2024-11-28 07:10:02'),(1207,33,4,2,'2024-11-28 07:10:02','2024-11-28 07:10:02'),(1208,33,6,1,'2024-11-28 07:10:02','2024-11-28 07:10:02'),(1209,33,12,5,'2024-11-28 07:10:02','2024-11-28 07:10:02'),(1210,33,18,2,'2024-11-28 07:10:02','2024-11-28 07:10:02'),(1211,33,11,4,'2024-11-28 07:10:02','2024-11-28 07:10:02'),(1212,33,22,2,'2024-11-28 07:10:02','2024-11-28 07:10:02'),(1213,33,32,4,'2024-11-28 07:10:02','2024-11-28 07:10:02'),(1214,33,30,4,'2024-11-28 07:10:02','2024-11-28 07:10:02'),(1215,33,40,4,'2024-11-28 07:10:02','2024-11-28 07:10:02'),(1216,33,42,4,'2024-11-28 07:10:02','2024-11-28 07:10:02'),(1217,33,53,3,'2024-11-28 07:10:02','2024-11-28 07:10:02'),(1218,33,54,4,'2024-11-28 07:10:02','2024-11-28 07:10:02'),(1219,33,55,4,'2024-11-28 07:10:02','2024-11-28 07:10:02'),(1220,33,49,5,'2024-11-28 07:10:02','2024-11-28 07:10:02'),(1221,33,50,2,'2024-11-28 07:10:02','2024-11-28 07:10:02'),(1222,33,62,1,'2024-11-28 07:10:02','2024-11-28 07:10:02'),(1223,33,66,1,'2024-11-28 07:10:02','2024-11-28 07:10:02'),(1224,33,67,1,'2024-11-28 07:10:02','2024-11-28 07:10:02'),(1225,33,73,2,'2024-11-28 07:10:02','2024-11-28 07:10:02'),(1226,33,79,2,'2024-11-28 07:10:02','2024-11-28 07:10:02'),(1227,34,2,3,'2024-11-28 07:10:02','2024-11-28 07:10:02'),(1228,34,4,2,'2024-11-28 07:10:02','2024-11-28 07:10:02'),(1229,34,9,3,'2024-11-28 07:10:02','2024-11-28 07:10:02'),(1230,34,15,3,'2024-11-28 07:10:02','2024-11-28 07:10:02'),(1231,34,12,4,'2024-11-28 07:10:02','2024-11-28 07:10:02'),(1232,34,1,4,'2024-11-28 07:10:02','2024-11-28 07:10:02'),(1233,34,14,5,'2024-11-28 07:10:02','2024-11-28 07:10:02'),(1234,34,16,2,'2024-11-28 07:10:02','2024-11-28 07:10:02'),(1235,34,3,5,'2024-11-28 07:10:02','2024-11-28 07:10:02'),(1236,34,7,5,'2024-11-28 07:10:02','2024-11-28 07:10:02'),(1237,34,31,5,'2024-11-28 07:10:02','2024-11-28 07:10:02'),(1238,34,37,3,'2024-11-28 07:10:02','2024-11-28 07:10:02'),(1239,34,41,4,'2024-11-28 07:10:02','2024-11-28 07:10:02'),(1240,34,48,2,'2024-11-28 07:10:02','2024-11-28 07:10:02'),(1241,34,49,1,'2024-11-28 07:10:02','2024-11-28 07:10:02'),(1242,34,44,2,'2024-11-28 07:10:02','2024-11-28 07:10:02'),(1243,34,52,4,'2024-11-28 07:10:02','2024-11-28 07:10:02'),(1244,34,54,2,'2024-11-28 07:10:02','2024-11-28 07:10:02'),(1245,34,56,3,'2024-11-28 07:10:02','2024-11-28 07:10:02'),(1246,34,59,3,'2024-11-28 07:10:02','2024-11-28 07:10:02'),(1247,34,66,5,'2024-11-28 07:10:02','2024-11-28 07:10:02'),(1248,34,67,2,'2024-11-28 07:10:02','2024-11-28 07:10:02'),(1249,34,68,2,'2024-11-28 07:10:02','2024-11-28 07:10:02'),(1250,34,70,1,'2024-11-28 07:10:02','2024-11-28 07:10:02'),(1251,34,71,2,'2024-11-28 07:10:02','2024-11-28 07:10:02'),(1252,34,57,2,'2024-11-28 07:10:02','2024-11-28 07:10:02'),(1253,34,80,4,'2024-11-28 07:10:02','2024-11-28 07:10:02'),(1254,34,85,1,'2024-11-28 07:10:02','2024-11-28 07:10:02'),(1255,35,16,5,'2024-11-28 07:10:02','2024-11-28 07:10:02'),(1256,35,18,4,'2024-11-28 07:10:02','2024-11-28 07:10:02'),(1257,35,2,4,'2024-11-28 07:10:02','2024-11-28 07:10:02'),(1258,35,4,4,'2024-11-28 07:10:02','2024-11-28 07:10:02'),(1259,35,1,4,'2024-11-28 07:10:02','2024-11-28 07:10:02'),(1260,35,14,3,'2024-11-28 07:10:02','2024-11-28 07:10:02'),(1261,35,8,3,'2024-11-28 07:10:02','2024-11-28 07:10:02'),(1262,35,6,1,'2024-11-28 07:10:02','2024-11-28 07:10:02'),(1263,35,12,3,'2024-11-28 07:10:02','2024-11-28 07:10:02'),(1264,35,9,4,'2024-11-28 07:10:02','2024-11-28 07:10:02'),(1265,35,25,2,'2024-11-28 07:10:02','2024-11-28 07:10:02'),(1266,35,17,2,'2024-11-28 07:10:02','2024-11-28 07:10:02'),(1267,35,29,1,'2024-11-28 07:10:02','2024-11-28 07:10:02'),(1268,35,40,5,'2024-11-28 07:10:02','2024-11-28 07:10:02'),(1269,35,48,2,'2024-11-28 07:10:02','2024-11-28 07:10:02'),(1270,35,43,5,'2024-11-28 07:10:02','2024-11-28 07:10:02'),(1271,35,46,4,'2024-11-28 07:10:02','2024-11-28 07:10:02'),(1272,35,54,5,'2024-11-28 07:10:02','2024-11-28 07:10:02'),(1273,35,57,5,'2024-11-28 07:10:02','2024-11-28 07:10:02'),(1274,35,63,2,'2024-11-28 07:10:02','2024-11-28 07:10:02'),(1275,35,52,3,'2024-11-28 07:10:02','2024-11-28 07:10:02'),(1276,35,67,2,'2024-11-28 07:10:02','2024-11-28 07:10:02'),(1277,35,70,3,'2024-11-28 07:10:02','2024-11-28 07:10:02'),(1278,35,72,5,'2024-11-28 07:10:02','2024-11-28 07:10:02'),(1279,35,80,3,'2024-11-28 07:10:02','2024-11-28 07:10:02'),(1280,35,82,1,'2024-11-28 07:10:02','2024-11-28 07:10:02'),(1281,36,10,3,'2024-11-28 07:10:02','2024-11-28 07:10:02'),(1282,36,13,2,'2024-11-28 07:10:02','2024-11-28 07:10:02'),(1283,36,14,5,'2024-11-28 07:10:02','2024-11-28 07:10:02'),(1284,36,19,2,'2024-11-28 07:10:02','2024-11-28 07:10:02'),(1285,36,2,3,'2024-11-28 07:10:02','2024-11-28 07:10:02'),(1286,36,3,1,'2024-11-28 07:10:02','2024-11-28 07:10:02'),(1287,36,4,1,'2024-11-28 07:10:02','2024-11-28 07:10:02'),(1288,36,9,2,'2024-11-28 07:10:02','2024-11-28 07:10:02'),(1289,36,12,4,'2024-11-28 07:10:02','2024-11-28 07:10:02'),(1290,36,15,4,'2024-11-28 07:10:02','2024-11-28 07:10:02'),(1291,36,5,5,'2024-11-28 07:10:02','2024-11-28 07:10:02'),(1292,36,21,2,'2024-11-28 07:10:02','2024-11-28 07:10:02'),(1293,36,27,4,'2024-11-28 07:10:02','2024-11-28 07:10:02'),(1294,36,32,3,'2024-11-28 07:10:02','2024-11-28 07:10:02'),(1295,36,34,1,'2024-11-28 07:10:02','2024-11-28 07:10:02'),(1296,36,30,2,'2024-11-28 07:10:02','2024-11-28 07:10:02'),(1297,36,31,2,'2024-11-28 07:10:02','2024-11-28 07:10:02'),(1298,36,37,5,'2024-11-28 07:10:02','2024-11-28 07:10:02'),(1299,36,53,5,'2024-11-28 07:10:02','2024-11-28 07:10:02'),(1300,36,66,1,'2024-11-28 07:10:02','2024-11-28 07:10:02'),(1301,36,68,2,'2024-11-28 07:10:02','2024-11-28 07:10:02'),(1302,36,73,2,'2024-11-28 07:10:02','2024-11-28 07:10:02'),(1303,36,78,2,'2024-11-28 07:10:02','2024-11-28 07:10:02'),(1304,36,86,3,'2024-11-28 07:10:02','2024-11-28 07:10:02'),(1305,37,3,2,'2024-11-28 07:10:02','2024-11-28 07:10:02'),(1306,37,6,5,'2024-11-28 07:10:02','2024-11-28 07:10:02'),(1307,37,7,1,'2024-11-28 07:10:02','2024-11-28 07:10:02'),(1308,37,12,2,'2024-11-28 07:10:02','2024-11-28 07:10:02'),(1309,37,16,5,'2024-11-28 07:10:02','2024-11-28 07:10:02'),(1310,37,2,1,'2024-11-28 07:10:02','2024-11-28 07:10:02'),(1311,37,8,5,'2024-11-28 07:10:02','2024-11-28 07:10:02'),(1312,37,14,4,'2024-11-28 07:10:02','2024-11-28 07:10:02'),(1313,37,18,4,'2024-11-28 07:10:02','2024-11-28 07:10:02'),(1314,37,4,4,'2024-11-28 07:10:02','2024-11-28 07:10:02'),(1315,37,26,2,'2024-11-28 07:10:02','2024-11-28 07:10:02'),(1316,37,27,3,'2024-11-28 07:10:02','2024-11-28 07:10:02'),(1317,37,29,1,'2024-11-28 07:10:02','2024-11-28 07:10:02'),(1318,37,31,3,'2024-11-28 07:10:02','2024-11-28 07:10:02'),(1319,37,41,5,'2024-11-28 07:10:02','2024-11-28 07:10:02'),(1320,37,50,3,'2024-11-28 07:10:02','2024-11-28 07:10:02'),(1321,37,40,4,'2024-11-28 07:10:02','2024-11-28 07:10:02'),(1322,37,42,4,'2024-11-28 07:10:02','2024-11-28 07:10:02'),(1323,37,44,2,'2024-11-28 07:10:02','2024-11-28 07:10:02'),(1324,37,48,5,'2024-11-28 07:10:02','2024-11-28 07:10:02'),(1325,37,57,5,'2024-11-28 07:10:02','2024-11-28 07:10:02'),(1326,37,63,2,'2024-11-28 07:10:02','2024-11-28 07:10:02'),(1327,37,46,3,'2024-11-28 07:10:02','2024-11-28 07:10:02'),(1328,37,52,5,'2024-11-28 07:10:02','2024-11-28 07:10:02'),(1329,37,55,3,'2024-11-28 07:10:02','2024-11-28 07:10:02'),(1330,37,56,4,'2024-11-28 07:10:02','2024-11-28 07:10:02'),(1331,37,77,3,'2024-11-28 07:10:02','2024-11-28 07:10:02'),(1332,37,80,4,'2024-11-28 07:10:02','2024-11-28 07:10:02'),(1333,38,2,3,'2024-11-28 07:10:02','2024-11-28 07:10:02'),(1334,38,4,1,'2024-11-28 07:10:02','2024-11-28 07:10:02'),(1335,38,10,1,'2024-11-28 07:10:02','2024-11-28 07:10:02'),(1336,38,7,1,'2024-11-28 07:10:02','2024-11-28 07:10:02'),(1337,38,12,1,'2024-11-28 07:10:02','2024-11-28 07:10:02'),(1338,38,13,2,'2024-11-28 07:10:02','2024-11-28 07:10:02'),(1339,38,6,2,'2024-11-28 07:10:02','2024-11-28 07:10:02'),(1340,38,5,3,'2024-11-28 07:10:02','2024-11-28 07:10:02'),(1341,38,9,1,'2024-11-28 07:10:02','2024-11-28 07:10:02'),(1342,38,11,4,'2024-11-28 07:10:02','2024-11-28 07:10:02'),(1343,38,27,4,'2024-11-28 07:10:02','2024-11-28 07:10:02'),(1344,38,3,5,'2024-11-28 07:10:02','2024-11-28 07:10:02'),(1345,38,18,3,'2024-11-28 07:10:02','2024-11-28 07:10:02'),(1346,38,22,1,'2024-11-28 07:10:02','2024-11-28 07:10:02'),(1347,38,26,2,'2024-11-28 07:10:02','2024-11-28 07:10:02'),(1348,38,29,1,'2024-11-28 07:10:02','2024-11-28 07:10:02'),(1349,38,35,1,'2024-11-28 07:10:02','2024-11-28 07:10:02'),(1350,38,31,3,'2024-11-28 07:10:02','2024-11-28 07:10:02'),(1351,38,33,3,'2024-11-28 07:10:02','2024-11-28 07:10:02'),(1352,38,40,4,'2024-11-28 07:10:02','2024-11-28 07:10:02'),(1353,38,43,3,'2024-11-28 07:10:02','2024-11-28 07:10:02'),(1354,38,42,3,'2024-11-28 07:10:02','2024-11-28 07:10:02'),(1355,38,45,4,'2024-11-28 07:10:02','2024-11-28 07:10:02'),(1356,38,47,2,'2024-11-28 07:10:02','2024-11-28 07:10:02'),(1357,38,68,1,'2024-11-28 07:10:02','2024-11-28 07:10:02'),(1358,38,71,2,'2024-11-28 07:10:02','2024-11-28 07:10:02'),(1359,38,72,5,'2024-11-28 07:10:02','2024-11-28 07:10:02'),(1360,38,73,1,'2024-11-28 07:10:02','2024-11-28 07:10:02'),(1361,38,78,1,'2024-11-28 07:10:02','2024-11-28 07:10:02'),(1362,39,2,3,'2024-11-28 07:10:02','2024-11-28 07:10:02'),(1363,39,6,3,'2024-11-28 07:10:02','2024-11-28 07:10:02'),(1364,39,8,5,'2024-11-28 07:10:02','2024-11-28 07:10:02'),(1365,39,9,3,'2024-11-28 07:10:02','2024-11-28 07:10:02'),(1366,39,10,1,'2024-11-28 07:10:02','2024-11-28 07:10:02'),(1367,39,12,4,'2024-11-28 07:10:02','2024-11-28 07:10:02'),(1368,39,14,2,'2024-11-28 07:10:02','2024-11-28 07:10:02'),(1369,39,3,3,'2024-11-28 07:10:02','2024-11-28 07:10:02'),(1370,39,4,5,'2024-11-28 07:10:02','2024-11-28 07:10:02'),(1371,39,18,4,'2024-11-28 07:10:02','2024-11-28 07:10:02'),(1372,39,11,4,'2024-11-28 07:10:02','2024-11-28 07:10:02'),(1373,39,22,1,'2024-11-28 07:10:02','2024-11-28 07:10:02'),(1374,39,17,2,'2024-11-28 07:10:02','2024-11-28 07:10:02'),(1375,39,24,1,'2024-11-28 07:10:02','2024-11-28 07:10:02'),(1376,39,36,5,'2024-11-28 07:10:02','2024-11-28 07:10:02'),(1377,39,40,2,'2024-11-28 07:10:02','2024-11-28 07:10:02'),(1378,39,42,3,'2024-11-28 07:10:02','2024-11-28 07:10:02'),(1379,39,54,2,'2024-11-28 07:10:02','2024-11-28 07:10:02'),(1380,39,50,1,'2024-11-28 07:10:02','2024-11-28 07:10:02'),(1381,39,45,4,'2024-11-28 07:10:02','2024-11-28 07:10:02'),(1382,39,43,5,'2024-11-28 07:10:02','2024-11-28 07:10:02'),(1383,39,44,5,'2024-11-28 07:10:02','2024-11-28 07:10:02'),(1384,39,55,1,'2024-11-28 07:10:02','2024-11-28 07:10:02'),(1385,39,56,5,'2024-11-28 07:10:02','2024-11-28 07:10:02'),(1386,39,60,4,'2024-11-28 07:10:02','2024-11-28 07:10:02'),(1387,39,65,5,'2024-11-28 07:10:02','2024-11-28 07:10:02'),(1388,39,68,1,'2024-11-28 07:10:02','2024-11-28 07:10:02'),(1389,39,71,3,'2024-11-28 07:10:02','2024-11-28 07:10:02'),(1390,39,72,3,'2024-11-28 07:10:02','2024-11-28 07:10:02'),(1391,39,74,1,'2024-11-28 07:10:02','2024-11-28 07:10:02'),(1392,39,77,5,'2024-11-28 07:10:02','2024-11-28 07:10:02'),(1393,40,4,5,'2024-11-28 07:10:02','2024-11-28 07:10:02'),(1394,40,12,3,'2024-11-28 07:10:02','2024-11-28 07:10:02'),(1395,40,3,2,'2024-11-28 07:10:02','2024-11-28 07:10:02'),(1396,40,5,4,'2024-11-28 07:10:02','2024-11-28 07:10:02'),(1397,40,11,1,'2024-11-28 07:10:02','2024-11-28 07:10:02'),(1398,40,16,3,'2024-11-28 07:10:02','2024-11-28 07:10:02'),(1399,40,19,4,'2024-11-28 07:10:02','2024-11-28 07:10:02'),(1400,40,2,3,'2024-11-28 07:10:02','2024-11-28 07:10:02'),(1401,40,14,2,'2024-11-28 07:10:02','2024-11-28 07:10:02'),(1402,40,7,3,'2024-11-28 07:10:02','2024-11-28 07:10:02'),(1403,40,22,2,'2024-11-28 07:10:02','2024-11-28 07:10:02'),(1404,40,29,1,'2024-11-28 07:10:02','2024-11-28 07:10:02'),(1405,40,33,1,'2024-11-28 07:10:02','2024-11-28 07:10:02'),(1406,40,34,4,'2024-11-28 07:10:02','2024-11-28 07:10:02'),(1407,40,31,5,'2024-11-28 07:10:02','2024-11-28 07:10:02'),(1408,40,39,3,'2024-11-28 07:10:02','2024-11-28 07:10:02'),(1409,40,43,3,'2024-11-28 07:10:02','2024-11-28 07:10:02'),(1410,40,45,3,'2024-11-28 07:10:02','2024-11-28 07:10:02'),(1411,40,50,4,'2024-11-28 07:10:02','2024-11-28 07:10:02'),(1412,40,46,2,'2024-11-28 07:10:02','2024-11-28 07:10:02'),(1413,40,55,5,'2024-11-28 07:10:02','2024-11-28 07:10:02'),(1414,40,60,3,'2024-11-28 07:10:02','2024-11-28 07:10:02'),(1415,40,65,2,'2024-11-28 07:10:02','2024-11-28 07:10:02'),(1416,40,70,5,'2024-11-28 07:10:02','2024-11-28 07:10:02'),(1417,40,73,5,'2024-11-28 07:10:02','2024-11-28 07:10:02'),(1418,40,86,2,'2024-11-28 07:10:02','2024-11-28 07:10:02'),(1419,41,7,5,'2024-11-28 07:10:02','2024-11-28 07:10:02'),(1420,41,12,1,'2024-11-28 07:10:02','2024-11-28 07:10:02'),(1421,41,16,4,'2024-11-28 07:10:02','2024-11-28 07:10:02'),(1422,41,18,1,'2024-11-28 07:10:02','2024-11-28 07:10:02'),(1423,41,19,5,'2024-11-28 07:10:02','2024-11-28 07:10:02'),(1424,41,8,3,'2024-11-28 07:10:02','2024-11-28 07:10:02'),(1425,41,9,4,'2024-11-28 07:10:02','2024-11-28 07:10:02'),(1426,41,1,1,'2024-11-28 07:10:02','2024-11-28 07:10:02'),(1427,41,3,1,'2024-11-28 07:10:02','2024-11-28 07:10:02'),(1428,41,6,3,'2024-11-28 07:10:02','2024-11-28 07:10:02'),(1429,41,11,4,'2024-11-28 07:10:02','2024-11-28 07:10:02'),(1430,41,23,5,'2024-11-28 07:10:02','2024-11-28 07:10:02'),(1431,41,17,4,'2024-11-28 07:10:02','2024-11-28 07:10:02'),(1432,41,30,5,'2024-11-28 07:10:02','2024-11-28 07:10:02'),(1433,41,31,3,'2024-11-28 07:10:02','2024-11-28 07:10:02'),(1434,41,32,4,'2024-11-28 07:10:02','2024-11-28 07:10:02'),(1435,41,33,2,'2024-11-28 07:10:02','2024-11-28 07:10:02'),(1436,41,34,5,'2024-11-28 07:10:02','2024-11-28 07:10:02'),(1437,41,40,2,'2024-11-28 07:10:02','2024-11-28 07:10:02'),(1438,41,41,5,'2024-11-28 07:10:02','2024-11-28 07:10:02'),(1439,41,48,3,'2024-11-28 07:10:02','2024-11-28 07:10:02'),(1440,41,47,5,'2024-11-28 07:10:02','2024-11-28 07:10:02'),(1441,41,42,3,'2024-11-28 07:10:02','2024-11-28 07:10:02'),(1442,41,49,1,'2024-11-28 07:10:02','2024-11-28 07:10:02'),(1443,41,46,4,'2024-11-28 07:10:02','2024-11-28 07:10:02'),(1444,41,69,1,'2024-11-28 07:10:02','2024-11-28 07:10:02'),(1445,41,55,4,'2024-11-28 07:10:02','2024-11-28 07:10:02'),(1446,41,62,1,'2024-11-28 07:10:02','2024-11-28 07:10:02'),(1447,41,71,4,'2024-11-28 07:10:02','2024-11-28 07:10:02'),(1448,41,67,3,'2024-11-28 07:10:02','2024-11-28 07:10:02'),(1449,41,70,1,'2024-11-28 07:10:02','2024-11-28 07:10:02'),(1450,42,2,2,'2024-11-28 07:10:02','2024-11-28 07:10:02'),(1451,42,5,5,'2024-11-28 07:10:02','2024-11-28 07:10:02'),(1452,42,9,5,'2024-11-28 07:10:02','2024-11-28 07:10:02'),(1453,42,16,3,'2024-11-28 07:10:02','2024-11-28 07:10:02'),(1454,42,18,3,'2024-11-28 07:10:02','2024-11-28 07:10:02'),(1455,42,19,4,'2024-11-28 07:10:02','2024-11-28 07:10:02'),(1456,42,8,1,'2024-11-28 07:10:02','2024-11-28 07:10:02'),(1457,42,10,2,'2024-11-28 07:10:02','2024-11-28 07:10:02'),(1458,42,24,5,'2024-11-28 07:10:02','2024-11-28 07:10:02'),(1459,42,28,4,'2024-11-28 07:10:02','2024-11-28 07:10:02'),(1460,42,31,2,'2024-11-28 07:10:02','2024-11-28 07:10:02'),(1461,42,34,4,'2024-11-28 07:10:02','2024-11-28 07:10:02'),(1462,42,39,3,'2024-11-28 07:10:02','2024-11-28 07:10:02'),(1463,42,40,5,'2024-11-28 07:10:02','2024-11-28 07:10:02'),(1464,42,44,2,'2024-11-28 07:10:02','2024-11-28 07:10:02'),(1465,42,48,5,'2024-11-28 07:10:02','2024-11-28 07:10:02'),(1466,42,41,2,'2024-11-28 07:10:02','2024-11-28 07:10:02'),(1467,42,43,4,'2024-11-28 07:10:02','2024-11-28 07:10:02'),(1468,42,51,3,'2024-11-28 07:10:02','2024-11-28 07:10:02'),(1469,42,52,3,'2024-11-28 07:10:02','2024-11-28 07:10:02'),(1470,42,46,4,'2024-11-28 07:10:02','2024-11-28 07:10:02'),(1471,42,57,5,'2024-11-28 07:10:02','2024-11-28 07:10:02'),(1472,42,61,1,'2024-11-28 07:10:02','2024-11-28 07:10:02'),(1473,42,69,4,'2024-11-28 07:10:02','2024-11-28 07:10:02'),(1474,42,63,3,'2024-11-28 07:10:02','2024-11-28 07:10:02'),(1475,42,66,4,'2024-11-28 07:10:02','2024-11-28 07:10:02'),(1476,42,71,3,'2024-11-28 07:10:02','2024-11-28 07:10:02'),(1477,42,79,5,'2024-11-28 07:10:02','2024-11-28 07:10:02'),(1478,42,80,3,'2024-11-28 07:10:02','2024-11-28 07:10:02'),(1479,42,81,1,'2024-11-28 07:10:02','2024-11-28 07:10:02'),(1480,43,3,3,'2024-11-28 07:10:02','2024-11-28 07:10:02'),(1481,43,11,4,'2024-11-28 07:10:02','2024-11-28 07:10:02'),(1482,43,12,4,'2024-11-28 07:10:02','2024-11-28 07:10:02'),(1483,43,9,5,'2024-11-28 07:10:02','2024-11-28 07:10:02'),(1484,43,2,3,'2024-11-28 07:10:02','2024-11-28 07:10:02'),(1485,43,8,2,'2024-11-28 07:10:02','2024-11-28 07:10:02'),(1486,43,18,1,'2024-11-28 07:10:02','2024-11-28 07:10:02'),(1487,43,5,5,'2024-11-28 07:10:02','2024-11-28 07:10:02'),(1488,43,13,4,'2024-11-28 07:10:02','2024-11-28 07:10:02'),(1489,43,4,2,'2024-11-28 07:10:02','2024-11-28 07:10:02'),(1490,43,7,1,'2024-11-28 07:10:02','2024-11-28 07:10:02'),(1491,43,10,2,'2024-11-28 07:10:02','2024-11-28 07:10:02'),(1492,43,20,2,'2024-11-28 07:10:02','2024-11-28 07:10:02'),(1493,43,31,1,'2024-11-28 07:10:02','2024-11-28 07:10:02'),(1494,43,35,1,'2024-11-28 07:10:02','2024-11-28 07:10:02'),(1495,43,40,5,'2024-11-28 07:10:02','2024-11-28 07:10:02'),(1496,43,48,2,'2024-11-28 07:10:02','2024-11-28 07:10:02'),(1497,43,50,3,'2024-11-28 07:10:02','2024-11-28 07:10:02'),(1498,43,51,1,'2024-11-28 07:10:02','2024-11-28 07:10:02'),(1499,43,44,2,'2024-11-28 07:10:02','2024-11-28 07:10:02'),(1500,43,49,1,'2024-11-28 07:10:02','2024-11-28 07:10:02'),(1501,43,43,4,'2024-11-28 07:10:02','2024-11-28 07:10:02'),(1502,43,46,2,'2024-11-28 07:10:02','2024-11-28 07:10:02'),(1503,43,52,2,'2024-11-28 07:10:02','2024-11-28 07:10:02'),(1504,43,55,2,'2024-11-28 07:10:02','2024-11-28 07:10:02'),(1505,43,54,3,'2024-11-28 07:10:02','2024-11-28 07:10:02'),(1506,43,57,5,'2024-11-28 07:10:02','2024-11-28 07:10:02'),(1507,43,65,5,'2024-11-28 07:10:02','2024-11-28 07:10:02'),(1508,43,70,5,'2024-11-28 07:10:02','2024-11-28 07:10:02'),(1509,43,72,1,'2024-11-28 07:10:02','2024-11-28 07:10:02'),(1510,43,73,2,'2024-11-28 07:10:02','2024-11-28 07:10:02'),(1511,44,7,2,'2024-11-28 07:10:02','2024-11-28 07:10:02'),(1512,44,8,2,'2024-11-28 07:10:02','2024-11-28 07:10:02'),(1513,44,10,4,'2024-11-28 07:10:02','2024-11-28 07:10:02'),(1514,44,11,1,'2024-11-28 07:10:02','2024-11-28 07:10:02'),(1515,44,12,4,'2024-11-28 07:10:02','2024-11-28 07:10:02'),(1516,44,13,2,'2024-11-28 07:10:02','2024-11-28 07:10:02'),(1517,44,14,1,'2024-11-28 07:10:02','2024-11-28 07:10:02'),(1518,44,18,5,'2024-11-28 07:10:02','2024-11-28 07:10:02'),(1519,44,19,1,'2024-11-28 07:10:02','2024-11-28 07:10:02'),(1520,44,3,5,'2024-11-28 07:10:02','2024-11-28 07:10:02'),(1521,44,26,1,'2024-11-28 07:10:02','2024-11-28 07:10:02'),(1522,44,24,1,'2024-11-28 07:10:02','2024-11-28 07:10:02'),(1523,44,25,2,'2024-11-28 07:10:02','2024-11-28 07:10:02'),(1524,44,43,3,'2024-11-28 07:10:02','2024-11-28 07:10:02'),(1525,44,44,3,'2024-11-28 07:10:02','2024-11-28 07:10:02'),(1526,44,50,3,'2024-11-28 07:10:02','2024-11-28 07:10:02'),(1527,44,47,4,'2024-11-28 07:10:02','2024-11-28 07:10:02'),(1528,44,46,4,'2024-11-28 07:10:02','2024-11-28 07:10:02'),(1529,44,69,4,'2024-11-28 07:10:02','2024-11-28 07:10:02'),(1530,44,57,3,'2024-11-28 07:10:02','2024-11-28 07:10:02'),(1531,44,52,2,'2024-11-28 07:10:02','2024-11-28 07:10:02'),(1532,44,66,5,'2024-11-28 07:10:02','2024-11-28 07:10:02'),(1533,44,71,3,'2024-11-28 07:10:02','2024-11-28 07:10:02'),(1534,44,72,3,'2024-11-28 07:10:02','2024-11-28 07:10:02'),(1535,45,8,3,'2024-11-28 07:10:02','2024-11-28 07:10:02'),(1536,45,12,4,'2024-11-28 07:10:02','2024-11-28 07:10:02'),(1537,45,13,2,'2024-11-28 07:10:02','2024-11-28 07:10:02'),(1538,45,15,1,'2024-11-28 07:10:02','2024-11-28 07:10:02'),(1539,45,19,5,'2024-11-28 07:10:02','2024-11-28 07:10:02'),(1540,45,5,3,'2024-11-28 07:10:02','2024-11-28 07:10:02'),(1541,45,2,5,'2024-11-28 07:10:02','2024-11-28 07:10:02'),(1542,45,1,2,'2024-11-28 07:10:02','2024-11-28 07:10:02'),(1543,45,3,3,'2024-11-28 07:10:02','2024-11-28 07:10:02'),(1544,45,28,3,'2024-11-28 07:10:02','2024-11-28 07:10:02'),(1545,45,25,1,'2024-11-28 07:10:02','2024-11-28 07:10:02'),(1546,45,29,4,'2024-11-28 07:10:02','2024-11-28 07:10:02'),(1547,45,32,2,'2024-11-28 07:10:02','2024-11-28 07:10:02'),(1548,45,33,3,'2024-11-28 07:10:02','2024-11-28 07:10:02'),(1549,45,31,1,'2024-11-28 07:10:02','2024-11-28 07:10:02'),(1550,45,38,4,'2024-11-28 07:10:02','2024-11-28 07:10:02'),(1551,45,44,4,'2024-11-28 07:10:02','2024-11-28 07:10:02'),(1552,45,45,1,'2024-11-28 07:10:02','2024-11-28 07:10:02'),(1553,45,50,2,'2024-11-28 07:10:02','2024-11-28 07:10:02'),(1554,45,48,3,'2024-11-28 07:10:02','2024-11-28 07:10:02'),(1555,45,51,1,'2024-11-28 07:10:02','2024-11-28 07:10:02'),(1556,45,43,5,'2024-11-28 07:10:02','2024-11-28 07:10:02'),(1557,45,55,5,'2024-11-28 07:10:02','2024-11-28 07:10:02'),(1558,45,68,5,'2024-11-28 07:10:02','2024-11-28 07:10:02'),(1559,45,52,3,'2024-11-28 07:10:02','2024-11-28 07:10:02'),(1560,45,54,3,'2024-11-28 07:10:02','2024-11-28 07:10:02'),(1561,45,56,3,'2024-11-28 07:10:02','2024-11-28 07:10:02'),(1562,45,59,5,'2024-11-28 07:10:02','2024-11-28 07:10:02'),(1563,45,67,4,'2024-11-28 07:10:02','2024-11-28 07:10:02'),(1564,45,74,1,'2024-11-28 07:10:02','2024-11-28 07:10:02'),(1565,45,80,5,'2024-11-28 07:10:02','2024-11-28 07:10:02'),(1566,46,2,2,'2024-11-28 07:10:02','2024-11-28 07:10:02'),(1567,46,8,2,'2024-11-28 07:10:02','2024-11-28 07:10:02'),(1568,46,1,5,'2024-11-28 07:10:02','2024-11-28 07:10:02'),(1569,46,7,4,'2024-11-28 07:10:02','2024-11-28 07:10:02'),(1570,46,18,2,'2024-11-28 07:10:02','2024-11-28 07:10:02'),(1571,46,19,2,'2024-11-28 07:10:02','2024-11-28 07:10:02'),(1572,46,4,2,'2024-11-28 07:10:02','2024-11-28 07:10:02'),(1573,46,13,1,'2024-11-28 07:10:02','2024-11-28 07:10:02'),(1574,46,10,3,'2024-11-28 07:10:02','2024-11-28 07:10:02'),(1575,46,22,3,'2024-11-28 07:10:02','2024-11-28 07:10:02'),(1576,46,33,2,'2024-11-28 07:10:02','2024-11-28 07:10:02'),(1577,46,35,4,'2024-11-28 07:10:02','2024-11-28 07:10:02'),(1578,46,40,5,'2024-11-28 07:10:02','2024-11-28 07:10:02'),(1579,46,47,5,'2024-11-28 07:10:02','2024-11-28 07:10:02'),(1580,46,44,2,'2024-11-28 07:10:02','2024-11-28 07:10:02'),(1581,46,48,2,'2024-11-28 07:10:02','2024-11-28 07:10:02'),(1582,46,42,3,'2024-11-28 07:10:02','2024-11-28 07:10:02'),(1583,46,46,2,'2024-11-28 07:10:02','2024-11-28 07:10:02'),(1584,46,52,2,'2024-11-28 07:10:02','2024-11-28 07:10:02'),(1585,46,59,1,'2024-11-28 07:10:02','2024-11-28 07:10:02'),(1586,46,80,5,'2024-11-28 07:10:02','2024-11-28 07:10:02'),(1587,46,79,4,'2024-11-28 07:10:02','2024-11-28 07:10:02'),(1588,46,86,2,'2024-11-28 07:10:02','2024-11-28 07:10:02'),(1589,47,6,1,'2024-11-28 07:10:02','2024-11-28 07:10:02'),(1590,47,10,5,'2024-11-28 07:10:02','2024-11-28 07:10:02'),(1591,47,15,4,'2024-11-28 07:10:02','2024-11-28 07:10:02'),(1592,47,3,1,'2024-11-28 07:10:02','2024-11-28 07:10:02'),(1593,47,18,4,'2024-11-28 07:10:02','2024-11-28 07:10:02'),(1594,47,5,1,'2024-11-28 07:10:02','2024-11-28 07:10:02'),(1595,47,9,2,'2024-11-28 07:10:02','2024-11-28 07:10:02'),(1596,47,12,3,'2024-11-28 07:10:02','2024-11-28 07:10:02'),(1597,47,4,3,'2024-11-28 07:10:02','2024-11-28 07:10:02'),(1598,47,11,4,'2024-11-28 07:10:02','2024-11-28 07:10:02'),(1599,47,8,2,'2024-11-28 07:10:02','2024-11-28 07:10:02'),(1600,47,25,3,'2024-11-28 07:10:02','2024-11-28 07:10:02'),(1601,47,28,1,'2024-11-28 07:10:02','2024-11-28 07:10:02'),(1602,47,31,3,'2024-11-28 07:10:02','2024-11-28 07:10:02'),(1603,47,35,1,'2024-11-28 07:10:02','2024-11-28 07:10:02'),(1604,47,44,1,'2024-11-28 07:10:02','2024-11-28 07:10:02'),(1605,47,47,2,'2024-11-28 07:10:02','2024-11-28 07:10:02'),(1606,47,48,1,'2024-11-28 07:10:02','2024-11-28 07:10:02'),(1607,47,50,1,'2024-11-28 07:10:02','2024-11-28 07:10:02'),(1608,47,41,1,'2024-11-28 07:10:02','2024-11-28 07:10:02'),(1609,47,43,3,'2024-11-28 07:10:02','2024-11-28 07:10:02'),(1610,47,46,4,'2024-11-28 07:10:02','2024-11-28 07:10:02'),(1611,47,55,1,'2024-11-28 07:10:02','2024-11-28 07:10:02'),(1612,47,62,2,'2024-11-28 07:10:02','2024-11-28 07:10:02'),(1613,47,68,5,'2024-11-28 07:10:02','2024-11-28 07:10:02'),(1614,47,71,2,'2024-11-28 07:10:02','2024-11-28 07:10:02'),(1615,47,67,2,'2024-11-28 07:10:02','2024-11-28 07:10:02'),(1616,47,72,2,'2024-11-28 07:10:02','2024-11-28 07:10:02'),(1617,47,74,2,'2024-11-28 07:10:02','2024-11-28 07:10:02'),(1618,47,81,2,'2024-11-28 07:10:02','2024-11-28 07:10:02'),(1619,47,86,5,'2024-11-28 07:10:02','2024-11-28 07:10:02'),(1620,48,1,1,'2024-11-28 07:10:02','2024-11-28 07:10:02'),(1621,48,2,5,'2024-11-28 07:10:02','2024-11-28 07:10:02'),(1622,48,4,1,'2024-11-28 07:10:02','2024-11-28 07:10:02'),(1623,48,14,4,'2024-11-28 07:10:02','2024-11-28 07:10:02'),(1624,48,18,2,'2024-11-28 07:10:02','2024-11-28 07:10:02'),(1625,48,10,4,'2024-11-28 07:10:02','2024-11-28 07:10:02'),(1626,48,19,3,'2024-11-28 07:10:02','2024-11-28 07:10:02'),(1627,48,6,5,'2024-11-28 07:10:02','2024-11-28 07:10:02'),(1628,48,12,1,'2024-11-28 07:10:02','2024-11-28 07:10:02'),(1629,48,20,2,'2024-11-28 07:10:02','2024-11-28 07:10:02'),(1630,48,24,1,'2024-11-28 07:10:02','2024-11-28 07:10:02'),(1631,48,34,1,'2024-11-28 07:10:02','2024-11-28 07:10:02'),(1632,48,36,4,'2024-11-28 07:10:02','2024-11-28 07:10:02'),(1633,48,35,1,'2024-11-28 07:10:02','2024-11-28 07:10:02'),(1634,48,39,1,'2024-11-28 07:10:02','2024-11-28 07:10:02'),(1635,48,47,2,'2024-11-28 07:10:02','2024-11-28 07:10:02'),(1636,48,41,4,'2024-11-28 07:10:02','2024-11-28 07:10:02'),(1637,48,45,1,'2024-11-28 07:10:02','2024-11-28 07:10:02'),(1638,48,51,5,'2024-11-28 07:10:02','2024-11-28 07:10:02'),(1639,48,44,5,'2024-11-28 07:10:02','2024-11-28 07:10:02'),(1640,48,53,1,'2024-11-28 07:10:02','2024-11-28 07:10:02'),(1641,48,46,4,'2024-11-28 07:10:02','2024-11-28 07:10:02'),(1642,48,55,3,'2024-11-28 07:10:02','2024-11-28 07:10:02'),(1643,48,56,5,'2024-11-28 07:10:02','2024-11-28 07:10:02'),(1644,48,59,2,'2024-11-28 07:10:02','2024-11-28 07:10:02'),(1645,48,69,1,'2024-11-28 07:10:02','2024-11-28 07:10:02'),(1646,48,72,5,'2024-11-28 07:10:02','2024-11-28 07:10:02'),(1647,48,78,1,'2024-11-28 07:10:02','2024-11-28 07:10:02'),(1648,48,79,1,'2024-11-28 07:10:02','2024-11-28 07:10:02'),(1649,49,5,1,'2024-11-28 07:10:02','2024-11-28 07:10:02'),(1650,49,12,4,'2024-11-28 07:10:02','2024-11-28 07:10:02'),(1651,49,14,5,'2024-11-28 07:10:02','2024-11-28 07:10:02'),(1652,49,15,2,'2024-11-28 07:10:02','2024-11-28 07:10:02'),(1653,49,16,2,'2024-11-28 07:10:02','2024-11-28 07:10:02'),(1654,49,2,2,'2024-11-28 07:10:02','2024-11-28 07:10:02'),(1655,49,3,1,'2024-11-28 07:10:02','2024-11-28 07:10:02'),(1656,49,4,2,'2024-11-28 07:10:02','2024-11-28 07:10:02'),(1657,49,21,3,'2024-11-28 07:10:02','2024-11-28 07:10:02'),(1658,49,29,1,'2024-11-28 07:10:02','2024-11-28 07:10:02'),(1659,49,24,3,'2024-11-28 07:10:02','2024-11-28 07:10:02'),(1660,49,27,1,'2024-11-28 07:10:02','2024-11-28 07:10:02'),(1661,49,34,1,'2024-11-28 07:10:02','2024-11-28 07:10:02'),(1662,49,35,5,'2024-11-28 07:10:02','2024-11-28 07:10:02'),(1663,49,38,3,'2024-11-28 07:10:02','2024-11-28 07:10:02'),(1664,49,40,4,'2024-11-28 07:10:02','2024-11-28 07:10:02'),(1665,49,43,1,'2024-11-28 07:10:02','2024-11-28 07:10:02'),(1666,49,44,3,'2024-11-28 07:10:02','2024-11-28 07:10:02'),(1667,49,47,4,'2024-11-28 07:10:02','2024-11-28 07:10:02'),(1668,49,55,2,'2024-11-28 07:10:02','2024-11-28 07:10:02'),(1669,49,52,5,'2024-11-28 07:10:02','2024-11-28 07:10:02'),(1670,49,56,3,'2024-11-28 07:10:02','2024-11-28 07:10:02'),(1671,49,63,5,'2024-11-28 07:10:02','2024-11-28 07:10:02'),(1672,49,66,5,'2024-11-28 07:10:02','2024-11-28 07:10:02'),(1673,49,67,1,'2024-11-28 07:10:02','2024-11-28 07:10:02'),(1674,49,75,3,'2024-11-28 07:10:02','2024-11-28 07:10:02'),(1675,50,1,4,'2024-11-28 07:10:02','2024-11-28 07:10:02'),(1676,50,8,2,'2024-11-28 07:10:02','2024-11-28 07:10:02'),(1677,50,12,2,'2024-11-28 07:10:02','2024-11-28 07:10:02'),(1678,50,18,4,'2024-11-28 07:10:02','2024-11-28 07:10:02'),(1679,50,14,5,'2024-11-28 07:10:02','2024-11-28 07:10:02'),(1680,50,19,1,'2024-11-28 07:10:02','2024-11-28 07:10:02'),(1681,50,4,2,'2024-11-28 07:10:02','2024-11-28 07:10:02'),(1682,50,6,5,'2024-11-28 07:10:02','2024-11-28 07:10:02'),(1683,50,10,1,'2024-11-28 07:10:02','2024-11-28 07:10:02'),(1684,50,7,3,'2024-11-28 07:10:02','2024-11-28 07:10:02'),(1685,50,24,3,'2024-11-28 07:10:02','2024-11-28 07:10:02'),(1686,50,27,1,'2024-11-28 07:10:02','2024-11-28 07:10:02'),(1687,50,28,2,'2024-11-28 07:10:02','2024-11-28 07:10:02'),(1688,50,33,2,'2024-11-28 07:10:02','2024-11-28 07:10:02'),(1689,50,34,4,'2024-11-28 07:10:02','2024-11-28 07:10:02'),(1690,50,32,3,'2024-11-28 07:10:02','2024-11-28 07:10:02'),(1691,50,41,5,'2024-11-28 07:10:02','2024-11-28 07:10:02'),(1692,50,59,1,'2024-11-28 07:10:02','2024-11-28 07:10:02'),(1693,50,63,2,'2024-11-28 07:10:02','2024-11-28 07:10:02'),(1694,50,64,2,'2024-11-28 07:10:02','2024-11-28 07:10:02'),(1695,50,65,5,'2024-11-28 07:10:02','2024-11-28 07:10:02'),(1696,50,70,1,'2024-11-28 07:10:02','2024-11-28 07:10:02'),(1697,50,46,5,'2024-11-28 07:10:02','2024-11-28 07:10:02'),(1698,50,52,5,'2024-11-28 07:10:02','2024-11-28 07:10:02'),(1699,50,54,4,'2024-11-28 07:10:02','2024-11-28 07:10:02'),(1700,50,55,2,'2024-11-28 07:10:02','2024-11-28 07:10:02'),(1701,50,67,1,'2024-11-28 07:10:02','2024-11-28 07:10:02'),(1702,50,72,3,'2024-11-28 07:10:02','2024-11-28 07:10:02'),(1703,50,81,5,'2024-11-28 07:10:02','2024-11-28 07:10:02'),(1704,51,8,5,'2024-11-28 07:10:02','2024-11-28 07:10:02'),(1705,51,12,2,'2024-11-28 07:10:02','2024-11-28 07:10:02'),(1706,51,11,3,'2024-11-28 07:10:02','2024-11-28 07:10:02'),(1707,51,15,5,'2024-11-28 07:10:02','2024-11-28 07:10:02'),(1708,51,1,3,'2024-11-28 07:10:02','2024-11-28 07:10:02'),(1709,51,13,5,'2024-11-28 07:10:02','2024-11-28 07:10:02'),(1710,51,14,5,'2024-11-28 07:10:02','2024-11-28 07:10:02'),(1711,51,10,2,'2024-11-28 07:10:02','2024-11-28 07:10:02'),(1712,51,24,3,'2024-11-28 07:10:02','2024-11-28 07:10:02'),(1713,51,25,5,'2024-11-28 07:10:02','2024-11-28 07:10:02'),(1714,51,29,5,'2024-11-28 07:10:02','2024-11-28 07:10:02'),(1715,51,7,4,'2024-11-28 07:10:02','2024-11-28 07:10:02'),(1716,51,21,5,'2024-11-28 07:10:02','2024-11-28 07:10:02'),(1717,51,30,2,'2024-11-28 07:10:02','2024-11-28 07:10:02'),(1718,51,34,5,'2024-11-28 07:10:02','2024-11-28 07:10:02'),(1719,51,43,4,'2024-11-28 07:10:02','2024-11-28 07:10:02'),(1720,51,45,3,'2024-11-28 07:10:02','2024-11-28 07:10:02'),(1721,51,47,3,'2024-11-28 07:10:02','2024-11-28 07:10:02'),(1722,51,50,4,'2024-11-28 07:10:02','2024-11-28 07:10:02'),(1723,51,40,5,'2024-11-28 07:10:02','2024-11-28 07:10:02'),(1724,51,51,3,'2024-11-28 07:10:02','2024-11-28 07:10:02'),(1725,51,42,5,'2024-11-28 07:10:02','2024-11-28 07:10:02'),(1726,51,67,2,'2024-11-28 07:10:02','2024-11-28 07:10:02'),(1727,51,70,4,'2024-11-28 07:10:02','2024-11-28 07:10:02'),(1728,51,73,5,'2024-11-28 07:10:02','2024-11-28 07:10:02'),(1729,51,75,5,'2024-11-28 07:10:02','2024-11-28 07:10:02'),(1730,51,84,2,'2024-11-28 07:10:02','2024-11-28 07:10:02'),(1731,52,12,1,'2024-11-28 07:10:02','2024-11-28 07:10:02'),(1732,52,10,5,'2024-11-28 07:10:02','2024-11-28 07:10:02'),(1733,52,7,4,'2024-11-28 07:10:02','2024-11-28 07:10:02'),(1734,52,18,3,'2024-11-28 07:10:02','2024-11-28 07:10:02'),(1735,52,8,5,'2024-11-28 07:10:02','2024-11-28 07:10:02'),(1736,52,11,4,'2024-11-28 07:10:02','2024-11-28 07:10:02'),(1737,52,15,1,'2024-11-28 07:10:02','2024-11-28 07:10:02'),(1738,52,5,3,'2024-11-28 07:10:02','2024-11-28 07:10:02'),(1739,52,6,1,'2024-11-28 07:10:02','2024-11-28 07:10:02'),(1740,52,9,5,'2024-11-28 07:10:02','2024-11-28 07:10:02'),(1741,52,25,1,'2024-11-28 07:10:02','2024-11-28 07:10:02'),(1742,52,27,4,'2024-11-28 07:10:02','2024-11-28 07:10:02'),(1743,52,22,2,'2024-11-28 07:10:02','2024-11-28 07:10:02'),(1744,52,39,1,'2024-11-28 07:10:02','2024-11-28 07:10:02'),(1745,52,40,5,'2024-11-28 07:10:02','2024-11-28 07:10:02'),(1746,52,47,2,'2024-11-28 07:10:02','2024-11-28 07:10:02'),(1747,52,57,1,'2024-11-28 07:10:02','2024-11-28 07:10:02'),(1748,52,45,3,'2024-11-28 07:10:02','2024-11-28 07:10:02'),(1749,52,44,3,'2024-11-28 07:10:02','2024-11-28 07:10:02'),(1750,52,41,4,'2024-11-28 07:10:02','2024-11-28 07:10:02'),(1751,52,48,5,'2024-11-28 07:10:02','2024-11-28 07:10:02'),(1752,52,54,4,'2024-11-28 07:10:02','2024-11-28 07:10:02'),(1753,52,72,5,'2024-11-28 07:10:02','2024-11-28 07:10:02'),(1754,52,74,2,'2024-11-28 07:10:02','2024-11-28 07:10:02'),(1755,52,85,1,'2024-11-28 07:10:02','2024-11-28 07:10:02'),(1756,53,4,3,'2024-11-28 07:10:02','2024-11-28 07:10:02'),(1757,53,7,3,'2024-11-28 07:10:02','2024-11-28 07:10:02'),(1758,53,8,5,'2024-11-28 07:10:02','2024-11-28 07:10:02'),(1759,53,10,5,'2024-11-28 07:10:02','2024-11-28 07:10:02'),(1760,53,12,1,'2024-11-28 07:10:02','2024-11-28 07:10:02'),(1761,53,16,3,'2024-11-28 07:10:02','2024-11-28 07:10:02'),(1762,53,1,5,'2024-11-28 07:10:02','2024-11-28 07:10:02'),(1763,53,11,3,'2024-11-28 07:10:02','2024-11-28 07:10:02'),(1764,53,14,2,'2024-11-28 07:10:02','2024-11-28 07:10:02'),(1765,53,15,2,'2024-11-28 07:10:02','2024-11-28 07:10:02'),(1766,53,5,5,'2024-11-28 07:10:02','2024-11-28 07:10:02'),(1767,53,22,2,'2024-11-28 07:10:02','2024-11-28 07:10:02'),(1768,53,23,1,'2024-11-28 07:10:02','2024-11-28 07:10:02'),(1769,53,35,2,'2024-11-28 07:10:02','2024-11-28 07:10:02'),(1770,53,33,3,'2024-11-28 07:10:02','2024-11-28 07:10:02'),(1771,53,36,5,'2024-11-28 07:10:02','2024-11-28 07:10:02'),(1772,53,50,3,'2024-11-28 07:10:02','2024-11-28 07:10:02'),(1773,53,51,5,'2024-11-28 07:10:02','2024-11-28 07:10:02'),(1774,53,47,3,'2024-11-28 07:10:02','2024-11-28 07:10:02'),(1775,53,46,4,'2024-11-28 07:10:02','2024-11-28 07:10:02'),(1776,53,55,3,'2024-11-28 07:10:02','2024-11-28 07:10:02'),(1777,53,57,2,'2024-11-28 07:10:02','2024-11-28 07:10:02'),(1778,53,56,3,'2024-11-28 07:10:02','2024-11-28 07:10:02'),(1779,53,66,2,'2024-11-28 07:10:02','2024-11-28 07:10:02'),(1780,53,67,3,'2024-11-28 07:10:02','2024-11-28 07:10:02'),(1781,53,78,3,'2024-11-28 07:10:02','2024-11-28 07:10:02'),(1782,53,83,5,'2024-11-28 07:10:02','2024-11-28 07:10:02'),(1783,54,11,5,'2024-11-28 07:10:02','2024-11-28 07:10:02'),(1784,54,13,1,'2024-11-28 07:10:02','2024-11-28 07:10:02'),(1785,54,2,4,'2024-11-28 07:10:02','2024-11-28 07:10:02'),(1786,54,15,1,'2024-11-28 07:10:02','2024-11-28 07:10:02'),(1787,54,5,1,'2024-11-28 07:10:02','2024-11-28 07:10:02'),(1788,54,9,2,'2024-11-28 07:10:02','2024-11-28 07:10:02'),(1789,54,18,3,'2024-11-28 07:10:02','2024-11-28 07:10:02'),(1790,54,19,1,'2024-11-28 07:10:02','2024-11-28 07:10:02'),(1791,54,4,4,'2024-11-28 07:10:02','2024-11-28 07:10:02'),(1792,54,14,5,'2024-11-28 07:10:02','2024-11-28 07:10:02'),(1793,54,26,2,'2024-11-28 07:10:02','2024-11-28 07:10:02'),(1794,54,41,1,'2024-11-28 07:10:02','2024-11-28 07:10:02'),(1795,54,49,4,'2024-11-28 07:10:02','2024-11-28 07:10:02'),(1796,54,50,1,'2024-11-28 07:10:02','2024-11-28 07:10:02'),(1797,54,44,2,'2024-11-28 07:10:02','2024-11-28 07:10:02'),(1798,54,45,2,'2024-11-28 07:10:02','2024-11-28 07:10:02'),(1799,54,51,4,'2024-11-28 07:10:02','2024-11-28 07:10:02'),(1800,54,46,2,'2024-11-28 07:10:02','2024-11-28 07:10:02'),(1801,54,52,4,'2024-11-28 07:10:02','2024-11-28 07:10:02'),(1802,54,54,5,'2024-11-28 07:10:02','2024-11-28 07:10:02'),(1803,54,56,2,'2024-11-28 07:10:02','2024-11-28 07:10:02'),(1804,54,59,3,'2024-11-28 07:10:02','2024-11-28 07:10:02'),(1805,54,61,3,'2024-11-28 07:10:02','2024-11-28 07:10:02'),(1806,54,66,5,'2024-11-28 07:10:02','2024-11-28 07:10:02'),(1807,54,68,4,'2024-11-28 07:10:02','2024-11-28 07:10:02'),(1808,54,71,2,'2024-11-28 07:10:02','2024-11-28 07:10:02'),(1809,54,72,2,'2024-11-28 07:10:02','2024-11-28 07:10:02'),(1810,54,82,4,'2024-11-28 07:10:02','2024-11-28 07:10:02'),(1811,54,86,2,'2024-11-28 07:10:02','2024-11-28 07:10:02'),(1812,55,2,1,'2024-11-28 07:10:02','2024-11-28 07:10:02'),(1813,55,4,4,'2024-11-28 07:10:02','2024-11-28 07:10:02'),(1814,55,16,3,'2024-11-28 07:10:02','2024-11-28 07:10:02'),(1815,55,6,5,'2024-11-28 07:10:02','2024-11-28 07:10:02'),(1816,55,7,4,'2024-11-28 07:10:02','2024-11-28 07:10:02'),(1817,55,11,3,'2024-11-28 07:10:02','2024-11-28 07:10:02'),(1818,55,13,1,'2024-11-28 07:10:02','2024-11-28 07:10:02'),(1819,55,9,2,'2024-11-28 07:10:02','2024-11-28 07:10:02'),(1820,55,19,4,'2024-11-28 07:10:02','2024-11-28 07:10:02'),(1821,55,8,5,'2024-11-28 07:10:02','2024-11-28 07:10:02'),(1822,55,12,4,'2024-11-28 07:10:02','2024-11-28 07:10:02'),(1823,55,14,1,'2024-11-28 07:10:02','2024-11-28 07:10:02'),(1824,55,17,3,'2024-11-28 07:10:02','2024-11-28 07:10:02'),(1825,55,25,1,'2024-11-28 07:10:02','2024-11-28 07:10:02'),(1826,55,35,4,'2024-11-28 07:10:02','2024-11-28 07:10:02'),(1827,55,36,4,'2024-11-28 07:10:02','2024-11-28 07:10:02'),(1828,55,31,1,'2024-11-28 07:10:02','2024-11-28 07:10:02'),(1829,55,40,4,'2024-11-28 07:10:02','2024-11-28 07:10:02'),(1830,55,48,3,'2024-11-28 07:10:02','2024-11-28 07:10:02'),(1831,55,50,2,'2024-11-28 07:10:02','2024-11-28 07:10:02'),(1832,55,53,5,'2024-11-28 07:10:02','2024-11-28 07:10:02'),(1833,55,69,2,'2024-11-28 07:10:02','2024-11-28 07:10:02'),(1834,55,66,4,'2024-11-28 07:10:02','2024-11-28 07:10:02'),(1835,55,72,4,'2024-11-28 07:10:02','2024-11-28 07:10:02'),(1836,55,73,5,'2024-11-28 07:10:02','2024-11-28 07:10:02'),(1837,55,74,5,'2024-11-28 07:10:02','2024-11-28 07:10:02'),(1838,55,78,4,'2024-11-28 07:10:02','2024-11-28 07:10:02'),(1839,55,79,3,'2024-11-28 07:10:02','2024-11-28 07:10:02'),(1840,56,1,2,'2024-11-28 07:10:02','2024-11-28 07:10:02'),(1841,56,5,1,'2024-11-28 07:10:02','2024-11-28 07:10:02'),(1842,56,10,4,'2024-11-28 07:10:02','2024-11-28 07:10:02'),(1843,56,16,5,'2024-11-28 07:10:02','2024-11-28 07:10:02'),(1844,56,4,1,'2024-11-28 07:10:02','2024-11-28 07:10:02'),(1845,56,14,3,'2024-11-28 07:10:02','2024-11-28 07:10:02'),(1846,56,12,5,'2024-11-28 07:10:02','2024-11-28 07:10:02'),(1847,56,9,5,'2024-11-28 07:10:02','2024-11-28 07:10:02'),(1848,56,8,3,'2024-11-28 07:10:02','2024-11-28 07:10:02'),(1849,56,20,2,'2024-11-28 07:10:02','2024-11-28 07:10:02'),(1850,56,24,5,'2024-11-28 07:10:02','2024-11-28 07:10:02'),(1851,56,26,4,'2024-11-28 07:10:02','2024-11-28 07:10:02'),(1852,56,27,4,'2024-11-28 07:10:02','2024-11-28 07:10:02'),(1853,56,33,3,'2024-11-28 07:10:02','2024-11-28 07:10:02'),(1854,56,34,5,'2024-11-28 07:10:02','2024-11-28 07:10:02'),(1855,56,30,2,'2024-11-28 07:10:02','2024-11-28 07:10:02'),(1856,56,37,2,'2024-11-28 07:10:02','2024-11-28 07:10:02'),(1857,56,42,1,'2024-11-28 07:10:02','2024-11-28 07:10:02'),(1858,56,45,3,'2024-11-28 07:10:02','2024-11-28 07:10:02'),(1859,56,47,4,'2024-11-28 07:10:02','2024-11-28 07:10:02'),(1860,56,48,3,'2024-11-28 07:10:02','2024-11-28 07:10:02'),(1861,56,50,4,'2024-11-28 07:10:02','2024-11-28 07:10:02'),(1862,56,60,1,'2024-11-28 07:10:02','2024-11-28 07:10:02'),(1863,56,63,2,'2024-11-28 07:10:02','2024-11-28 07:10:02'),(1864,56,65,5,'2024-11-28 07:10:02','2024-11-28 07:10:02'),(1865,56,66,5,'2024-11-28 07:10:02','2024-11-28 07:10:02'),(1866,56,67,2,'2024-11-28 07:10:02','2024-11-28 07:10:02'),(1867,56,77,2,'2024-11-28 07:10:02','2024-11-28 07:10:02'),(1868,56,81,3,'2024-11-28 07:10:02','2024-11-28 07:10:02'),(1869,56,86,1,'2024-11-28 07:10:02','2024-11-28 07:10:02'),(2058,42,1,9,'2024-11-28 07:27:50','2024-11-28 07:27:50'),(2059,40,1,4,'2024-11-28 07:27:50','2024-11-28 07:27:50'),(2060,39,1,3,'2024-11-28 07:27:50','2024-11-28 07:27:50'),(2061,56,2,4,'2024-11-28 07:27:50','2024-11-28 07:27:50'),(2062,44,2,8,'2024-11-28 07:27:50','2024-11-28 07:27:50'),(2063,41,2,5,'2024-11-28 07:27:50','2024-11-28 07:27:50'),(2064,28,2,5,'2024-11-28 07:27:50','2024-11-28 07:27:50'),(2065,35,3,3,'2024-11-28 07:27:50','2024-11-28 07:27:50'),(2066,33,3,10,'2024-11-28 07:27:50','2024-11-28 07:27:50'),(2067,39,5,8,'2024-11-28 07:27:50','2024-11-28 07:27:50'),(2068,44,6,10,'2024-11-28 07:27:50','2024-11-28 07:27:50'),(2069,26,6,5,'2024-11-28 07:27:50','2024-11-28 07:27:50'),(2070,48,8,1,'2024-11-28 07:27:50','2024-11-28 07:27:50'),(2071,31,8,4,'2024-11-28 07:27:50','2024-11-28 07:27:50'),(2072,44,9,10,'2024-11-28 07:27:50','2024-11-28 07:27:50'),(2073,42,11,6,'2024-11-28 07:27:50','2024-11-28 07:27:50'),(2074,56,13,8,'2024-11-28 07:27:50','2024-11-28 07:27:50'),(2075,50,15,1,'2024-11-28 07:27:50','2024-11-28 07:27:50'),(2076,44,16,9,'2024-11-28 07:27:50','2024-11-28 07:27:50'),(2077,28,19,2,'2024-11-28 07:27:50','2024-11-28 07:27:50'),(2078,51,20,6,'2024-11-28 07:27:50','2024-11-28 07:27:50'),(2079,50,20,4,'2024-11-28 07:27:50','2024-11-28 07:27:50'),(2080,47,20,7,'2024-11-28 07:27:50','2024-11-28 07:27:50'),(2081,42,20,2,'2024-11-28 07:27:50','2024-11-28 07:27:50'),(2082,40,20,4,'2024-11-28 07:27:50','2024-11-28 07:27:50'),(2083,28,20,5,'2024-11-28 07:27:50','2024-11-28 07:27:50'),(2084,27,20,10,'2024-11-28 07:27:50','2024-11-28 07:27:50'),(2085,48,21,10,'2024-11-28 07:27:50','2024-11-28 07:27:50'),(2086,47,21,2,'2024-11-28 07:27:50','2024-11-28 07:27:50'),(2087,44,21,2,'2024-11-28 07:27:50','2024-11-28 07:27:50'),(2088,48,22,5,'2024-11-28 07:27:50','2024-11-28 07:27:50'),(2089,37,22,4,'2024-11-28 07:27:50','2024-11-28 07:27:50'),(2090,35,22,2,'2024-11-28 07:27:50','2024-11-28 07:27:50'),(2091,28,22,4,'2024-11-28 07:27:50','2024-11-28 07:27:50'),(2092,56,23,9,'2024-11-28 07:27:50','2024-11-28 07:27:50'),(2093,55,23,7,'2024-11-28 07:27:50','2024-11-28 07:27:50'),(2094,45,23,8,'2024-11-28 07:27:50','2024-11-28 07:27:50'),(2095,44,23,2,'2024-11-28 07:27:50','2024-11-28 07:27:50'),(2096,39,23,1,'2024-11-28 07:27:50','2024-11-28 07:27:50'),(2097,31,23,10,'2024-11-28 07:27:50','2024-11-28 07:27:50'),(2098,27,23,8,'2024-11-28 07:27:50','2024-11-28 07:27:50'),(2099,47,17,3,'2024-11-28 07:27:50','2024-11-28 07:27:50'),(2100,40,17,9,'2024-11-28 07:27:50','2024-11-28 07:27:50'),(2101,34,17,10,'2024-11-28 07:27:50','2024-11-28 07:27:50'),(2102,43,24,7,'2024-11-28 07:27:50','2024-11-28 07:27:50'),(2103,37,24,7,'2024-11-28 07:27:50','2024-11-28 07:27:50'),(2104,36,24,4,'2024-11-28 07:27:50','2024-11-28 07:27:50'),(2105,28,24,5,'2024-11-28 07:27:50','2024-11-28 07:27:50'),(2106,48,25,8,'2024-11-28 07:27:50','2024-11-28 07:27:50'),(2107,46,25,1,'2024-11-28 07:27:50','2024-11-28 07:27:50'),(2108,41,25,6,'2024-11-28 07:27:50','2024-11-28 07:27:50'),(2109,34,25,3,'2024-11-28 07:27:50','2024-11-28 07:27:50'),(2110,30,25,2,'2024-11-28 07:27:50','2024-11-28 07:27:50'),(2111,26,25,8,'2024-11-28 07:27:50','2024-11-28 07:27:50'),(2112,55,26,7,'2024-11-28 07:27:50','2024-11-28 07:27:50'),(2113,53,26,2,'2024-11-28 07:27:50','2024-11-28 07:27:50'),(2114,39,26,8,'2024-11-28 07:27:50','2024-11-28 07:27:50'),(2115,54,27,9,'2024-11-28 07:27:50','2024-11-28 07:27:50'),(2116,46,27,9,'2024-11-28 07:27:50','2024-11-28 07:27:50'),(2117,43,27,7,'2024-11-28 07:27:50','2024-11-28 07:27:50'),(2118,41,27,7,'2024-11-28 07:27:50','2024-11-28 07:27:50'),(2119,40,27,3,'2024-11-28 07:27:50','2024-11-28 07:27:50'),(2120,32,27,6,'2024-11-28 07:27:50','2024-11-28 07:27:50'),(2121,35,28,1,'2024-11-28 07:27:50','2024-11-28 07:27:50'),(2122,33,28,8,'2024-11-28 07:27:50','2024-11-28 07:27:50'),(2123,54,29,9,'2024-11-28 07:27:50','2024-11-28 07:27:50'),(2124,53,29,8,'2024-11-28 07:27:50','2024-11-28 07:27:50'),(2125,50,29,2,'2024-11-28 07:27:50','2024-11-28 07:27:50'),(2126,47,29,7,'2024-11-28 07:27:50','2024-11-28 07:27:50'),(2127,43,29,9,'2024-11-28 07:27:50','2024-11-28 07:27:50'),(2128,33,29,6,'2024-11-28 07:27:50','2024-11-28 07:27:50'),(2129,31,29,10,'2024-11-28 07:27:50','2024-11-28 07:27:50'),(2130,46,30,10,'2024-11-28 07:27:50','2024-11-28 07:27:50'),(2131,44,30,7,'2024-11-28 07:27:50','2024-11-28 07:27:50'),(2132,37,30,5,'2024-11-28 07:27:50','2024-11-28 07:27:50'),(2133,35,30,2,'2024-11-28 07:27:50','2024-11-28 07:27:50'),(2134,27,30,9,'2024-11-28 07:27:50','2024-11-28 07:27:50'),(2135,54,31,7,'2024-11-28 07:27:50','2024-11-28 07:27:50'),(2136,30,31,3,'2024-11-28 07:27:50','2024-11-28 07:27:50'),(2137,43,32,1,'2024-11-28 07:27:50','2024-11-28 07:27:50'),(2138,37,32,1,'2024-11-28 07:27:50','2024-11-28 07:27:50'),(2139,30,32,5,'2024-11-28 07:27:50','2024-11-28 07:27:50'),(2140,27,32,8,'2024-11-28 07:27:50','2024-11-28 07:27:50'),(2141,52,33,9,'2024-11-28 07:27:50','2024-11-28 07:27:50'),(2142,39,33,5,'2024-11-28 07:27:50','2024-11-28 07:27:50'),(2143,54,34,10,'2024-11-28 07:27:50','2024-11-28 07:27:50'),(2144,47,34,4,'2024-11-28 07:27:50','2024-11-28 07:27:50'),(2145,45,34,2,'2024-11-28 07:27:50','2024-11-28 07:27:50'),(2146,39,34,9,'2024-11-28 07:27:50','2024-11-28 07:27:50'),(2147,35,34,10,'2024-11-28 07:27:50','2024-11-28 07:27:50'),(2148,52,35,3,'2024-11-28 07:27:50','2024-11-28 07:27:50'),(2149,44,35,6,'2024-11-28 07:27:50','2024-11-28 07:27:50'),(2150,41,35,8,'2024-11-28 07:27:50','2024-11-28 07:27:50'),(2151,50,36,9,'2024-11-28 07:27:50','2024-11-28 07:27:50'),(2152,47,36,6,'2024-11-28 07:27:50','2024-11-28 07:27:50'),(2153,34,36,5,'2024-11-28 07:27:50','2024-11-28 07:27:50'),(2154,33,36,8,'2024-11-28 07:27:50','2024-11-28 07:27:50'),(2155,55,37,10,'2024-11-28 07:27:50','2024-11-28 07:27:50'),(2156,53,37,1,'2024-11-28 07:27:50','2024-11-28 07:27:50'),(2157,46,37,7,'2024-11-28 07:27:50','2024-11-28 07:27:50'),(2158,37,37,8,'2024-11-28 07:27:50','2024-11-28 07:27:50'),(2159,32,37,5,'2024-11-28 07:27:50','2024-11-28 07:27:50'),(2160,31,37,2,'2024-11-28 07:27:50','2024-11-28 07:27:50'),(2161,27,37,7,'2024-11-28 07:27:50','2024-11-28 07:27:50'),(2162,51,38,3,'2024-11-28 07:27:50','2024-11-28 07:27:50'),(2163,41,38,9,'2024-11-28 07:27:50','2024-11-28 07:27:50'),(2164,38,38,6,'2024-11-28 07:27:50','2024-11-28 07:27:50'),(2165,35,38,1,'2024-11-28 07:27:50','2024-11-28 07:27:50'),(2166,33,38,7,'2024-11-28 07:27:50','2024-11-28 07:27:50'),(2167,44,39,7,'2024-11-28 07:27:50','2024-11-28 07:27:50'),(2168,43,39,5,'2024-11-28 07:27:50','2024-11-28 07:27:50'),(2169,41,39,1,'2024-11-28 07:27:50','2024-11-28 07:27:50'),(2170,35,39,4,'2024-11-28 07:27:50','2024-11-28 07:27:50'),(2171,30,39,4,'2024-11-28 07:27:50','2024-11-28 07:27:50'),(2172,28,39,3,'2024-11-28 07:27:50','2024-11-28 07:27:50'),(2173,27,39,9,'2024-11-28 07:27:50','2024-11-28 07:27:50'),(2174,55,41,10,'2024-11-28 07:27:50','2024-11-28 07:27:50'),(2175,36,41,10,'2024-11-28 07:27:50','2024-11-28 07:27:50'),(2176,53,42,9,'2024-11-28 07:27:50','2024-11-28 07:27:50'),(2177,40,42,3,'2024-11-28 07:27:50','2024-11-28 07:27:50'),(2178,48,43,4,'2024-11-28 07:27:50','2024-11-28 07:27:50'),(2179,36,43,9,'2024-11-28 07:27:50','2024-11-28 07:27:50'),(2180,53,44,10,'2024-11-28 07:27:50','2024-11-28 07:27:50'),(2181,50,44,8,'2024-11-28 07:27:50','2024-11-28 07:27:50'),(2182,40,44,4,'2024-11-28 07:27:50','2024-11-28 07:27:50'),(2183,53,45,5,'2024-11-28 07:27:50','2024-11-28 07:27:50'),(2184,55,47,4,'2024-11-28 07:27:50','2024-11-28 07:27:50'),(2185,44,48,7,'2024-11-28 07:27:50','2024-11-28 07:27:50'),(2186,40,48,5,'2024-11-28 07:27:50','2024-11-28 07:27:50'),(2187,31,48,3,'2024-11-28 07:27:50','2024-11-28 07:27:50'),(2188,27,48,5,'2024-11-28 07:27:50','2024-11-28 07:27:50'),(2189,49,49,1,'2024-11-28 07:27:50','2024-11-28 07:27:50'),(2190,47,49,4,'2024-11-28 07:27:50','2024-11-28 07:27:50'),(2191,42,49,9,'2024-11-28 07:27:50','2024-11-28 07:27:50'),(2192,35,49,1,'2024-11-28 07:27:50','2024-11-28 07:27:50'),(2193,50,50,9,'2024-11-28 07:27:50','2024-11-28 07:27:50'),(2194,35,50,4,'2024-11-28 07:27:50','2024-11-28 07:27:50'),(2195,34,50,2,'2024-11-28 07:27:50','2024-11-28 07:27:50'),(2196,26,50,2,'2024-11-28 07:27:50','2024-11-28 07:27:50'),(2197,38,51,1,'2024-11-28 07:27:50','2024-11-28 07:27:50'),(2198,35,51,8,'2024-11-28 07:27:50','2024-11-28 07:27:50'),(2199,34,51,4,'2024-11-28 07:27:50','2024-11-28 07:27:50'),(2200,31,51,7,'2024-11-28 07:27:50','2024-11-28 07:27:50'),(2201,55,46,2,'2024-11-28 07:27:50','2024-11-28 07:27:50'),(2202,27,46,10,'2024-11-28 07:27:50','2024-11-28 07:27:50'),(2203,51,52,4,'2024-11-28 07:27:50','2024-11-28 07:27:50'),(2204,38,52,5,'2024-11-28 07:27:50','2024-11-28 07:27:50'),(2205,33,52,4,'2024-11-28 07:27:50','2024-11-28 07:27:50'),(2206,32,52,4,'2024-11-28 07:27:50','2024-11-28 07:27:50'),(2207,56,53,2,'2024-11-28 07:27:50','2024-11-28 07:27:50'),(2208,49,53,10,'2024-11-28 07:27:50','2024-11-28 07:27:50'),(2209,31,53,2,'2024-11-28 07:27:50','2024-11-28 07:27:50'),(2210,38,54,3,'2024-11-28 07:27:50','2024-11-28 07:27:50'),(2211,37,54,7,'2024-11-28 07:27:50','2024-11-28 07:27:50'),(2212,34,55,10,'2024-11-28 07:27:50','2024-11-28 07:27:50'),(2213,31,55,2,'2024-11-28 07:27:50','2024-11-28 07:27:50'),(2214,51,56,4,'2024-11-28 07:27:50','2024-11-28 07:27:50'),(2215,50,56,9,'2024-11-28 07:27:50','2024-11-28 07:27:50'),(2216,46,56,1,'2024-11-28 07:27:50','2024-11-28 07:27:50'),(2217,41,56,4,'2024-11-28 07:27:50','2024-11-28 07:27:50'),(2218,40,56,10,'2024-11-28 07:27:50','2024-11-28 07:27:50'),(2219,38,56,1,'2024-11-28 07:27:50','2024-11-28 07:27:50'),(2220,35,56,6,'2024-11-28 07:27:50','2024-11-28 07:27:50'),(2221,33,56,8,'2024-11-28 07:27:50','2024-11-28 07:27:50'),(2222,47,57,6,'2024-11-28 07:27:50','2024-11-28 07:27:50'),(2223,45,57,5,'2024-11-28 07:27:50','2024-11-28 07:27:50'),(2224,36,57,7,'2024-11-28 07:27:50','2024-11-28 07:27:50'),(2225,28,57,4,'2024-11-28 07:27:50','2024-11-28 07:27:50'),(2226,41,59,10,'2024-11-28 07:27:50','2024-11-28 07:27:50'),(2227,56,69,4,'2024-11-28 07:27:50','2024-11-28 07:27:50'),(2228,52,58,9,'2024-11-28 07:27:50','2024-11-28 07:27:50'),(2229,46,58,3,'2024-11-28 07:27:50','2024-11-28 07:27:50'),(2230,39,58,3,'2024-11-28 07:27:50','2024-11-28 07:27:50'),(2231,38,58,8,'2024-11-28 07:27:50','2024-11-28 07:27:50'),(2232,36,58,4,'2024-11-28 07:27:50','2024-11-28 07:27:50'),(2233,32,58,10,'2024-11-28 07:27:50','2024-11-28 07:27:50'),(2234,52,61,3,'2024-11-28 07:27:50','2024-11-28 07:27:50'),(2235,47,61,6,'2024-11-28 07:27:50','2024-11-28 07:27:50'),(2236,46,61,6,'2024-11-28 07:27:50','2024-11-28 07:27:50'),(2237,40,61,8,'2024-11-28 07:27:50','2024-11-28 07:27:50'),(2238,39,61,9,'2024-11-28 07:27:50','2024-11-28 07:27:50'),(2239,34,61,10,'2024-11-28 07:27:50','2024-11-28 07:27:50'),(2240,33,61,5,'2024-11-28 07:27:50','2024-11-28 07:27:50'),(2241,28,61,10,'2024-11-28 07:27:50','2024-11-28 07:27:50'),(2242,54,60,6,'2024-11-28 07:27:50','2024-11-28 07:27:50'),(2243,52,60,7,'2024-11-28 07:27:50','2024-11-28 07:27:50'),(2244,48,60,8,'2024-11-28 07:27:50','2024-11-28 07:27:50'),(2245,46,60,9,'2024-11-28 07:27:50','2024-11-28 07:27:50'),(2246,45,60,2,'2024-11-28 07:27:50','2024-11-28 07:27:50'),(2247,42,60,8,'2024-11-28 07:27:50','2024-11-28 07:27:50'),(2248,41,60,1,'2024-11-28 07:27:50','2024-11-28 07:27:50'),(2249,54,62,10,'2024-11-28 07:27:50','2024-11-28 07:27:50'),(2250,53,62,10,'2024-11-28 07:27:50','2024-11-28 07:27:50'),(2251,45,62,6,'2024-11-28 07:27:50','2024-11-28 07:27:50'),(2252,40,62,4,'2024-11-28 07:27:50','2024-11-28 07:27:50'),(2253,35,62,10,'2024-11-28 07:27:50','2024-11-28 07:27:50'),(2254,28,62,1,'2024-11-28 07:27:50','2024-11-28 07:27:50'),(2255,26,62,9,'2024-11-28 07:27:50','2024-11-28 07:27:50'),(2256,51,63,7,'2024-11-28 07:27:50','2024-11-28 07:27:50'),(2257,46,63,4,'2024-11-28 07:27:50','2024-11-28 07:27:50'),(2258,44,63,8,'2024-11-28 07:27:50','2024-11-28 07:27:50'),(2259,40,63,10,'2024-11-28 07:27:50','2024-11-28 07:27:50'),(2260,39,63,4,'2024-11-28 07:27:50','2024-11-28 07:27:50'),(2261,38,63,1,'2024-11-28 07:27:50','2024-11-28 07:27:50'),(2262,34,63,5,'2024-11-28 07:27:50','2024-11-28 07:27:50'),(2263,32,63,9,'2024-11-28 07:27:50','2024-11-28 07:27:50'),(2264,49,64,9,'2024-11-28 07:27:50','2024-11-28 07:27:50'),(2265,52,65,8,'2024-11-28 07:27:50','2024-11-28 07:27:50'),(2266,49,65,8,'2024-11-28 07:27:50','2024-11-28 07:27:50'),(2267,37,65,1,'2024-11-28 07:27:50','2024-11-28 07:27:50'),(2268,27,65,7,'2024-11-28 07:27:50','2024-11-28 07:27:50'),(2269,26,65,5,'2024-11-28 07:27:50','2024-11-28 07:27:50'),(2270,48,66,6,'2024-11-28 07:27:50','2024-11-28 07:27:50'),(2271,32,66,1,'2024-11-28 07:27:50','2024-11-28 07:27:50'),(2272,46,67,9,'2024-11-28 07:27:50','2024-11-28 07:27:50'),(2273,44,67,7,'2024-11-28 07:27:50','2024-11-28 07:27:50'),(2274,37,67,8,'2024-11-28 07:27:50','2024-11-28 07:27:50'),(2275,48,68,6,'2024-11-28 07:27:50','2024-11-28 07:27:50'),(2276,44,68,3,'2024-11-28 07:27:50','2024-11-28 07:27:50'),(2277,40,68,9,'2024-11-28 07:27:50','2024-11-28 07:27:50'),(2278,37,68,9,'2024-11-28 07:27:50','2024-11-28 07:27:50'),(2279,31,68,3,'2024-11-28 07:27:50','2024-11-28 07:27:50'),(2280,39,70,9,'2024-11-28 07:27:50','2024-11-28 07:27:50'),(2281,38,70,1,'2024-11-28 07:27:50','2024-11-28 07:27:50'),(2282,27,70,4,'2024-11-28 07:27:50','2024-11-28 07:27:50'),(2283,51,71,9,'2024-11-28 07:27:50','2024-11-28 07:27:50'),(2284,43,71,9,'2024-11-28 07:27:50','2024-11-28 07:27:50'),(2285,40,71,3,'2024-11-28 07:27:50','2024-11-28 07:27:50'),(2286,31,71,5,'2024-11-28 07:27:50','2024-11-28 07:27:50'),(2287,30,71,9,'2024-11-28 07:27:50','2024-11-28 07:27:50'),(2288,26,71,1,'2024-11-28 07:27:50','2024-11-28 07:27:50'),(2289,53,72,5,'2024-11-28 07:27:50','2024-11-28 07:27:50'),(2290,41,72,10,'2024-11-28 07:27:50','2024-11-28 07:27:50'),(2291,37,72,3,'2024-11-28 07:27:50','2024-11-28 07:27:50'),(2292,54,73,10,'2024-11-28 07:27:50','2024-11-28 07:27:50'),(2293,41,73,8,'2024-11-28 07:27:50','2024-11-28 07:27:50'),(2294,31,73,7,'2024-11-28 07:27:50','2024-11-28 07:27:50'),(2295,56,74,4,'2024-11-28 07:27:50','2024-11-28 07:27:50'),(2296,40,74,5,'2024-11-28 07:27:50','2024-11-28 07:27:50'),(2297,34,74,4,'2024-11-28 07:27:50','2024-11-28 07:27:50'),(2298,53,75,1,'2024-11-28 07:27:50','2024-11-28 07:27:50'),(2299,46,75,10,'2024-11-28 07:27:50','2024-11-28 07:27:50'),(2300,45,75,10,'2024-11-28 07:27:50','2024-11-28 07:27:50'),(2301,42,75,10,'2024-11-28 07:27:50','2024-11-28 07:27:50'),(2302,40,75,10,'2024-11-28 07:27:50','2024-11-28 07:27:50'),(2303,37,75,9,'2024-11-28 07:27:50','2024-11-28 07:27:50'),(2304,34,75,10,'2024-11-28 07:27:50','2024-11-28 07:27:50'),(2305,54,76,2,'2024-11-28 07:27:50','2024-11-28 07:27:50'),(2306,52,76,1,'2024-11-28 07:27:50','2024-11-28 07:27:50'),(2307,50,76,4,'2024-11-28 07:27:50','2024-11-28 07:27:50'),(2308,47,76,2,'2024-11-28 07:27:50','2024-11-28 07:27:50'),(2309,37,76,2,'2024-11-28 07:27:50','2024-11-28 07:27:50'),(2310,36,76,10,'2024-11-28 07:27:50','2024-11-28 07:27:50'),(2311,35,76,4,'2024-11-28 07:27:50','2024-11-28 07:27:50'),(2312,27,76,7,'2024-11-28 07:27:50','2024-11-28 07:27:50'),(2313,49,82,3,'2024-11-28 07:27:50','2024-11-28 07:27:50'),(2314,45,82,5,'2024-11-28 07:27:50','2024-11-28 07:27:50'),(2315,33,82,10,'2024-11-28 07:27:50','2024-11-28 07:27:50'),(2316,51,85,3,'2024-11-28 07:27:50','2024-11-28 07:27:50'),(2317,47,85,5,'2024-11-28 07:27:50','2024-11-28 07:27:50'),(2318,35,85,7,'2024-11-28 07:27:50','2024-11-28 07:27:50'),(2319,33,85,10,'2024-11-28 07:27:50','2024-11-28 07:27:50'),(2320,30,85,6,'2024-11-28 07:27:50','2024-11-28 07:27:50'),(2321,28,85,6,'2024-11-28 07:27:50','2024-11-28 07:27:50'),(2322,26,85,5,'2024-11-28 07:27:50','2024-11-28 07:27:50'),(2323,52,86,5,'2024-11-28 07:27:50','2024-11-28 07:27:50'),(2324,45,86,10,'2024-11-28 07:27:50','2024-11-28 07:27:50'),(2325,55,77,5,'2024-11-28 07:27:50','2024-11-28 07:27:50'),(2326,50,77,7,'2024-11-28 07:27:50','2024-11-28 07:27:50'),(2327,47,77,7,'2024-11-28 07:27:50','2024-11-28 07:27:50'),(2328,41,77,2,'2024-11-28 07:27:50','2024-11-28 07:27:50'),(2329,27,77,10,'2024-11-28 07:27:50','2024-11-28 07:27:50'),(2330,43,78,9,'2024-11-28 07:27:50','2024-11-28 07:27:50'),(2331,52,79,6,'2024-11-28 07:27:50','2024-11-28 07:27:50'),(2332,50,79,9,'2024-11-28 07:27:50','2024-11-28 07:27:50'),(2333,49,79,3,'2024-11-28 07:27:50','2024-11-28 07:27:50'),(2334,39,79,3,'2024-11-28 07:27:50','2024-11-28 07:27:50'),(2335,35,79,10,'2024-11-28 07:27:50','2024-11-28 07:27:50'),(2336,34,79,5,'2024-11-28 07:27:50','2024-11-28 07:27:50'),(2337,28,79,1,'2024-11-28 07:27:50','2024-11-28 07:27:50'),(2338,53,80,10,'2024-11-28 07:27:50','2024-11-28 07:27:50'),(2339,52,80,6,'2024-11-28 07:27:50','2024-11-28 07:27:50'),(2340,49,80,3,'2024-11-28 07:27:50','2024-11-28 07:27:50'),(2341,36,80,4,'2024-11-28 07:27:50','2024-11-28 07:27:50'),(2342,49,81,7,'2024-11-28 07:27:50','2024-11-28 07:27:50'),(2343,46,81,4,'2024-11-28 07:27:50','2024-11-28 07:27:50'),(2344,44,81,7,'2024-11-28 07:27:50','2024-11-28 07:27:50'),(2345,41,81,3,'2024-11-28 07:27:50','2024-11-28 07:27:50'),(2346,39,81,3,'2024-11-28 07:27:50','2024-11-28 07:27:50'),(2347,26,81,6,'2024-11-28 07:27:50','2024-11-28 07:27:50'),(2348,56,83,6,'2024-11-28 07:27:50','2024-11-28 07:27:50'),(2349,54,83,6,'2024-11-28 07:27:50','2024-11-28 07:27:50'),(2350,52,83,7,'2024-11-28 07:27:50','2024-11-28 07:27:50'),(2351,48,83,10,'2024-11-28 07:27:50','2024-11-28 07:27:50'),(2352,47,83,10,'2024-11-28 07:27:50','2024-11-28 07:27:50'),(2353,37,83,2,'2024-11-28 07:27:50','2024-11-28 07:27:50'),(2354,36,83,7,'2024-11-28 07:27:50','2024-11-28 07:27:50'),(2355,54,84,9,'2024-11-28 07:27:50','2024-11-28 07:27:50'),(2356,52,84,4,'2024-11-28 07:27:50','2024-11-28 07:27:50'),(2357,50,84,8,'2024-11-28 07:27:50','2024-11-28 07:27:50'),(2358,47,84,5,'2024-11-28 07:27:50','2024-11-28 07:27:50'),(2359,36,84,9,'2024-11-28 07:27:50','2024-11-28 07:27:50'),(2360,34,84,8,'2024-11-28 07:27:50','2024-11-28 07:27:50'),(2361,31,84,4,'2024-11-28 07:27:50','2024-11-28 07:27:50'),(2362,26,84,5,'2024-11-28 07:27:50','2024-11-28 07:27:50'),(2569,33,2,4,'2024-11-28 07:30:57','2024-11-28 07:30:57'),(2570,44,4,6,'2024-11-28 07:30:57','2024-11-28 07:30:57'),(2571,53,6,10,'2024-11-28 07:30:57','2024-11-28 07:30:57'),(2572,49,8,9,'2024-11-28 07:30:57','2024-11-28 07:30:57'),(2573,48,11,5,'2024-11-28 07:30:57','2024-11-28 07:30:57'),(2574,53,13,1,'2024-11-28 07:30:57','2024-11-28 07:30:57'),(2575,42,13,9,'2024-11-28 07:30:57','2024-11-28 07:30:57'),(2576,52,14,10,'2024-11-28 07:30:57','2024-11-28 07:30:57'),(2577,55,18,5,'2024-11-28 07:30:57','2024-11-28 07:30:57'),(2578,55,20,1,'2024-11-28 07:30:57','2024-11-28 07:30:57'),(2579,45,20,9,'2024-11-28 07:30:57','2024-11-28 07:30:57'),(2580,41,20,1,'2024-11-28 07:30:57','2024-11-28 07:30:57'),(2581,26,20,9,'2024-11-28 07:30:57','2024-11-28 07:30:57'),(2582,52,21,6,'2024-11-28 07:30:57','2024-11-28 07:30:57'),(2583,45,21,1,'2024-11-28 07:30:57','2024-11-28 07:30:57'),(2584,54,22,10,'2024-11-28 07:30:57','2024-11-28 07:30:57'),(2585,49,22,6,'2024-11-28 07:30:57','2024-11-28 07:30:57'),(2586,44,22,6,'2024-11-28 07:30:57','2024-11-28 07:30:57'),(2587,31,22,4,'2024-11-28 07:30:57','2024-11-28 07:30:57'),(2588,52,23,6,'2024-11-28 07:30:57','2024-11-28 07:30:57'),(2589,46,23,1,'2024-11-28 07:30:57','2024-11-28 07:30:57'),(2590,42,23,10,'2024-11-28 07:30:57','2024-11-28 07:30:57'),(2591,28,23,8,'2024-11-28 07:30:57','2024-11-28 07:30:57'),(2592,53,17,8,'2024-11-28 07:30:57','2024-11-28 07:30:57'),(2593,48,17,1,'2024-11-28 07:30:57','2024-11-28 07:30:57'),(2594,44,17,4,'2024-11-28 07:30:57','2024-11-28 07:30:57'),(2595,42,17,2,'2024-11-28 07:30:57','2024-11-28 07:30:57'),(2596,31,17,4,'2024-11-28 07:30:57','2024-11-28 07:30:57'),(2597,49,25,9,'2024-11-28 07:30:57','2024-11-28 07:30:57'),(2598,36,25,9,'2024-11-28 07:30:57','2024-11-28 07:30:57'),(2599,33,25,10,'2024-11-28 07:30:57','2024-11-28 07:30:57'),(2600,45,26,6,'2024-11-28 07:30:57','2024-11-28 07:30:57'),(2601,40,26,8,'2024-11-28 07:30:57','2024-11-28 07:30:57'),(2602,31,26,5,'2024-11-28 07:30:57','2024-11-28 07:30:57'),(2603,28,26,1,'2024-11-28 07:30:57','2024-11-28 07:30:57'),(2604,34,27,1,'2024-11-28 07:30:57','2024-11-28 07:30:57'),(2605,26,27,9,'2024-11-28 07:30:57','2024-11-28 07:30:57'),(2606,55,28,4,'2024-11-28 07:30:57','2024-11-28 07:30:57'),(2607,52,28,10,'2024-11-28 07:30:57','2024-11-28 07:30:57'),(2608,43,28,4,'2024-11-28 07:30:57','2024-11-28 07:30:57'),(2609,39,28,4,'2024-11-28 07:30:57','2024-11-28 07:30:57'),(2610,55,29,6,'2024-11-28 07:30:57','2024-11-28 07:30:57'),(2611,46,29,4,'2024-11-28 07:30:57','2024-11-28 07:30:57'),(2612,36,29,2,'2024-11-28 07:30:57','2024-11-28 07:30:57'),(2613,34,29,2,'2024-11-28 07:30:57','2024-11-28 07:30:57'),(2614,52,30,9,'2024-11-28 07:30:57','2024-11-28 07:30:57'),(2615,47,30,3,'2024-11-28 07:30:57','2024-11-28 07:30:57'),(2616,26,30,2,'2024-11-28 07:30:57','2024-11-28 07:30:57'),(2617,52,31,5,'2024-11-28 07:30:57','2024-11-28 07:30:57'),(2618,49,31,8,'2024-11-28 07:30:57','2024-11-28 07:30:57'),(2619,47,32,9,'2024-11-28 07:30:57','2024-11-28 07:30:57'),(2620,35,32,6,'2024-11-28 07:30:57','2024-11-28 07:30:57'),(2621,54,33,7,'2024-11-28 07:30:57','2024-11-28 07:30:57'),(2622,43,33,5,'2024-11-28 07:30:57','2024-11-28 07:30:57'),(2623,27,33,3,'2024-11-28 07:30:57','2024-11-28 07:30:57'),(2624,44,34,5,'2024-11-28 07:30:57','2024-11-28 07:30:57'),(2625,43,34,8,'2024-11-28 07:30:57','2024-11-28 07:30:57'),(2626,37,34,8,'2024-11-28 07:30:57','2024-11-28 07:30:57'),(2627,27,34,10,'2024-11-28 07:30:57','2024-11-28 07:30:57'),(2628,26,34,5,'2024-11-28 07:30:57','2024-11-28 07:30:57'),(2629,51,35,4,'2024-11-28 07:30:57','2024-11-28 07:30:57'),(2630,34,35,5,'2024-11-28 07:30:57','2024-11-28 07:30:57'),(2631,41,37,6,'2024-11-28 07:30:57','2024-11-28 07:30:57'),(2632,39,37,4,'2024-11-28 07:30:57','2024-11-28 07:30:57'),(2633,38,37,1,'2024-11-28 07:30:57','2024-11-28 07:30:57'),(2634,35,37,7,'2024-11-28 07:30:57','2024-11-28 07:30:57'),(2635,55,38,2,'2024-11-28 07:30:57','2024-11-28 07:30:57'),(2636,44,38,3,'2024-11-28 07:30:57','2024-11-28 07:30:57'),(2637,40,38,5,'2024-11-28 07:30:57','2024-11-28 07:30:57'),(2638,55,39,3,'2024-11-28 07:30:57','2024-11-28 07:30:57'),(2639,50,39,3,'2024-11-28 07:30:57','2024-11-28 07:30:57'),(2640,53,41,2,'2024-11-28 07:30:57','2024-11-28 07:30:57'),(2641,44,41,3,'2024-11-28 07:30:57','2024-11-28 07:30:57'),(2642,40,41,7,'2024-11-28 07:30:57','2024-11-28 07:30:57'),(2643,35,41,10,'2024-11-28 07:30:57','2024-11-28 07:30:57'),(2644,33,41,4,'2024-11-28 07:30:57','2024-11-28 07:30:57'),(2645,49,42,4,'2024-11-28 07:30:57','2024-11-28 07:30:57'),(2646,36,42,5,'2024-11-28 07:30:57','2024-11-28 07:30:57'),(2647,49,45,5,'2024-11-28 07:30:57','2024-11-28 07:30:57'),(2648,36,45,6,'2024-11-28 07:30:57','2024-11-28 07:30:57'),(2649,34,45,1,'2024-11-28 07:30:57','2024-11-28 07:30:57'),(2650,32,45,8,'2024-11-28 07:30:57','2024-11-28 07:30:57'),(2651,26,45,8,'2024-11-28 07:30:57','2024-11-28 07:30:57'),(2652,36,47,4,'2024-11-28 07:30:57','2024-11-28 07:30:57'),(2653,33,47,10,'2024-11-28 07:30:57','2024-11-28 07:30:57'),(2654,50,48,8,'2024-11-28 07:30:57','2024-11-28 07:30:57'),(2655,39,48,2,'2024-11-28 07:30:57','2024-11-28 07:30:57'),(2656,36,48,2,'2024-11-28 07:30:57','2024-11-28 07:30:57'),(2657,55,49,5,'2024-11-28 07:30:57','2024-11-28 07:30:57'),(2658,53,49,10,'2024-11-28 07:30:57','2024-11-28 07:30:57'),(2659,38,49,10,'2024-11-28 07:30:57','2024-11-28 07:30:57'),(2660,31,49,4,'2024-11-28 07:30:57','2024-11-28 07:30:57'),(2661,30,49,10,'2024-11-28 07:30:57','2024-11-28 07:30:57'),(2662,36,50,1,'2024-11-28 07:30:57','2024-11-28 07:30:57'),(2663,47,51,10,'2024-11-28 07:30:57','2024-11-28 07:30:57'),(2664,44,51,6,'2024-11-28 07:30:57','2024-11-28 07:30:57'),(2665,49,46,9,'2024-11-28 07:30:57','2024-11-28 07:30:57'),(2666,45,46,7,'2024-11-28 07:30:57','2024-11-28 07:30:57'),(2667,38,46,9,'2024-11-28 07:30:57','2024-11-28 07:30:57'),(2668,52,52,1,'2024-11-28 07:30:57','2024-11-28 07:30:57'),(2669,40,52,6,'2024-11-28 07:30:57','2024-11-28 07:30:57'),(2670,31,52,1,'2024-11-28 07:30:57','2024-11-28 07:30:57'),(2671,51,53,7,'2024-11-28 07:30:57','2024-11-28 07:30:57'),(2672,47,53,8,'2024-11-28 07:30:57','2024-11-28 07:30:57'),(2673,28,54,8,'2024-11-28 07:30:57','2024-11-28 07:30:57'),(2674,55,55,2,'2024-11-28 07:30:57','2024-11-28 07:30:57'),(2675,47,56,10,'2024-11-28 07:30:57','2024-11-28 07:30:57'),(2676,56,57,9,'2024-11-28 07:30:57','2024-11-28 07:30:57'),(2677,51,57,1,'2024-11-28 07:30:57','2024-11-28 07:30:57'),(2678,49,57,1,'2024-11-28 07:30:57','2024-11-28 07:30:57'),(2679,38,57,1,'2024-11-28 07:30:57','2024-11-28 07:30:57'),(2680,47,59,2,'2024-11-28 07:30:57','2024-11-28 07:30:57'),(2681,40,59,9,'2024-11-28 07:30:57','2024-11-28 07:30:57'),(2682,32,59,3,'2024-11-28 07:30:57','2024-11-28 07:30:57'),(2683,45,58,4,'2024-11-28 07:30:57','2024-11-28 07:30:57'),(2684,33,58,5,'2024-11-28 07:30:57','2024-11-28 07:30:57'),(2685,48,61,2,'2024-11-28 07:30:57','2024-11-28 07:30:57'),(2686,27,61,7,'2024-11-28 07:30:57','2024-11-28 07:30:57'),(2687,51,60,9,'2024-11-28 07:30:57','2024-11-28 07:30:57'),(2688,32,60,2,'2024-11-28 07:30:57','2024-11-28 07:30:57'),(2689,31,60,9,'2024-11-28 07:30:57','2024-11-28 07:30:57'),(2690,46,62,1,'2024-11-28 07:30:57','2024-11-28 07:30:57'),(2691,52,63,2,'2024-11-28 07:30:57','2024-11-28 07:30:57'),(2692,36,63,3,'2024-11-28 07:30:57','2024-11-28 07:30:57'),(2693,31,64,2,'2024-11-28 07:30:57','2024-11-28 07:30:57'),(2694,54,65,3,'2024-11-28 07:30:57','2024-11-28 07:30:57'),(2695,51,65,8,'2024-11-28 07:30:57','2024-11-28 07:30:57'),(2696,48,65,4,'2024-11-28 07:30:57','2024-11-28 07:30:57'),(2697,37,66,5,'2024-11-28 07:30:57','2024-11-28 07:30:57'),(2698,35,66,6,'2024-11-28 07:30:57','2024-11-28 07:30:57'),(2699,42,68,3,'2024-11-28 07:30:57','2024-11-28 07:30:57'),(2700,35,68,3,'2024-11-28 07:30:57','2024-11-28 07:30:57'),(2701,27,68,6,'2024-11-28 07:30:57','2024-11-28 07:30:57'),(2702,30,70,5,'2024-11-28 07:30:57','2024-11-28 07:30:57'),(2703,33,71,1,'2024-11-28 07:30:57','2024-11-28 07:30:57'),(2704,46,72,10,'2024-11-28 07:30:57','2024-11-28 07:30:57'),(2705,42,72,3,'2024-11-28 07:30:57','2024-11-28 07:30:57'),(2706,36,72,2,'2024-11-28 07:30:57','2024-11-28 07:30:57'),(2707,35,73,1,'2024-11-28 07:30:57','2024-11-28 07:30:57'),(2708,53,74,9,'2024-11-28 07:30:57','2024-11-28 07:30:57'),(2709,41,74,6,'2024-11-28 07:30:57','2024-11-28 07:30:57'),(2710,38,75,3,'2024-11-28 07:30:57','2024-11-28 07:30:57'),(2711,56,76,7,'2024-11-28 07:30:57','2024-11-28 07:30:57'),(2712,49,76,8,'2024-11-28 07:30:57','2024-11-28 07:30:57'),(2713,43,76,1,'2024-11-28 07:30:57','2024-11-28 07:30:57'),(2714,31,76,4,'2024-11-28 07:30:57','2024-11-28 07:30:57'),(2715,51,82,6,'2024-11-28 07:30:57','2024-11-28 07:30:57'),(2716,50,82,10,'2024-11-28 07:30:57','2024-11-28 07:30:57'),(2717,48,82,2,'2024-11-28 07:30:57','2024-11-28 07:30:57'),(2718,44,82,2,'2024-11-28 07:30:57','2024-11-28 07:30:57'),(2719,43,82,1,'2024-11-28 07:30:57','2024-11-28 07:30:57'),(2720,42,82,4,'2024-11-28 07:30:57','2024-11-28 07:30:57'),(2721,38,82,10,'2024-11-28 07:30:57','2024-11-28 07:30:57'),(2722,37,82,5,'2024-11-28 07:30:57','2024-11-28 07:30:57'),(2723,39,85,3,'2024-11-28 07:30:57','2024-11-28 07:30:57'),(2724,42,86,3,'2024-11-28 07:30:57','2024-11-28 07:30:57'),(2725,34,86,9,'2024-11-28 07:30:57','2024-11-28 07:30:57'),(2726,52,77,6,'2024-11-28 07:30:57','2024-11-28 07:30:57'),(2727,40,77,2,'2024-11-28 07:30:57','2024-11-28 07:30:57'),(2728,36,77,3,'2024-11-28 07:30:57','2024-11-28 07:30:57'),(2729,28,77,5,'2024-11-28 07:30:57','2024-11-28 07:30:57'),(2730,54,78,10,'2024-11-28 07:30:57','2024-11-28 07:30:57'),(2731,49,78,10,'2024-11-28 07:30:57','2024-11-28 07:30:57'),(2732,41,78,1,'2024-11-28 07:30:57','2024-11-28 07:30:57'),(2733,35,78,6,'2024-11-28 07:30:57','2024-11-28 07:30:57'),(2734,34,78,7,'2024-11-28 07:30:57','2024-11-28 07:30:57'),(2735,54,79,3,'2024-11-28 07:30:57','2024-11-28 07:30:57'),(2736,26,79,9,'2024-11-28 07:30:57','2024-11-28 07:30:57'),(2737,40,80,5,'2024-11-28 07:30:57','2024-11-28 07:30:57'),(2738,31,80,4,'2024-11-28 07:30:57','2024-11-28 07:30:57'),(2739,28,80,6,'2024-11-28 07:30:57','2024-11-28 07:30:57'),(2740,26,80,5,'2024-11-28 07:30:57','2024-11-28 07:30:57'),(2741,54,81,5,'2024-11-28 07:30:57','2024-11-28 07:30:57'),(2742,51,81,5,'2024-11-28 07:30:57','2024-11-28 07:30:57'),(2743,31,81,5,'2024-11-28 07:30:57','2024-11-28 07:30:57'),(2744,44,83,6,'2024-11-28 07:30:57','2024-11-28 07:30:57'),(2745,39,83,5,'2024-11-28 07:30:57','2024-11-28 07:30:57'),(2746,35,83,3,'2024-11-28 07:30:57','2024-11-28 07:30:57'),(2747,31,83,4,'2024-11-28 07:30:57','2024-11-28 07:30:57'),(2748,55,84,9,'2024-11-28 07:30:57','2024-11-28 07:30:57'),(2749,39,84,6,'2024-11-28 07:30:57','2024-11-28 07:30:57'),(2750,37,84,9,'2024-11-28 07:30:57','2024-11-28 07:30:57'),(2751,32,84,8,'2024-11-28 07:30:57','2024-11-28 07:30:57'),(2752,28,84,10,'2024-11-28 07:30:57','2024-11-28 07:30:57');
/*!40000 ALTER TABLE `user_product_views` ENABLE KEYS */;
UNLOCK TABLES;

--
-- Table structure for table `users`
--

DROP TABLE IF EXISTS `users`;
/*!40101 SET @saved_cs_client     = @@character_set_client */;
/*!50503 SET character_set_client = utf8mb4 */;
CREATE TABLE `users` (
  `id` int NOT NULL AUTO_INCREMENT,
  `fullname` varchar(100) NOT NULL,
  `phonenumber` varchar(10) DEFAULT NULL,
  `password` varchar(255) NOT NULL DEFAULT '',
  `auth_type` enum('local','google') DEFAULT 'local',
  `email` varchar(255) NOT NULL,
  `created_at` timestamp NULL DEFAULT CURRENT_TIMESTAMP,
  `updated_at` timestamp NULL DEFAULT CURRENT_TIMESTAMP ON UPDATE CURRENT_TIMESTAMP,
  `role_id` int DEFAULT NULL,
  `google_id` varchar(255) DEFAULT NULL,
  `avatar_url` varchar(255) DEFAULT NULL,
  PRIMARY KEY (`id`),
  UNIQUE KEY `email` (`email`),
  UNIQUE KEY `phonenumber` (`phonenumber`),
  UNIQUE KEY `google_id` (`google_id`),
  KEY `fk_user_role` (`role_id`),
  CONSTRAINT `fk_user_role` FOREIGN KEY (`role_id`) REFERENCES `roles` (`id`)
) ENGINE=InnoDB AUTO_INCREMENT=61 DEFAULT CHARSET=utf8mb4 COLLATE=utf8mb4_0900_ai_ci;
/*!40101 SET character_set_client = @saved_cs_client */;

--
-- Dumping data for table `users`
--

LOCK TABLES `users` WRITE;
/*!40000 ALTER TABLE `users` DISABLE KEYS */;
INSERT INTO `users` VALUES (26,'Nguyễn Văn Thuần','0706871283','$2b$10$waGLyo2MYn55aZc.CEMELeoa4ZviNIgc7CBQtibx6ZEfT4qeZF3jK','local','admin@gmail.com','2024-11-19 08:24:07','2024-11-19 08:24:07',3,NULL,NULL),(27,'thoay cursor',NULL,'','google','thoaycursor@gmail.com','2024-11-19 08:29:05','2024-11-19 08:29:05',4,'114925604809643145843','https://lh3.googleusercontent.com/a/ACg8ocLwQ5kRuuY0g31dFKwsc_WxpzoDUP0bHE11yTw9VIM1XVBTcQ=s96-c'),(28,'Nguyễn Văn Thuần',NULL,'','google','nguyenvthuanctu@gmail.com','2024-11-19 16:46:54','2024-11-19 16:46:54',4,'116593818533009970641','https://lh3.googleusercontent.com/a/ACg8ocIj9Ca5TSkuXvHwO1NysD-3gEs2Wg8SlXjXIOUAJc9Fbniveb8=s96-c'),(30,'Nguyen Van Thuan B2112012',NULL,'','google','thuanb2112012@student.ctu.edu.vn','2024-11-21 03:24:03','2024-11-21 03:24:03',4,'104923487241193265252','https://lh3.googleusercontent.com/a/ACg8ocJiXbmLZYSICQebOmwIq6NtZuF5aAHW7n4sKfJLygjpJcf9Dfwg=s96-c'),(31,'Nguyen Van Thuan',NULL,'','google','thuanhero1@gmail.com','2024-11-23 11:19:28','2024-11-23 11:19:28',4,'110547764810326707344','https://lh3.googleusercontent.com/a/ACg8ocLSmILeQFlm5au5Zf4WIeU4zIZIiDXAuRkMSJ0X42gjjBJ6V2aF1g=s96-c'),(32,'Thuan Nguyen Van',NULL,'','google','devyeuem@gmail.com','2024-11-24 13:30:19','2024-11-24 13:30:19',4,'108760556045094162725','https://lh3.googleusercontent.com/a/ACg8ocLu1L0D7ahCOwwYK83vj6QPrvdIF_RodvcO4a1BoMtw0zqhWQ=s96-c'),(33,'Thuan Nguyen Van',NULL,'','google','vthuan.dev@gmail.com','2024-11-25 01:51:04','2024-11-25 01:51:04',4,'118154974506148225584','https://lh3.googleusercontent.com/a/ACg8ocKOXEnxfVSFZqMfi5R4UP60XwzSz9M0m9N7R0rAiFCOv19aglE=s96-c'),(34,'1 cursor',NULL,'','google','testcursor12@gmail.com','2024-11-27 09:40:50','2024-11-27 09:40:50',4,'116300591285235706718','https://lh3.googleusercontent.com/a/ACg8ocJgHKp1zOrM84nIAPtbAeAmVHX0pBq9yyIsAMursuAkfXU4Uw=s96-c'),(35,'Chituong Nguyen',NULL,'','google','nguyenchituong261@gmail.com','2024-11-27 10:27:47','2024-11-27 10:27:47',4,'105789572490643606807','https://lh3.googleusercontent.com/a/ACg8ocIPR9j9LDXL1TmBx9KCreEliKK608ysU8CLzwt8HkQFS6imtg=s96-c'),(36,'Tường Nguyễn',NULL,'','google','tuongnguvc6@gmail.com','2024-11-27 11:11:51','2024-11-27 11:11:51',4,'108582433241909766905','https://lh3.googleusercontent.com/a/ACg8ocKMMnerKHzXVwfQ322Gh3rVT8nB5RIsxivulSG6tkXACOz8Cg=s96-c'),(37,'Thất Cương Trần','0343012851','d2BDPihot1hMwwH','local','TuTrinh_Trinh@yahoo.com','2024-03-30 05:36:15','2024-11-27 13:00:09',4,NULL,NULL),(38,'Kim Thủy Lê','0700956260','8nZxbLZDqacOtuC','local','HoaiPhong84@gmail.com','2024-08-17 08:14:50','2024-11-27 13:00:09',4,NULL,NULL),(39,'Nhật Hạ Lâm','0976125770','GOsRC6IxVRjVsj2','local','ThuHuyen16@gmail.com','2024-11-18 15:01:14','2024-11-27 13:00:09',4,NULL,NULL),(40,'Khánh Hoàng Tăng','0372127491','JtRxuoZCkkyzfSG','local','ThyTruc40@yahoo.com','2024-02-07 19:12:48','2024-11-27 13:00:09',4,NULL,NULL),(41,'Bích Như Trịnh','0782843259','RYaowCk9jmuU0YI','local','VuMinh_Ly@gmail.com','2024-05-16 18:53:36','2024-11-27 13:00:09',4,NULL,NULL),(42,'Mai Vy Đào','0764920217','OBPpfhw4k3WXVba','local','HoangLinh_7kinh76@gmail.com','2024-08-16 03:19:38','2024-11-27 13:00:09',4,NULL,NULL),(43,'Gia Bình Phạm','0338428958','owv_7iIUAFcx9xi','local','BachHoa_Lam4@hotmail.com','2024-03-31 12:05:34','2024-11-27 13:00:09',4,NULL,NULL),(44,'Tùng Lâm Ngô','0991705209','mf5XHE5gdKoafh8','local','ThuyDiem.To4@yahoo.com','2024-06-24 20:16:58','2024-11-27 13:00:09',4,NULL,NULL),(45,'Trường Giang Vũ','0794460488','47_lAxKhpo9TMuq','local','HaiLy35@gmail.com','2024-09-15 16:13:58','2024-11-27 13:00:09',4,NULL,NULL),(46,'Thiện Tiên Đào','0320877649','lGOIhbpGnLmKEdS','local','PhuongDiem.7ko@hotmail.com','2023-12-31 16:54:34','2024-11-27 13:00:09',4,NULL,NULL),(47,'Quốc Hùng Ngô','0391143182','QPuVzr0QktiKaWi','local','ThucVan61@hotmail.com','2024-03-10 08:44:03','2024-11-27 13:00:09',4,NULL,NULL),(48,'Hiền Thục Hồ','0963791689','p6NsnJXWRuDYNxy','local','7kinhDieu4@hotmail.com','2024-08-07 20:42:46','2024-11-27 13:00:09',4,NULL,NULL),(49,'Tuấn Khoan Lý','0799614921','1eSMkXlQsEdrrl6','local','HongDiem82@gmail.com','2024-01-26 17:58:21','2024-11-27 13:00:09',4,NULL,NULL),(50,'Triều Thành Trần','0325432304','E6eA8WAYkdNrauk','local','Hong7kao_Tran81@hotmail.com','2024-03-07 11:22:07','2024-11-27 13:00:09',4,NULL,NULL),(51,'Đình Thắng Hoàng','0335376042','XzpajUuSHbN_AvH','local','XuanNhien_Tang54@hotmail.com','2024-05-30 23:34:17','2024-11-27 13:00:09',4,NULL,NULL),(52,'Mỹ Duyên Hà','0945637182','x6D1VwM1dVD6VMW','local','BachYen10@yahoo.com','2024-09-21 22:17:53','2024-11-27 13:00:09',4,NULL,NULL),(53,'Kim Thảo Vương','0377776651','2jxjBxNisMyrAJR','local','TamKhanh_Tran28@gmail.com','2024-02-07 10:52:23','2024-11-27 13:00:09',4,NULL,NULL),(54,'Minh Loan Nguyễn','0380631951','0Jy3xIq8ihWcbVI','local','TruongNhan.Nguyen@gmail.com','2024-06-30 17:37:42','2024-11-27 13:00:09',4,NULL,NULL),(55,'Cát Linh Dương','0383328552','hIQUsfSK4mE_7ik','local','TungQuang_Tran40@hotmail.com','2024-04-29 11:10:51','2024-11-27 13:00:09',4,NULL,NULL),(56,'Tất Bình Đoàn','0965001555','OC5LRwRqT9X1DlD','local','VietThi82@hotmail.com','2024-10-02 00:04:49','2024-11-27 13:00:09',4,NULL,NULL),(57,'Quach Thị Hồng Dung','0904521222','$2b$10$mJc4Yu5sO6YyXVw9uavsAuhA6eiMkI/VSqVhkCR4Ag4gKR.ltms66','local','dungnguyen@gmail.com','2024-11-28 08:26:07','2024-11-28 08:26:07',4,NULL,NULL),(58,'Nguyễn Văn Trang','0706871271','$2b$10$x4oRgRYpc96qCBS8v.6vK.I27SVkKgBwBU/EqKjd.a9Y3Tm3c5m4.','local','abc@gmail.com','2024-11-28 12:34:01','2024-11-28 12:34:01',4,NULL,NULL),(59,'Nguồn Gốc Truy Xuất',NULL,'','google','truyxuat.blockchain@gmail.com','2024-11-29 23:10:32','2024-11-29 23:10:32',4,'106683857744937210315','https://lh3.googleusercontent.com/a/ACg8ocJcQuttHyfSkH9gWBofvAkrrlKgjS5zGEbHQWBhdDlvbJx5A20=s96-c'),(60,'Nguyễn Văn An ','0904521298','$2b$10$j4xHRQzcKgn5NBcGkyXi1.nHVKGiwbN8FpLJ6zX31zkQiOgJsj5iO','local','an@gmail.com','2024-11-30 07:09:00','2024-11-30 07:09:00',4,NULL,NULL);
/*!40000 ALTER TABLE `users` ENABLE KEYS */;
UNLOCK TABLES;
/*!40103 SET TIME_ZONE=@OLD_TIME_ZONE */;

/*!40101 SET SQL_MODE=@OLD_SQL_MODE */;
/*!40014 SET FOREIGN_KEY_CHECKS=@OLD_FOREIGN_KEY_CHECKS */;
/*!40014 SET UNIQUE_CHECKS=@OLD_UNIQUE_CHECKS */;
/*!40101 SET CHARACTER_SET_CLIENT=@OLD_CHARACTER_SET_CLIENT */;
/*!40101 SET CHARACTER_SET_RESULTS=@OLD_CHARACTER_SET_RESULTS */;
/*!40101 SET COLLATION_CONNECTION=@OLD_COLLATION_CONNECTION */;
/*!40111 SET SQL_NOTES=@OLD_SQL_NOTES */;

-- Dump completed on 2025-01-06  8:48:49
